date,jobcountry,AI_share_postings
2019-01-01,AU,2.31409256370255
2019-01-01,CA,1.79959744330404
2019-01-01,DE,1.99917776183925
2019-01-01,FR,2.58012856157833
2019-01-01,GB,2.23039370035622
2019-01-01,IE,4.20661752480186
2019-01-01,IT,2.20028900946097
2019-01-01,NL,1.6922442396597
2019-01-01,US,1.71521638431397
2019-01-02,AU,2.31460852637004
2019-01-02,CA,1.80640725856146
2019-01-02,DE,1.99787390369051
2019-01-02,FR,2.58027825654855
2019-01-02,GB,2.23495481210247
2019-01-02,IE,4.20830848432963
2019-01-02,IT,2.20249161397925
2019-01-02,NL,1.69563365848309
2019-01-02,US,1.71620233973217
2019-01-03,AU,2.30615486074326
2019-01-03,CA,1.80440495342473
2019-01-03,DE,2.00085525803278
2019-01-03,FR,2.57755279485425
2019-01-03,GB,2.22713883838395
2019-01-03,IE,4.17624870450364
2019-01-03,IT,2.19714837835143
2019-01-03,NL,1.6956890919846
2019-01-03,US,1.70876640405628
2019-01-04,AU,2.30497654112908
2019-01-04,CA,1.80217457721666
2019-01-04,DE,2.0037548486819
2019-01-04,FR,2.57808382063626
2019-01-04,GB,2.21467419191763
2019-01-04,IE,4.1616296689794
2019-01-04,IT,2.20788544166842
2019-01-04,NL,1.69320492220665
2019-01-04,US,1.71129072557021
2019-01-05,AU,2.29819883568479
2019-01-05,CA,1.79625613039245
2019-01-05,DE,2.00228082649936
2019-01-05,FR,2.57454922714369
2019-01-05,GB,2.19748245051948
2019-01-05,IE,4.14506072546957
2019-01-05,IT,2.21370726104147
2019-01-05,NL,1.69067143293778
2019-01-05,US,1.7109638328616
2019-01-06,AU,2.29870694784958
2019-01-06,CA,1.79678037219577
2019-01-06,DE,2.00075417441389
2019-01-06,FR,2.57046542682897
2019-01-06,GB,2.19257542024645
2019-01-06,IE,4.14483708064854
2019-01-06,IT,2.21675747322627
2019-01-06,NL,1.69235324124281
2019-01-06,US,1.71327735137738
2019-01-07,AU,2.30270771289191
2019-01-07,CA,1.79899632394145
2019-01-07,DE,2.00013081316439
2019-01-07,FR,2.56808563138642
2019-01-07,GB,2.19147378572539
2019-01-07,IE,4.153130472105
2019-01-07,IT,2.22308473479592
2019-01-07,NL,1.69490338684911
2019-01-07,US,1.71535334086832
2019-01-08,AU,2.29540865395577
2019-01-08,CA,1.80119086170296
2019-01-08,DE,2.00215381139862
2019-01-08,FR,2.5585194962532
2019-01-08,GB,2.18480298177181
2019-01-08,IE,4.15364126843074
2019-01-08,IT,2.23125283947388
2019-01-08,NL,1.69914745430587
2019-01-08,US,1.72284014392594
2019-01-09,AU,2.28133775663864
2019-01-09,CA,1.79898227808418
2019-01-09,DE,2.00312394780578
2019-01-09,FR,2.545785928729
2019-01-09,GB,2.167304387889
2019-01-09,IE,4.14094655282147
2019-01-09,IT,2.2315716804702
2019-01-09,NL,1.71296415643358
2019-01-09,US,1.72360229036232
2019-01-10,AU,2.26753845114747
2019-01-10,CA,1.79944502414831
2019-01-10,DE,2.00093969100336
2019-01-10,FR,2.53206161130683
2019-01-10,GB,2.15146753537575
2019-01-10,IE,4.13571976134084
2019-01-10,IT,2.23408692827832
2019-01-10,NL,1.7274306057264
2019-01-10,US,1.72699295375528
2019-01-11,AU,2.25282239852592
2019-01-11,CA,1.79988916991847
2019-01-11,DE,1.99741907603719
2019-01-11,FR,2.5155416603772
2019-01-11,GB,2.13249759181921
2019-01-11,IE,4.1122115637869
2019-01-11,IT,2.2235420496384
2019-01-11,NL,1.74130374414954
2019-01-11,US,1.72368537654703
2019-01-12,AU,2.24240070262849
2019-01-12,CA,1.80069642226619
2019-01-12,DE,1.99673721795446
2019-01-12,FR,2.4991756718833
2019-01-12,GB,2.11298112957683
2019-01-12,IE,4.0784711554635
2019-01-12,IT,2.20700396052416
2019-01-12,NL,1.75616214382012
2019-01-12,US,1.72064126478698
2019-01-13,AU,2.23054630078561
2019-01-13,CA,1.79988667367288
2019-01-13,DE,1.99543908924153
2019-01-13,FR,2.48858538968592
2019-01-13,GB,2.09409824999767
2019-01-13,IE,4.04203881742562
2019-01-13,IT,2.18858513041048
2019-01-13,NL,1.76771139982037
2019-01-13,US,1.71835610236257
2019-01-14,AU,2.21445935081562
2019-01-14,CA,1.79764398266473
2019-01-14,DE,1.9953461890613
2019-01-14,FR,2.47839938822407
2019-01-14,GB,2.07652413864068
2019-01-14,IE,3.99646756711702
2019-01-14,IT,2.16936161120328
2019-01-14,NL,1.77914188092155
2019-01-14,US,1.71645621935105
2019-01-15,AU,2.20486670385235
2019-01-15,CA,1.79496290743493
2019-01-15,DE,1.99183320683168
2019-01-15,FR,2.45712378623352
2019-01-15,GB,2.05784493947691
2019-01-15,IE,3.94166048015283
2019-01-15,IT,2.15459769380405
2019-01-15,NL,1.78744272677777
2019-01-15,US,1.70183634927207
2019-01-16,AU,2.19566697816547
2019-01-16,CA,1.79249053429435
2019-01-16,DE,1.98741356902141
2019-01-16,FR,2.43726597023381
2019-01-16,GB,2.05209932715386
2019-01-16,IE,3.91960569470991
2019-01-16,IT,2.1454032418375
2019-01-16,NL,1.78423806810513
2019-01-16,US,1.69378187232954
2019-01-17,AU,2.19062156022415
2019-01-17,CA,1.78800474188785
2019-01-17,DE,1.98489895403123
2019-01-17,FR,2.41621851774242
2019-01-17,GB,2.04510772289467
2019-01-17,IE,3.89124711197707
2019-01-17,IT,2.13262828002573
2019-01-17,NL,1.78176367411637
2019-01-17,US,1.6874490551716
2019-01-18,AU,2.17755476708851
2019-01-18,CA,1.78085807192071
2019-01-18,DE,1.98417604114205
2019-01-18,FR,2.3996709597429
2019-01-18,GB,2.04375310275536
2019-01-18,IE,3.88245341963546
2019-01-18,IT,2.1298134254555
2019-01-18,NL,1.78199674066153
2019-01-18,US,1.68392006137867
2019-01-19,AU,2.16408857874054
2019-01-19,CA,1.7738558820922
2019-01-19,DE,1.98183294410171
2019-01-19,FR,2.38224932150415
2019-01-19,GB,2.04630976888686
2019-01-19,IE,3.89046510400946
2019-01-19,IT,2.13199408150607
2019-01-19,NL,1.78748281544474
2019-01-19,US,1.68354617793188
2019-01-20,AU,2.1488166424917
2019-01-20,CA,1.77024198091851
2019-01-20,DE,1.98005147419297
2019-01-20,FR,2.36194624378951
2019-01-20,GB,2.04676480238149
2019-01-20,IE,3.90146869197585
2019-01-20,IT,2.13646219638003
2019-01-20,NL,1.79465413547191
2019-01-20,US,1.68598412663392
2019-01-21,AU,2.13653946813336
2019-01-21,CA,1.76674490092474
2019-01-21,DE,1.97630242230728
2019-01-21,FR,2.34093581361878
2019-01-21,GB,2.04714762691236
2019-01-21,IE,3.91622944013554
2019-01-21,IT,2.13810604994269
2019-01-21,NL,1.80176952731306
2019-01-21,US,1.68764187299898
2019-01-22,AU,2.12067162950112
2019-01-22,CA,1.76162496651908
2019-01-22,DE,1.97544737985043
2019-01-22,FR,2.33594510766893
2019-01-22,GB,2.049282147087
2019-01-22,IE,3.93062542116823
2019-01-22,IT,2.1307192897082
2019-01-22,NL,1.80851168930417
2019-01-22,US,1.69605877554612
2019-01-23,AU,2.10718678064306
2019-01-23,CA,1.75950622749597
2019-01-23,DE,1.97720002205186
2019-01-23,FR,2.32939579957777
2019-01-23,GB,2.0462721155354
2019-01-23,IE,3.91624332751082
2019-01-23,IT,2.12640470970846
2019-01-23,NL,1.81570623626703
2019-01-23,US,1.70439968394178
2019-01-24,AU,2.08867827245278
2019-01-24,CA,1.75540975133627
2019-01-24,DE,1.97736931204558
2019-01-24,FR,2.32605461710635
2019-01-24,GB,2.04773467782092
2019-01-24,IE,3.91682985203254
2019-01-24,IT,2.12242571972775
2019-01-24,NL,1.8224678424433
2019-01-24,US,1.71059921521054
2019-01-25,AU,2.07593397291853
2019-01-25,CA,1.7600780935328
2019-01-25,DE,1.97740119225578
2019-01-25,FR,2.31834108885048
2019-01-25,GB,2.04920417990766
2019-01-25,IE,3.90505136255156
2019-01-25,IT,2.11292388206109
2019-01-25,NL,1.82930417982043
2019-01-25,US,1.71786431703351
2019-01-26,AU,2.06689604874331
2019-01-26,CA,1.75325529614698
2019-01-26,DE,1.97877967266527
2019-01-26,FR,2.31150623829625
2019-01-26,GB,2.04753017266579
2019-01-26,IE,3.88720550963163
2019-01-26,IT,2.10584314574636
2019-01-26,NL,1.82686596013757
2019-01-26,US,1.72070636087123
2019-01-27,AU,2.05787719115357
2019-01-27,CA,1.74508485740331
2019-01-27,DE,1.98101966255296
2019-01-27,FR,2.30538671312469
2019-01-27,GB,2.04462894275719
2019-01-27,IE,3.86248490157632
2019-01-27,IT,2.09796486429027
2019-01-27,NL,1.82534467458629
2019-01-27,US,1.72109176359246
2019-01-28,AU,2.05030256050065
2019-01-28,CA,1.7372526736538
2019-01-28,DE,1.98663848063204
2019-01-28,FR,2.29928896999552
2019-01-28,GB,2.04121369632323
2019-01-28,IE,3.8487760642343
2019-01-28,IT,2.09557839142167
2019-01-28,NL,1.82703254370707
2019-01-28,US,1.72046700815836
2019-01-29,AU,2.05234786083828
2019-01-29,CA,1.73109731687683
2019-01-29,DE,1.99257604673782
2019-01-29,FR,2.28914419726307
2019-01-29,GB,2.04650142744551
2019-01-29,IE,3.86058486689819
2019-01-29,IT,2.11543802527571
2019-01-29,NL,1.83182123765964
2019-01-29,US,1.72248550438577
2019-01-30,AU,2.0555328572635
2019-01-30,CA,1.72455336985204
2019-01-30,DE,1.99514176481469
2019-01-30,FR,2.28046648865626
2019-01-30,GB,2.05052559060062
2019-01-30,IE,3.8624355409648
2019-01-30,IT,2.12464170739804
2019-01-30,NL,1.83545862399318
2019-01-30,US,1.72726736812981
2019-01-31,AU,2.06449234309476
2019-01-31,CA,1.72131807290274
2019-01-31,DE,1.99860801232824
2019-01-31,FR,2.2712887500442
2019-01-31,GB,2.0568079952963
2019-01-31,IE,3.85399689552723
2019-01-31,IT,2.13778225520075
2019-01-31,NL,1.8369936677064
2019-01-31,US,1.73408039747436
2019-02-01,AU,2.07244213573538
2019-02-01,CA,1.71050196733375
2019-02-01,DE,2.0001119998835
2019-02-01,FR,2.26542318855659
2019-02-01,GB,2.06693955920866
2019-02-01,IE,3.85103128756942
2019-02-01,IT,2.14356258165653
2019-02-01,NL,1.82355370443491
2019-02-01,US,1.73992768682374
2019-02-02,AU,2.07754773691751
2019-02-02,CA,1.71036743472712
2019-02-02,DE,2.00187590163713
2019-02-02,FR,2.25935129719583
2019-02-02,GB,2.07907775630031
2019-02-02,IE,3.85059623939199
2019-02-02,IT,2.14776621518997
2019-02-02,NL,1.82844935684226
2019-02-02,US,1.74612644331064
2019-02-03,AU,2.08191426747006
2019-02-03,CA,1.71051255029725
2019-02-03,DE,2.00254349568831
2019-02-03,FR,2.2549111978513
2019-02-03,GB,2.09260583777388
2019-02-03,IE,3.85336707630489
2019-02-03,IT,2.15444810178532
2019-02-03,NL,1.83176803044632
2019-02-03,US,1.75332287130628
2019-02-04,AU,2.07887662242751
2019-02-04,CA,1.71103244415971
2019-02-04,DE,1.99664703025809
2019-02-04,FR,2.25081931072028
2019-02-04,GB,2.10778854871234
2019-02-04,IE,3.84943696143314
2019-02-04,IT,2.15698050861841
2019-02-04,NL,1.83400075283316
2019-02-04,US,1.76240021913132
2019-02-05,AU,2.07429937042028
2019-02-05,CA,1.71127050811483
2019-02-05,DE,1.98993164253469
2019-02-05,FR,2.25240800104124
2019-02-05,GB,2.11563896899202
2019-02-05,IE,3.83801853582597
2019-02-05,IT,2.14578857634742
2019-02-05,NL,1.83143746066322
2019-02-05,US,1.76880552971464
2019-02-06,AU,2.07083943887335
2019-02-06,CA,1.70898123526634
2019-02-06,DE,1.99208488770163
2019-02-06,FR,2.25555533540366
2019-02-06,GB,2.12161182696795
2019-02-06,IE,3.84468767481238
2019-02-06,IT,2.13262210012591
2019-02-06,NL,1.83050945622863
2019-02-06,US,1.77267731025791
2019-02-07,AU,2.06430227450196
2019-02-07,CA,1.70601322640348
2019-02-07,DE,1.99012271813082
2019-02-07,FR,2.25861602850744
2019-02-07,GB,2.12358467466696
2019-02-07,IE,3.8558443327269
2019-02-07,IT,2.1215064036216
2019-02-07,NL,1.8305964784034
2019-02-07,US,1.77539050205635
2019-02-08,AU,2.0645947760716
2019-02-08,CA,1.70482717178948
2019-02-08,DE,1.99097048535081
2019-02-08,FR,2.26169698675267
2019-02-08,GB,2.12658163214738
2019-02-08,IE,3.87709299898631
2019-02-08,IT,2.11693092950636
2019-02-08,NL,1.84541134184377
2019-02-08,US,1.77866970302851
2019-02-09,AU,2.06669262133033
2019-02-09,CA,1.70275492695189
2019-02-09,DE,1.99148662036247
2019-02-09,FR,2.26811882071937
2019-02-09,GB,2.12692834847896
2019-02-09,IE,3.89467936223004
2019-02-09,IT,2.10888137487493
2019-02-09,NL,1.84572509919399
2019-02-09,US,1.78201637669161
2019-02-10,AU,2.07154118302241
2019-02-10,CA,1.69992510872173
2019-02-10,DE,1.99240467201739
2019-02-10,FR,2.27223434062653
2019-02-10,GB,2.12773128441582
2019-02-10,IE,3.91116434120703
2019-02-10,IT,2.09954674957973
2019-02-10,NL,1.84644256282627
2019-02-10,US,1.78316827191777
2019-02-11,AU,2.07814874323571
2019-02-11,CA,1.69659720037375
2019-02-11,DE,1.99710666585587
2019-02-11,FR,2.27771210957488
2019-02-11,GB,2.12772163536548
2019-02-11,IE,3.92547287472646
2019-02-11,IT,2.08995332629301
2019-02-11,NL,1.84605080938991
2019-02-11,US,1.78386941552444
2019-02-12,AU,2.07677219718554
2019-02-12,CA,1.69331646791505
2019-02-12,DE,1.9980753977541
2019-02-12,FR,2.27829556897544
2019-02-12,GB,2.12160124073589
2019-02-12,IE,3.92016085622451
2019-02-12,IT,2.0757362216481
2019-02-12,NL,1.84735529588682
2019-02-12,US,1.78171464396248
2019-02-13,AU,2.07297045368858
2019-02-13,CA,1.69035897939865
2019-02-13,DE,1.9954495493823
2019-02-13,FR,2.27539179750968
2019-02-13,GB,2.1195795768
2019-02-13,IE,3.92022285588042
2019-02-13,IT,2.07107075488113
2019-02-13,NL,1.84791764059785
2019-02-13,US,1.77898432063322
2019-02-14,AU,2.07030335810557
2019-02-14,CA,1.68835786144859
2019-02-14,DE,1.99770470257879
2019-02-14,FR,2.27731901943088
2019-02-14,GB,2.1190968095425
2019-02-14,IE,3.92447504826114
2019-02-14,IT,2.06385663753736
2019-02-14,NL,1.85088006910753
2019-02-14,US,1.77621442101321
2019-02-15,AU,2.05842828801875
2019-02-15,CA,1.68825599964855
2019-02-15,DE,1.99756942401562
2019-02-15,FR,2.2741510520336
2019-02-15,GB,2.11565879681424
2019-02-15,IE,3.9276919799778
2019-02-15,IT,2.06068913698837
2019-02-15,NL,1.85252506224999
2019-02-15,US,1.77192552841086
2019-02-16,AU,2.04685340090301
2019-02-16,CA,1.69205003348649
2019-02-16,DE,1.99530762188965
2019-02-16,FR,2.26737778063604
2019-02-16,GB,2.10865870653653
2019-02-16,IE,3.92560124090782
2019-02-16,IT,2.06232573485034
2019-02-16,NL,1.85091266412427
2019-02-16,US,1.76334710594372
2019-02-17,AU,2.02543569530659
2019-02-17,CA,1.69839508107151
2019-02-17,DE,1.9954476096036
2019-02-17,FR,2.26171880005075
2019-02-17,GB,2.10374974869057
2019-02-17,IE,3.9415077624546
2019-02-17,IT,2.06268019392864
2019-02-17,NL,1.84983672351859
2019-02-17,US,1.75986792612372
2019-02-18,AU,2.01237448580204
2019-02-18,CA,1.70583091831092
2019-02-18,DE,1.99620043950075
2019-02-18,FR,2.25670364057512
2019-02-18,GB,2.09731490077896
2019-02-18,IE,3.95469479088877
2019-02-18,IT,2.06310604505239
2019-02-18,NL,1.84515217509138
2019-02-18,US,1.75630478477261
2019-02-19,AU,2.01025310078236
2019-02-19,CA,1.714648185484
2019-02-19,DE,1.99888818264938
2019-02-19,FR,2.25397072180114
2019-02-19,GB,2.09456870411018
2019-02-19,IE,3.97941689378622
2019-02-19,IT,2.06521686409243
2019-02-19,NL,1.84093643582619
2019-02-19,US,1.75481623458964
2019-02-20,AU,2.00965212765475
2019-02-20,CA,1.71731224672021
2019-02-20,DE,2.00046200303538
2019-02-20,FR,2.25207647097727
2019-02-20,GB,2.09162083286673
2019-02-20,IE,4.00336043468219
2019-02-20,IT,2.07271441138614
2019-02-20,NL,1.83638252161227
2019-02-20,US,1.75201823454979
2019-02-21,AU,2.01666059483581
2019-02-21,CA,1.71929999374956
2019-02-21,DE,2.00118597981446
2019-02-21,FR,2.24536306538308
2019-02-21,GB,2.08753253357583
2019-02-21,IE,4.01957924765552
2019-02-21,IT,2.07835355163946
2019-02-21,NL,1.82660379878064
2019-02-21,US,1.74943064942312
2019-02-22,AU,2.02932719456138
2019-02-22,CA,1.71766924267474
2019-02-22,DE,2.00207629564611
2019-02-22,FR,2.24171980902401
2019-02-22,GB,2.08481141553476
2019-02-22,IE,4.03350835498816
2019-02-22,IT,2.07920377092745
2019-02-22,NL,1.81963392811177
2019-02-22,US,1.74810020371754
2019-02-23,AU,2.03870458323095
2019-02-23,CA,1.7147109681184
2019-02-23,DE,2.00506811908918
2019-02-23,FR,2.2422154437246
2019-02-23,GB,2.08657201899488
2019-02-23,IE,4.06125523619608
2019-02-23,IT,2.08130658691472
2019-02-23,NL,1.81531985372309
2019-02-23,US,1.74965853545372
2019-02-24,AU,2.05604211966903
2019-02-24,CA,1.70854081195753
2019-02-24,DE,2.00682874655595
2019-02-24,FR,2.24305338560688
2019-02-24,GB,2.08832324929548
2019-02-24,IE,4.07312600783587
2019-02-24,IT,2.08718549813868
2019-02-24,NL,1.81069371536019
2019-02-24,US,1.74913722053509
2019-02-25,AU,2.06340757193672
2019-02-25,CA,1.70187010972799
2019-02-25,DE,2.00794561062665
2019-02-25,FR,2.2426594595863
2019-02-25,GB,2.09139951132633
2019-02-25,IE,4.08499412688996
2019-02-25,IT,2.08847820839894
2019-02-25,NL,1.80888544981406
2019-02-25,US,1.74789309303373
2019-02-26,AU,2.06803815538746
2019-02-26,CA,1.69307834934294
2019-02-26,DE,2.00959659570566
2019-02-26,FR,2.24136161975902
2019-02-26,GB,2.09389873676327
2019-02-26,IE,4.0850145964796
2019-02-26,IT,2.09449940831358
2019-02-26,NL,1.80844149562159
2019-02-26,US,1.74642721969506
2019-02-27,AU,2.06535298474214
2019-02-27,CA,1.69028875239496
2019-02-27,DE,2.00917018987653
2019-02-27,FR,2.24401420333135
2019-02-27,GB,2.09885348406899
2019-02-27,IE,4.08368411771508
2019-02-27,IT,2.09576408152279
2019-02-27,NL,1.81039350897866
2019-02-27,US,1.74443166107338
2019-02-28,AU,2.05360536622275
2019-02-28,CA,1.68401743004757
2019-02-28,DE,2.01077271663125
2019-02-28,FR,2.24276169616149
2019-02-28,GB,2.10152882236045
2019-02-28,IE,4.08484318997687
2019-02-28,IT,2.0972312132858
2019-02-28,NL,1.81567484442609
2019-02-28,US,1.74279170102792
2019-03-01,AU,2.04201587419443
2019-03-01,CA,1.68037527024559
2019-03-01,DE,2.01296629994985
2019-03-01,FR,2.24326151232264
2019-03-01,GB,2.10638644151256
2019-03-01,IE,4.09657150907999
2019-03-01,IT,2.10159558306219
2019-03-01,NL,1.82099591409335
2019-03-01,US,1.7411369376712
2019-03-02,AU,2.03608992234995
2019-03-02,CA,1.67334620798602
2019-03-02,DE,2.01464972963454
2019-03-02,FR,2.23884825391418
2019-03-02,GB,2.11263870096928
2019-03-02,IE,4.08487326685733
2019-03-02,IT,2.09805610051188
2019-03-02,NL,1.82140356482845
2019-03-02,US,1.73932037392441
2019-03-03,AU,2.03119496134036
2019-03-03,CA,1.66725627815999
2019-03-03,DE,2.01577565309804
2019-03-03,FR,2.23504773857598
2019-03-03,GB,2.11683889699229
2019-03-03,IE,4.0792010205527
2019-03-03,IT,2.09699083319456
2019-03-03,NL,1.82152737041205
2019-03-03,US,1.73615823240503
2019-03-04,AU,2.03140609744782
2019-03-04,CA,1.65902319115685
2019-03-04,DE,2.01691066540616
2019-03-04,FR,2.23055882744914
2019-03-04,GB,2.11826612660671
2019-03-04,IE,4.07862124634846
2019-03-04,IT,2.0987222141214
2019-03-04,NL,1.81799945432206
2019-03-04,US,1.73332783119548
2019-03-05,AU,2.02817640873829
2019-03-05,CA,1.6538662278752
2019-03-05,DE,2.02108319243418
2019-03-05,FR,2.22893825313568
2019-03-05,GB,2.12077804719793
2019-03-05,IE,4.08162008986583
2019-03-05,IT,2.09727326305472
2019-03-05,NL,1.81672072523547
2019-03-05,US,1.7320149507319
2019-03-06,AU,2.03694021222435
2019-03-06,CA,1.65747297249203
2019-03-06,DE,2.02644913313326
2019-03-06,FR,2.22471569304274
2019-03-06,GB,2.14295002761578
2019-03-06,IE,4.0905098913605
2019-03-06,IT,2.09367918148438
2019-03-06,NL,1.81432047496003
2019-03-06,US,1.73604592130746
2019-03-07,AU,2.05495941097067
2019-03-07,CA,1.65419193156677
2019-03-07,DE,2.02979689927796
2019-03-07,FR,2.22171395189552
2019-03-07,GB,2.13688088577676
2019-03-07,IE,4.08218168665119
2019-03-07,IT,2.08382252207791
2019-03-07,NL,1.80143203347599
2019-03-07,US,1.735364222621
2019-03-08,AU,2.07433562646544
2019-03-08,CA,1.6510146774737
2019-03-08,DE,2.03541253696849
2019-03-08,FR,2.22018800175236
2019-03-08,GB,2.12881204000494
2019-03-08,IE,4.06751532850835
2019-03-08,IT,2.07769279048608
2019-03-08,NL,1.79116006530271
2019-03-08,US,1.73607784977531
2019-03-09,AU,2.09327168512179
2019-03-09,CA,1.64985568996556
2019-03-09,DE,2.04094530642448
2019-03-09,FR,2.21459049102396
2019-03-09,GB,2.11894448481739
2019-03-09,IE,4.0528126953913
2019-03-09,IT,2.06951630634698
2019-03-09,NL,1.78817542443524
2019-03-09,US,1.73422918493295
2019-03-10,AU,2.11100776954261
2019-03-10,CA,1.64626463520154
2019-03-10,DE,2.04867478277961
2019-03-10,FR,2.2099555698466
2019-03-10,GB,2.11035112248559
2019-03-10,IE,4.04627910248879
2019-03-10,IT,2.06014061316755
2019-03-10,NL,1.78163760350201
2019-03-10,US,1.73250993725028
2019-03-11,AU,2.13155668527595
2019-03-11,CA,1.6466937346891
2019-03-11,DE,2.05608937103932
2019-03-11,FR,2.20721982348289
2019-03-11,GB,2.10319725329458
2019-03-11,IE,4.04159209099735
2019-03-11,IT,2.0517773766492
2019-03-11,NL,1.7788528401733
2019-03-11,US,1.73211070770295
2019-03-12,AU,2.14274771547865
2019-03-12,CA,1.63950274774776
2019-03-12,DE,2.06216972054841
2019-03-12,FR,2.20129075443753
2019-03-12,GB,2.09455638282433
2019-03-12,IE,4.0371678548135
2019-03-12,IT,2.04272116873528
2019-03-12,NL,1.77167118536832
2019-03-12,US,1.72843071127334
2019-03-13,AU,2.15118870696672
2019-03-13,CA,1.62614488685579
2019-03-13,DE,2.06671929007913
2019-03-13,FR,2.19657400488761
2019-03-13,GB,2.06289083821333
2019-03-13,IE,4.02411121927614
2019-03-13,IT,2.02947022245411
2019-03-13,NL,1.76431469115423
2019-03-13,US,1.72285899935934
2019-03-14,AU,2.15163128683121
2019-03-14,CA,1.62283314260225
2019-03-14,DE,2.07698026724919
2019-03-14,FR,2.19531255460981
2019-03-14,GB,2.0602731005509
2019-03-14,IE,4.02908826388386
2019-03-14,IT,2.03980494505026
2019-03-14,NL,1.77080243456161
2019-03-14,US,1.72118715299729
2019-03-15,AU,2.15327751966863
2019-03-15,CA,1.61688832119354
2019-03-15,DE,2.08355188810956
2019-03-15,FR,2.19224028038901
2019-03-15,GB,2.05410422431493
2019-03-15,IE,4.02809065399782
2019-03-15,IT,2.04707906725745
2019-03-15,NL,1.77489184873394
2019-03-15,US,1.71757749055946
2019-03-16,AU,2.15365980382495
2019-03-16,CA,1.60441852438291
2019-03-16,DE,2.08969109563809
2019-03-16,FR,2.1909522627467
2019-03-16,GB,2.04909961619872
2019-03-16,IE,4.03365329088273
2019-03-16,IT,2.05637880957024
2019-03-16,NL,1.77529472778268
2019-03-16,US,1.71537249757167
2019-03-17,AU,2.15584874551144
2019-03-17,CA,1.59982515390992
2019-03-17,DE,2.09518555931653
2019-03-17,FR,2.1885266842525
2019-03-17,GB,2.0437478675018
2019-03-17,IE,4.03698702349662
2019-03-17,IT,2.0658891162418
2019-03-17,NL,1.77941201638934
2019-03-17,US,1.71470135610329
2019-03-18,AU,2.14871575214118
2019-03-18,CA,1.59135604442995
2019-03-18,DE,2.10108415149693
2019-03-18,FR,2.18540394535962
2019-03-18,GB,2.0370254742845
2019-03-18,IE,4.03254314101012
2019-03-18,IT,2.07292868977365
2019-03-18,NL,1.78295780666871
2019-03-18,US,1.71260507888901
2019-03-19,AU,2.15415324176505
2019-03-19,CA,1.58559066547595
2019-03-19,DE,2.10592416203205
2019-03-19,FR,2.18443019626881
2019-03-19,GB,2.03072206928912
2019-03-19,IE,4.03520739568484
2019-03-19,IT,2.07602571767607
2019-03-19,NL,1.79029582562835
2019-03-19,US,1.71094728101448
2019-03-20,AU,2.15482416224402
2019-03-20,CA,1.5804227532568
2019-03-20,DE,2.11341559558312
2019-03-20,FR,2.17775856100702
2019-03-20,GB,2.02476501345413
2019-03-20,IE,4.02884761742883
2019-03-20,IT,2.08432695072974
2019-03-20,NL,1.79959498164507
2019-03-20,US,1.70786372431791
2019-03-21,AU,2.15159353810489
2019-03-21,CA,1.57258142094735
2019-03-21,DE,2.11466419741259
2019-03-21,FR,2.1696632869196
2019-03-21,GB,2.02107713430151
2019-03-21,IE,4.02237068497388
2019-03-21,IT,2.07554232373202
2019-03-21,NL,1.80131283277198
2019-03-21,US,1.70434326631327
2019-03-22,AU,2.14435638513087
2019-03-22,CA,1.56549642171532
2019-03-22,DE,2.11691177587509
2019-03-22,FR,2.15939244554031
2019-03-22,GB,2.01609776626233
2019-03-22,IE,4.01480686698515
2019-03-22,IT,2.06058987854992
2019-03-22,NL,1.79986153034123
2019-03-22,US,1.70114462896705
2019-03-23,AU,2.13799094246498
2019-03-23,CA,1.55969106189662
2019-03-23,DE,2.11695224441907
2019-03-23,FR,2.15126210719273
2019-03-23,GB,2.01154333168614
2019-03-23,IE,4.01101858037556
2019-03-23,IT,2.05008963916186
2019-03-23,NL,1.79977374914616
2019-03-23,US,1.69985226440557
2019-03-24,AU,2.13227250260549
2019-03-24,CA,1.54990111509084
2019-03-24,DE,2.11781406175723
2019-03-24,FR,2.1448372449253
2019-03-24,GB,2.0073906901577
2019-03-24,IE,4.00502954150898
2019-03-24,IT,2.03666928511276
2019-03-24,NL,1.80071264969166
2019-03-24,US,1.69515431678331
2019-03-25,AU,2.12673381642901
2019-03-25,CA,1.53993314642472
2019-03-25,DE,2.1193781159434
2019-03-25,FR,2.14064866954303
2019-03-25,GB,2.00345397298351
2019-03-25,IE,4.00285165726237
2019-03-25,IT,2.02619902306167
2019-03-25,NL,1.80125649924384
2019-03-25,US,1.69108908757081
2019-03-26,AU,2.11937188962713
2019-03-26,CA,1.5325402838394
2019-03-26,DE,2.12190063128358
2019-03-26,FR,2.13254933400706
2019-03-26,GB,2.00095481606871
2019-03-26,IE,3.98963273416861
2019-03-26,IT,2.01612309485176
2019-03-26,NL,1.8049231718573
2019-03-26,US,1.68942437400644
2019-03-27,AU,2.12279041104648
2019-03-27,CA,1.52615479979013
2019-03-27,DE,2.12375454076698
2019-03-27,FR,2.13288980804913
2019-03-27,GB,1.99964757354591
2019-03-27,IE,3.98904264310587
2019-03-27,IT,2.0118247561593
2019-03-27,NL,1.810532917866
2019-03-27,US,1.68709627669744
2019-03-28,AU,2.12898071761771
2019-03-28,CA,1.52584487062525
2019-03-28,DE,2.1266921591849
2019-03-28,FR,2.13125462795559
2019-03-28,GB,1.99598300683023
2019-03-28,IE,3.99731332766919
2019-03-28,IT,2.0070510808313
2019-03-28,NL,1.82003898855421
2019-03-28,US,1.68630759812508
2019-03-29,AU,2.13261728248062
2019-03-29,CA,1.52392954119807
2019-03-29,DE,2.12919278626324
2019-03-29,FR,2.13007508400085
2019-03-29,GB,1.99480537603505
2019-03-29,IE,3.99863923731935
2019-03-29,IT,2.00940799899239
2019-03-29,NL,1.83113619399675
2019-03-29,US,1.68584262468762
2019-03-30,AU,2.13213867056502
2019-03-30,CA,1.52237724029528
2019-03-30,DE,2.13161664093387
2019-03-30,FR,2.12813982333011
2019-03-30,GB,1.99527150821478
2019-03-30,IE,3.99874173448831
2019-03-30,IT,2.00538902078066
2019-03-30,NL,1.84113546425594
2019-03-30,US,1.68502761715765
2019-03-31,AU,2.1322170586688
2019-03-31,CA,1.52077395333472
2019-03-31,DE,2.13363788826753
2019-03-31,FR,2.12569389796058
2019-03-31,GB,1.99458484806574
2019-03-31,IE,4.00136917834795
2019-03-31,IT,2.00865188285898
2019-03-31,NL,1.85124433998477
2019-03-31,US,1.68517851711933
2019-04-01,AU,2.12930597278242
2019-04-01,CA,1.52132969472019
2019-04-01,DE,2.13501834662364
2019-04-01,FR,2.11925063168666
2019-04-01,GB,1.99627471633796
2019-04-01,IE,4.00072558365866
2019-04-01,IT,2.00798972360196
2019-04-01,NL,1.861429787692
2019-04-01,US,1.68545029658832
2019-04-02,AU,2.12778566954019
2019-04-02,CA,1.5194016693775
2019-04-02,DE,2.13046666503934
2019-04-02,FR,2.11705678232837
2019-04-02,GB,1.99715873208975
2019-04-02,IE,4.01251316748331
2019-04-02,IT,2.01248983870056
2019-04-02,NL,1.86295542256024
2019-04-02,US,1.68403762317208
2019-04-03,AU,2.12385420687576
2019-04-03,CA,1.51363305559512
2019-04-03,DE,2.13018857536795
2019-04-03,FR,2.11439151117059
2019-04-03,GB,1.99579361864343
2019-04-03,IE,4.01580579173666
2019-04-03,IT,2.01211794051222
2019-04-03,NL,1.85806107974802
2019-04-03,US,1.68394501169494
2019-04-04,AU,2.12149496686501
2019-04-04,CA,1.50367677042336
2019-04-04,DE,2.12840131952877
2019-04-04,FR,2.11515657799079
2019-04-04,GB,1.99597563683046
2019-04-04,IE,4.0104705338155
2019-04-04,IT,2.01409730762239
2019-04-04,NL,1.85239461017751
2019-04-04,US,1.68313397863937
2019-04-05,AU,2.12381627413377
2019-04-05,CA,1.49656265959588
2019-04-05,DE,2.12729153069481
2019-04-05,FR,2.11657967685603
2019-04-05,GB,1.9964507068874
2019-04-05,IE,4.01037124311517
2019-04-05,IT,2.0145736185318
2019-04-05,NL,1.85259893210992
2019-04-05,US,1.68225252869886
2019-04-06,AU,2.11845055140766
2019-04-06,CA,1.49131908241898
2019-04-06,DE,2.12512582501892
2019-04-06,FR,2.12287665940858
2019-04-06,GB,1.990518019729
2019-04-06,IE,4.0087074412252
2019-04-06,IT,2.02012796506806
2019-04-06,NL,1.85326833092113
2019-04-06,US,1.68097571857074
2019-04-07,AU,2.11339726023147
2019-04-07,CA,1.48713197715125
2019-04-07,DE,2.11902228311
2019-04-07,FR,2.1249439056561
2019-04-07,GB,1.98899307470756
2019-04-07,IE,3.99919133813014
2019-04-07,IT,2.0206071208839
2019-04-07,NL,1.85194958962637
2019-04-07,US,1.67986968567006
2019-04-08,AU,2.1175559490347
2019-04-08,CA,1.48226031141915
2019-04-08,DE,2.1172063947729
2019-04-08,FR,2.12818730471098
2019-04-08,GB,1.9840003293024
2019-04-08,IE,3.99714872430345
2019-04-08,IT,2.02954047641821
2019-04-08,NL,1.85110182266767
2019-04-08,US,1.67910918465657
2019-04-09,AU,2.12067811265627
2019-04-09,CA,1.4820089908629
2019-04-09,DE,2.12072050748987
2019-04-09,FR,2.1319466204915
2019-04-09,GB,1.97861207152933
2019-04-09,IE,3.99160549328124
2019-04-09,IT,2.03345735624493
2019-04-09,NL,1.85515594025314
2019-04-09,US,1.67962498176981
2019-04-10,AU,2.1203295075238
2019-04-10,CA,1.48263332479305
2019-04-10,DE,2.1183458344829
2019-04-10,FR,2.13378314341792
2019-04-10,GB,1.97429105390651
2019-04-10,IE,3.99066814517873
2019-04-10,IT,2.03912177371798
2019-04-10,NL,1.86077730827419
2019-04-10,US,1.67966814110525
2019-04-11,AU,2.12285312586566
2019-04-11,CA,1.48542985343859
2019-04-11,DE,2.12075989613292
2019-04-11,FR,2.13186305986963
2019-04-11,GB,1.96923662975494
2019-04-11,IE,3.98763749351714
2019-04-11,IT,2.04099886622305
2019-04-11,NL,1.8687820605089
2019-04-11,US,1.67875152270472
2019-04-12,AU,2.12263085943201
2019-04-12,CA,1.48923581072627
2019-04-12,DE,2.12213785787827
2019-04-12,FR,2.12914625856562
2019-04-12,GB,1.9655954273873
2019-04-12,IE,4.00245733976124
2019-04-12,IT,2.04158691826716
2019-04-12,NL,1.8722320555927
2019-04-12,US,1.67741987134479
2019-04-13,AU,2.13094145140451
2019-04-13,CA,1.49197536003834
2019-04-13,DE,2.12350650654891
2019-04-13,FR,2.12641081782731
2019-04-13,GB,1.9646064447286
2019-04-13,IE,4.02503651297787
2019-04-13,IT,2.03621517298658
2019-04-13,NL,1.86979341302372
2019-04-13,US,1.67680789281421
2019-04-14,AU,2.14010434926112
2019-04-14,CA,1.49438195090941
2019-04-14,DE,2.12915593143481
2019-04-14,FR,2.12865750515682
2019-04-14,GB,1.96033830830974
2019-04-14,IE,4.04693671115783
2019-04-14,IT,2.02803288912197
2019-04-14,NL,1.86844373061714
2019-04-14,US,1.67645512280955
2019-04-15,AU,2.14616881969259
2019-04-15,CA,1.49567326345218
2019-04-15,DE,2.13115642431468
2019-04-15,FR,2.13234541888219
2019-04-15,GB,1.95879568967767
2019-04-15,IE,4.05754939461557
2019-04-15,IT,2.01809888465478
2019-04-15,NL,1.86257097380933
2019-04-15,US,1.67555704231302
2019-04-16,AU,2.15066670765149
2019-04-16,CA,1.49322989134247
2019-04-16,DE,2.13346807762881
2019-04-16,FR,2.13035144483716
2019-04-16,GB,1.95897199372775
2019-04-16,IE,4.06373186208929
2019-04-16,IT,2.01225156009098
2019-04-16,NL,1.85488906748362
2019-04-16,US,1.67451182607285
2019-04-17,AU,2.1595150352128
2019-04-17,CA,1.49369811622099
2019-04-17,DE,2.1366543970053
2019-04-17,FR,2.12611382761075
2019-04-17,GB,1.95833127081728
2019-04-17,IE,4.06605263800031
2019-04-17,IT,2.00819963663792
2019-04-17,NL,1.85092384689765
2019-04-17,US,1.67249413674019
2019-04-18,AU,2.16567533620854
2019-04-18,CA,1.4945989374726
2019-04-18,DE,2.13569055267052
2019-04-18,FR,2.12559384030843
2019-04-18,GB,1.96096265090048
2019-04-18,IE,4.07588339818585
2019-04-18,IT,2.00470068971302
2019-04-18,NL,1.84729671792699
2019-04-18,US,1.66987463282516
2019-04-19,AU,2.17413544629078
2019-04-19,CA,1.49272760516358
2019-04-19,DE,2.13492293768004
2019-04-19,FR,2.12846706266381
2019-04-19,GB,1.96033033050822
2019-04-19,IE,4.06398224804753
2019-04-19,IT,1.99981038195351
2019-04-19,NL,1.84038872376807
2019-04-19,US,1.66878643731874
2019-04-20,AU,2.17987949511294
2019-04-20,CA,1.49422172314101
2019-04-20,DE,2.13501855008858
2019-04-20,FR,2.12885649636102
2019-04-20,GB,1.9665732096203
2019-04-20,IE,4.0476190494411
2019-04-20,IT,2.0047114594889
2019-04-20,NL,1.84274730058142
2019-04-20,US,1.66629608021551
2019-04-21,AU,2.18448614879869
2019-04-21,CA,1.49586359846255
2019-04-21,DE,2.13548072712444
2019-04-21,FR,2.12830438492645
2019-04-21,GB,1.97049785564814
2019-04-21,IE,4.03339059224083
2019-04-21,IT,2.01138700623423
2019-04-21,NL,1.84468342919785
2019-04-21,US,1.66448060241198
2019-04-22,AU,2.19233027374566
2019-04-22,CA,1.49896712760939
2019-04-22,DE,2.13554049041889
2019-04-22,FR,2.12787184924719
2019-04-22,GB,1.97354072947917
2019-04-22,IE,4.02559397775672
2019-04-22,IT,2.01323616885545
2019-04-22,NL,1.85084355834172
2019-04-22,US,1.66229609782337
2019-04-23,AU,2.19908054585657
2019-04-23,CA,1.50648810878672
2019-04-23,DE,2.13331572095942
2019-04-23,FR,2.13018026431921
2019-04-23,GB,1.98097488097901
2019-04-23,IE,4.03131350428219
2019-04-23,IT,2.0134113139321
2019-04-23,NL,1.85897731122763
2019-04-23,US,1.66029681592277
2019-04-24,AU,2.20197025826821
2019-04-24,CA,1.51172146591455
2019-04-24,DE,2.13171669699118
2019-04-24,FR,2.13398582346699
2019-04-24,GB,1.99404709728349
2019-04-24,IE,4.04295428274791
2019-04-24,IT,2.01563032282442
2019-04-24,NL,1.8635591376521
2019-04-24,US,1.66138164989864
2019-04-25,AU,2.20742143341683
2019-04-25,CA,1.51213919643755
2019-04-25,DE,2.12867988511664
2019-04-25,FR,2.14050079656223
2019-04-25,GB,2.00342735241437
2019-04-25,IE,4.04058099230345
2019-04-25,IT,2.04053052536109
2019-04-25,NL,1.86247022694343
2019-04-25,US,1.66174701124094
2019-04-26,AU,2.20138035949405
2019-04-26,CA,1.5134249237595
2019-04-26,DE,2.12681934066442
2019-04-26,FR,2.14218809912713
2019-04-26,GB,2.01372048981648
2019-04-26,IE,4.03626495471281
2019-04-26,IT,2.06779855457347
2019-04-26,NL,1.86158154718274
2019-04-26,US,1.65986285156387
2019-04-27,AU,2.20279692320014
2019-04-27,CA,1.51470657678207
2019-04-27,DE,2.12639436018212
2019-04-27,FR,2.14264632785555
2019-04-27,GB,2.01941065548538
2019-04-27,IE,4.04417522727128
2019-04-27,IT,2.09077742319918
2019-04-27,NL,1.85687382884405
2019-04-27,US,1.66318378347561
2019-04-28,AU,2.20314279853407
2019-04-28,CA,1.51557786810702
2019-04-28,DE,2.12565774070489
2019-04-28,FR,2.14374544835699
2019-04-28,GB,2.02747168890317
2019-04-28,IE,4.05221541864419
2019-04-28,IT,2.11593176890592
2019-04-28,NL,1.85324586565533
2019-04-28,US,1.66589367390622
2019-04-29,AU,2.20291718870628
2019-04-29,CA,1.5186325069842
2019-04-29,DE,2.12635217400323
2019-04-29,FR,2.13746162217412
2019-04-29,GB,2.03666701032855
2019-04-29,IE,4.06231963504619
2019-04-29,IT,2.14934111700885
2019-04-29,NL,1.84920645068974
2019-04-29,US,1.66875923525857
2019-04-30,AU,2.20287217929238
2019-04-30,CA,1.52040302676498
2019-04-30,DE,2.13096273275177
2019-04-30,FR,2.12854375976685
2019-04-30,GB,2.03876490332774
2019-04-30,IE,4.06279376319839
2019-04-30,IT,2.18568897305984
2019-04-30,NL,1.84717328877452
2019-04-30,US,1.67138379436007
2019-05-01,AU,2.19892444786365
2019-05-01,CA,1.52163940593418
2019-05-01,DE,2.12933040504451
2019-05-01,FR,2.12289400190632
2019-05-01,GB,2.0372058350889
2019-05-01,IE,4.06727607980056
2019-05-01,IT,2.20924881467103
2019-05-01,NL,1.84011876196472
2019-05-01,US,1.6698200608891
2019-05-02,AU,2.19621712366778
2019-05-02,CA,1.52728796414947
2019-05-02,DE,2.12704035492307
2019-05-02,FR,2.11122646084007
2019-05-02,GB,2.03634807177402
2019-05-02,IE,4.08177161956404
2019-05-02,IT,2.20980566649373
2019-05-02,NL,1.83613732396073
2019-05-02,US,1.67110717536038
2019-05-03,AU,2.20110583819367
2019-05-03,CA,1.53661295483473
2019-05-03,DE,2.12844971969496
2019-05-03,FR,2.10449789110517
2019-05-03,GB,2.03769014070186
2019-05-03,IE,4.10562338922055
2019-05-03,IT,2.21954851673719
2019-05-03,NL,1.83030499925002
2019-05-03,US,1.67390464067237
2019-05-04,AU,2.19357781183712
2019-05-04,CA,1.54317984900871
2019-05-04,DE,2.12738015413268
2019-05-04,FR,2.09790896822015
2019-05-04,GB,2.03707163736468
2019-05-04,IE,4.1275206384498
2019-05-04,IT,2.22639145666505
2019-05-04,NL,1.82589563830263
2019-05-04,US,1.6713818866311
2019-05-05,AU,2.1867359590561
2019-05-05,CA,1.55097124387223
2019-05-05,DE,2.12587873820553
2019-05-05,FR,2.0913460317611
2019-05-05,GB,2.03702620091433
2019-05-05,IE,4.14927993203296
2019-05-05,IT,2.23536853132752
2019-05-05,NL,1.82150239803574
2019-05-05,US,1.66910911980092
2019-05-06,AU,2.17343072592867
2019-05-06,CA,1.55871326553207
2019-05-06,DE,2.12558317541713
2019-05-06,FR,2.08789721955335
2019-05-06,GB,2.03628109905541
2019-05-06,IE,4.16251628859281
2019-05-06,IT,2.25036765167053
2019-05-06,NL,1.8171157778108
2019-05-06,US,1.66694596886036
2019-05-07,AU,2.16490004833378
2019-05-07,CA,1.56677534524199
2019-05-07,DE,2.12228981131694
2019-05-07,FR,2.08760365737912
2019-05-07,GB,2.0396383425834
2019-05-07,IE,4.18380053490108
2019-05-07,IT,2.25899706332824
2019-05-07,NL,1.80958917274446
2019-05-07,US,1.66801918760911
2019-05-08,AU,2.16210747682276
2019-05-08,CA,1.57286141423436
2019-05-08,DE,2.12308489326905
2019-05-08,FR,2.08350790706146
2019-05-08,GB,2.03747487749768
2019-05-08,IE,4.19721786661623
2019-05-08,IT,2.26854734935252
2019-05-08,NL,1.80745848919321
2019-05-08,US,1.66729322009551
2019-05-09,AU,2.15273522354684
2019-05-09,CA,1.57784097037941
2019-05-09,DE,2.12470277063009
2019-05-09,FR,2.08206681364487
2019-05-09,GB,2.03363585126389
2019-05-09,IE,4.19834470072944
2019-05-09,IT,2.27918634075136
2019-05-09,NL,1.80182568142585
2019-05-09,US,1.66599346431623
2019-05-10,AU,2.14548304290485
2019-05-10,CA,1.58330126951121
2019-05-10,DE,2.1266605559185
2019-05-10,FR,2.08093840492853
2019-05-10,GB,2.03269955740281
2019-05-10,IE,4.20047446800698
2019-05-10,IT,2.29218262482538
2019-05-10,NL,1.79908396489163
2019-05-10,US,1.66396029877565
2019-05-11,AU,2.14476655645107
2019-05-11,CA,1.59031640641995
2019-05-11,DE,2.13005758901525
2019-05-11,FR,2.07613210860751
2019-05-11,GB,2.03052983893145
2019-05-11,IE,4.19090831611395
2019-05-11,IT,2.30802161182319
2019-05-11,NL,1.79505957877094
2019-05-11,US,1.66227213441763
2019-05-12,AU,2.14545776964937
2019-05-12,CA,1.59479302815346
2019-05-12,DE,2.12780309519622
2019-05-12,FR,2.07545921858139
2019-05-12,GB,2.02510133258366
2019-05-12,IE,4.1809366149753
2019-05-12,IT,2.31351707757297
2019-05-12,NL,1.7878963040438
2019-05-12,US,1.66129685677658
2019-05-13,AU,2.15169200172616
2019-05-13,CA,1.59899242493711
2019-05-13,DE,2.1239415702539
2019-05-13,FR,2.08037732158468
2019-05-13,GB,2.02063050734735
2019-05-13,IE,4.17644818355791
2019-05-13,IT,2.30707121321977
2019-05-13,NL,1.78057877598109
2019-05-13,US,1.6606449510315
2019-05-14,AU,2.15857080306774
2019-05-14,CA,1.59947094685932
2019-05-14,DE,2.12114319409204
2019-05-14,FR,2.07481845033747
2019-05-14,GB,2.0149452420608
2019-05-14,IE,4.16909186918786
2019-05-14,IT,2.30553674367567
2019-05-14,NL,1.77372840959164
2019-05-14,US,1.65695608860959
2019-05-15,AU,2.1547552174316
2019-05-15,CA,1.60236771475563
2019-05-15,DE,2.11840794781532
2019-05-15,FR,2.0689509325538
2019-05-15,GB,2.01568431941116
2019-05-15,IE,4.15578746427332
2019-05-15,IT,2.31075045095664
2019-05-15,NL,1.76542690719692
2019-05-15,US,1.65746225992107
2019-05-16,AU,2.15383730807433
2019-05-16,CA,1.60548997667504
2019-05-16,DE,2.11830643650003
2019-05-16,FR,2.07008339572647
2019-05-16,GB,2.01567194498677
2019-05-16,IE,4.15951423449804
2019-05-16,IT,2.3141270377309
2019-05-16,NL,1.76362696082455
2019-05-16,US,1.65768026244219
2019-05-17,AU,2.15454094413978
2019-05-17,CA,1.60462810330771
2019-05-17,DE,2.1121733162223
2019-05-17,FR,2.0655102743969
2019-05-17,GB,2.01309110188282
2019-05-17,IE,4.15603161291299
2019-05-17,IT,2.30920369255263
2019-05-17,NL,1.7634905669967
2019-05-17,US,1.65963024179208
2019-05-18,AU,2.15647834258866
2019-05-18,CA,1.60172505369169
2019-05-18,DE,2.10401549499679
2019-05-18,FR,2.06655570432726
2019-05-18,GB,2.01218266717926
2019-05-18,IE,4.14191060273272
2019-05-18,IT,2.3066513449106
2019-05-18,NL,1.76122473271587
2019-05-18,US,1.66104635586695
2019-05-19,AU,2.15630645171715
2019-05-19,CA,1.60233703643752
2019-05-19,DE,2.09836085810409
2019-05-19,FR,2.06396984143194
2019-05-19,GB,2.01369519683086
2019-05-19,IE,4.13166614248482
2019-05-19,IT,2.31210495611134
2019-05-19,NL,1.76167069320568
2019-05-19,US,1.66359598046854
2019-05-20,AU,2.15398267047568
2019-05-20,CA,1.59988461141376
2019-05-20,DE,2.09590052290191
2019-05-20,FR,2.05922874213526
2019-05-20,GB,2.0141831528719
2019-05-20,IE,4.12283729463227
2019-05-20,IT,2.31673197662873
2019-05-20,NL,1.76225428709823
2019-05-20,US,1.66559170885188
2019-05-21,AU,2.14624856624893
2019-05-21,CA,1.59955922816169
2019-05-21,DE,2.09182988773901
2019-05-21,FR,2.06513295771784
2019-05-21,GB,2.01235656334237
2019-05-21,IE,4.10732891890723
2019-05-21,IT,2.32051685951985
2019-05-21,NL,1.75856390179995
2019-05-21,US,1.66753894044723
2019-05-22,AU,2.14932108455525
2019-05-22,CA,1.60069560367877
2019-05-22,DE,2.09059856196142
2019-05-22,FR,2.07185003296066
2019-05-22,GB,2.00928089515782
2019-05-22,IE,4.09630645158455
2019-05-22,IT,2.32298839797933
2019-05-22,NL,1.75612583564719
2019-05-22,US,1.66856872950787
2019-05-23,AU,2.15464150030883
2019-05-23,CA,1.60111344437491
2019-05-23,DE,2.09122623643419
2019-05-23,FR,2.07162911783471
2019-05-23,GB,2.00900412234217
2019-05-23,IE,4.08525602012216
2019-05-23,IT,2.3350266508876
2019-05-23,NL,1.75477968556815
2019-05-23,US,1.67160964059567
2019-05-24,AU,2.15619233598991
2019-05-24,CA,1.60205908082057
2019-05-24,DE,2.08806083482077
2019-05-24,FR,2.07272865372414
2019-05-24,GB,2.00804992960079
2019-05-24,IE,4.07547915641713
2019-05-24,IT,2.34555615299587
2019-05-24,NL,1.75249921108994
2019-05-24,US,1.67159678571349
2019-05-25,AU,2.15220236283313
2019-05-25,CA,1.60364325956595
2019-05-25,DE,2.08667746964119
2019-05-25,FR,2.07345676733129
2019-05-25,GB,2.00824965799418
2019-05-25,IE,4.07837525663949
2019-05-25,IT,2.35012219740041
2019-05-25,NL,1.74930859784125
2019-05-25,US,1.67125053075607
2019-05-26,AU,2.14800798174176
2019-05-26,CA,1.60272718305468
2019-05-26,DE,2.08413143365272
2019-05-26,FR,2.07254276330573
2019-05-26,GB,2.00700916684614
2019-05-26,IE,4.07689235002044
2019-05-26,IT,2.35208572955217
2019-05-26,NL,1.74606272756212
2019-05-26,US,1.66763133622327
2019-05-27,AU,2.14505668915582
2019-05-27,CA,1.60210879335382
2019-05-27,DE,2.08054149152188
2019-05-27,FR,2.07279218857183
2019-05-27,GB,2.00413579596784
2019-05-27,IE,4.07079418635411
2019-05-27,IT,2.35164647201093
2019-05-27,NL,1.74303955417261
2019-05-27,US,1.66417690548424
2019-05-28,AU,2.14045639658418
2019-05-28,CA,1.60249605495311
2019-05-28,DE,2.07617202931095
2019-05-28,FR,2.07386094746748
2019-05-28,GB,2.00571999991427
2019-05-28,IE,4.06373943530827
2019-05-28,IT,2.34941104266883
2019-05-28,NL,1.74053035508614
2019-05-28,US,1.66375000610509
2019-05-29,AU,2.13430184385439
2019-05-29,CA,1.60143776372376
2019-05-29,DE,2.07541745350842
2019-05-29,FR,2.07640251598133
2019-05-29,GB,2.00643026266502
2019-05-29,IE,4.05171127915913
2019-05-29,IT,2.34667662486091
2019-05-29,NL,1.73917299643836
2019-05-29,US,1.66217466695956
2019-05-30,AU,2.1228412410677
2019-05-30,CA,1.60010856471521
2019-05-30,DE,2.06998660051891
2019-05-30,FR,2.07739454891634
2019-05-30,GB,2.00650151481479
2019-05-30,IE,4.040604536565
2019-05-30,IT,2.34539294655682
2019-05-30,NL,1.73713050893
2019-05-30,US,1.66051662734754
2019-05-31,AU,2.11546891664663
2019-05-31,CA,1.60013847600551
2019-05-31,DE,2.06912108510425
2019-05-31,FR,2.08146416842278
2019-05-31,GB,2.00792706972714
2019-05-31,IE,4.0357850937851
2019-05-31,IT,2.3411364647595
2019-05-31,NL,1.73497705482319
2019-05-31,US,1.66083277345516
2019-06-01,AU,2.1087539573925
2019-06-01,CA,1.60465081870611
2019-06-01,DE,2.06770018156603
2019-06-01,FR,2.08490044765167
2019-06-01,GB,2.01371396274897
2019-06-01,IE,4.03021862178976
2019-06-01,IT,2.3403594891694
2019-06-01,NL,1.74042943920561
2019-06-01,US,1.66241329898325
2019-06-02,AU,2.10287062326353
2019-06-02,CA,1.60919105453353
2019-06-02,DE,2.07089593102436
2019-06-02,FR,2.08839403053296
2019-06-02,GB,2.01908237455877
2019-06-02,IE,4.02391398341568
2019-06-02,IT,2.33779916399287
2019-06-02,NL,1.74200641560229
2019-06-02,US,1.66468865814373
2019-06-03,AU,2.10359873651885
2019-06-03,CA,1.61459271819205
2019-06-03,DE,2.0705818504111
2019-06-03,FR,2.08913431929096
2019-06-03,GB,2.02589354478153
2019-06-03,IE,4.01960248308016
2019-06-03,IT,2.33772207015835
2019-06-03,NL,1.74352541021456
2019-06-03,US,1.66722096081792
2019-06-04,AU,2.10538053524719
2019-06-04,CA,1.6197039435848
2019-06-04,DE,2.07162362801695
2019-06-04,FR,2.09363624365946
2019-06-04,GB,2.02900043608599
2019-06-04,IE,4.02114925364473
2019-06-04,IT,2.33563801946908
2019-06-04,NL,1.74704906145257
2019-06-04,US,1.66704253127203
2019-06-05,AU,2.11041617385473
2019-06-05,CA,1.62433864107218
2019-06-05,DE,2.06551316358172
2019-06-05,FR,2.09677198639847
2019-06-05,GB,2.03156597245549
2019-06-05,IE,4.0303882738832
2019-06-05,IT,2.3327517940522
2019-06-05,NL,1.74831618938699
2019-06-05,US,1.66733424037673
2019-06-06,AU,2.11767365527045
2019-06-06,CA,1.62806693933398
2019-06-06,DE,2.06316315847366
2019-06-06,FR,2.10134902304238
2019-06-06,GB,2.03478183981079
2019-06-06,IE,4.03605595960263
2019-06-06,IT,2.32311087686305
2019-06-06,NL,1.74910942467484
2019-06-06,US,1.66598479991018
2019-06-07,AU,2.12572661180107
2019-06-07,CA,1.63171487473519
2019-06-07,DE,2.0618887203195
2019-06-07,FR,2.10177933813634
2019-06-07,GB,2.03518234975092
2019-06-07,IE,4.04024220115725
2019-06-07,IT,2.3181030527896
2019-06-07,NL,1.74789036577833
2019-06-07,US,1.66572185493906
2019-06-08,AU,2.13724168088607
2019-06-08,CA,1.63148458858562
2019-06-08,DE,2.0623830253536
2019-06-08,FR,2.10285338534339
2019-06-08,GB,2.03124915031745
2019-06-08,IE,4.03040317912161
2019-06-08,IT,2.31527468029316
2019-06-08,NL,1.74319137782573
2019-06-08,US,1.66414779966538
2019-06-09,AU,2.15019668175447
2019-06-09,CA,1.63340488694383
2019-06-09,DE,2.05822337242795
2019-06-09,FR,2.10107257565189
2019-06-09,GB,2.02959605265429
2019-06-09,IE,4.0297700701927
2019-06-09,IT,2.31531390089483
2019-06-09,NL,1.74321436509923
2019-06-09,US,1.66416471479967
2019-06-10,AU,2.15930244385296
2019-06-10,CA,1.63472167397622
2019-06-10,DE,2.05933679698728
2019-06-10,FR,2.09642340671927
2019-06-10,GB,2.02972419350414
2019-06-10,IE,4.0268454096865
2019-06-10,IT,2.31673589527917
2019-06-10,NL,1.74286199294746
2019-06-10,US,1.66386918583132
2019-06-11,AU,2.16577514673826
2019-06-11,CA,1.63341249250584
2019-06-11,DE,2.05911509581346
2019-06-11,FR,2.09223966610179
2019-06-11,GB,2.02970302830421
2019-06-11,IE,4.02084678782592
2019-06-11,IT,2.31823887142184
2019-06-11,NL,1.74371108884889
2019-06-11,US,1.6636234771555
2019-06-12,AU,2.16376148371998
2019-06-12,CA,1.6310334286398
2019-06-12,DE,2.05960354450866
2019-06-12,FR,2.08880101991256
2019-06-12,GB,2.03088446617423
2019-06-12,IE,4.01402147362236
2019-06-12,IT,2.31986687472786
2019-06-12,NL,1.74576312547256
2019-06-12,US,1.66398671929021
2019-06-13,AU,2.15990218959838
2019-06-13,CA,1.63004767080036
2019-06-13,DE,2.05846256047725
2019-06-13,FR,2.08547030983067
2019-06-13,GB,2.03034963433577
2019-06-13,IE,4.00457531231667
2019-06-13,IT,2.32380100688782
2019-06-13,NL,1.74240544938496
2019-06-13,US,1.66282073714206
2019-06-14,AU,2.14502456789788
2019-06-14,CA,1.62870995459141
2019-06-14,DE,2.05731065310571
2019-06-14,FR,2.0862763965562
2019-06-14,GB,2.02903799804196
2019-06-14,IE,3.99785145837697
2019-06-14,IT,2.32252562428106
2019-06-14,NL,1.7393565369803
2019-06-14,US,1.66039316113991
2019-06-15,AU,2.13408060560293
2019-06-15,CA,1.62922380626357
2019-06-15,DE,2.05674705230769
2019-06-15,FR,2.0872126446595
2019-06-15,GB,2.02936644174634
2019-06-15,IE,4.02083738554235
2019-06-15,IT,2.3190618586727
2019-06-15,NL,1.7348127020881
2019-06-15,US,1.66063921309267
2019-06-16,AU,2.1175244325181
2019-06-16,CA,1.62904030006294
2019-06-16,DE,2.06118782837851
2019-06-16,FR,2.08950366170932
2019-06-16,GB,2.02866716230404
2019-06-16,IE,4.02622905367531
2019-06-16,IT,2.31607682809899
2019-06-16,NL,1.7306124290902
2019-06-16,US,1.66015446151207
2019-06-17,AU,2.1004628274069
2019-06-17,CA,1.62983230529096
2019-06-17,DE,2.0607884759672
2019-06-17,FR,2.09542864214273
2019-06-17,GB,2.02767350179388
2019-06-17,IE,4.03617265503347
2019-06-17,IT,2.31350846195752
2019-06-17,NL,1.72840936235702
2019-06-17,US,1.65945005244182
2019-06-18,AU,2.08609518806693
2019-06-18,CA,1.63297503420655
2019-06-18,DE,2.06141579067774
2019-06-18,FR,2.09652553180518
2019-06-18,GB,2.02606909114859
2019-06-18,IE,4.04297847765762
2019-06-18,IT,2.31456856934204
2019-06-18,NL,1.72647033947487
2019-06-18,US,1.65906364026015
2019-06-19,AU,2.07474766919132
2019-06-19,CA,1.63693899812681
2019-06-19,DE,2.05728502088892
2019-06-19,FR,2.09897336668492
2019-06-19,GB,2.02467984851462
2019-06-19,IE,4.05927105860324
2019-06-19,IT,2.31785324317256
2019-06-19,NL,1.72665361226451
2019-06-19,US,1.66036265953982
2019-06-20,AU,2.06452400368042
2019-06-20,CA,1.6412720302941
2019-06-20,DE,2.05308269661714
2019-06-20,FR,2.10035645138474
2019-06-20,GB,2.02537578440057
2019-06-20,IE,4.0800759999963
2019-06-20,IT,2.32286691491384
2019-06-20,NL,1.73061734029852
2019-06-20,US,1.66317572466079
2019-06-21,AU,2.06889961482631
2019-06-21,CA,1.64591609593506
2019-06-21,DE,2.05093392237737
2019-06-21,FR,2.10000037751211
2019-06-21,GB,2.02916697859382
2019-06-21,IE,4.10875401538664
2019-06-21,IT,2.33282611745386
2019-06-21,NL,1.74279059001396
2019-06-21,US,1.66515861938692
2019-06-22,AU,2.07133044601948
2019-06-22,CA,1.64852526891011
2019-06-22,DE,2.04854951331976
2019-06-22,FR,2.09856080645119
2019-06-22,GB,2.03223407136876
2019-06-22,IE,4.12228206009645
2019-06-22,IT,2.33856897555046
2019-06-22,NL,1.75583685656916
2019-06-22,US,1.66761798685002
2019-06-23,AU,2.08011232260424
2019-06-23,CA,1.64952426034848
2019-06-23,DE,2.04633573838125
2019-06-23,FR,2.09873314584858
2019-06-23,GB,2.03394216290584
2019-06-23,IE,4.14952894572163
2019-06-23,IT,2.34523124366542
2019-06-23,NL,1.76841434627002
2019-06-23,US,1.67219345019729
2019-06-24,AU,2.09333074066376
2019-06-24,CA,1.65064640642436
2019-06-24,DE,2.04490071533026
2019-06-24,FR,2.09950801275948
2019-06-24,GB,2.03486405738263
2019-06-24,IE,4.17591135186969
2019-06-24,IT,2.35298210005789
2019-06-24,NL,1.77879267689597
2019-06-24,US,1.67756251308916
2019-06-25,AU,2.1081864042003
2019-06-25,CA,1.65133400055134
2019-06-25,DE,2.04305668501003
2019-06-25,FR,2.10144475444352
2019-06-25,GB,2.03851635211293
2019-06-25,IE,4.21224696578899
2019-06-25,IT,2.35814064268685
2019-06-25,NL,1.78814077955175
2019-06-25,US,1.680525318694
2019-06-26,AU,2.12348703821186
2019-06-26,CA,1.65448358989596
2019-06-26,DE,2.04255648515665
2019-06-26,FR,2.10183202705165
2019-06-26,GB,2.04065432250988
2019-06-26,IE,4.22905030128762
2019-06-26,IT,2.36245934689289
2019-06-26,NL,1.79524671060272
2019-06-26,US,1.68232312777451
2019-06-27,AU,2.13646559925378
2019-06-27,CA,1.65573721443227
2019-06-27,DE,2.03989595615518
2019-06-27,FR,2.10020667160479
2019-06-27,GB,2.04319280548492
2019-06-27,IE,4.24419204221121
2019-06-27,IT,2.35961663247093
2019-06-27,NL,1.80350519666373
2019-06-27,US,1.683355420002
2019-06-28,AU,2.14512489469104
2019-06-28,CA,1.65634884800159
2019-06-28,DE,2.0355901642022
2019-06-28,FR,2.09738833294367
2019-06-28,GB,2.04249978081758
2019-06-28,IE,4.24123322416667
2019-06-28,IT,2.35063237830548
2019-06-28,NL,1.80659430353497
2019-06-28,US,1.68545419298586
2019-06-29,AU,2.14562270577649
2019-06-29,CA,1.65776702752926
2019-06-29,DE,2.03061712126934
2019-06-29,FR,2.09670258927633
2019-06-29,GB,2.04185486496208
2019-06-29,IE,4.23420647108971
2019-06-29,IT,2.35044147728442
2019-06-29,NL,1.8092065302268
2019-06-29,US,1.6973163983967
2019-06-30,AU,2.14453416938133
2019-06-30,CA,1.65961813835915
2019-06-30,DE,2.02499649887644
2019-06-30,FR,2.09724012605806
2019-06-30,GB,2.04211982867183
2019-06-30,IE,4.22943308146474
2019-06-30,IT,2.35117090266052
2019-06-30,NL,1.81246888711898
2019-06-30,US,1.70722553948765
2019-07-01,AU,2.13850508414594
2019-07-01,CA,1.66145832505782
2019-07-01,DE,2.01772824877248
2019-07-01,FR,2.09552334155986
2019-07-01,GB,2.04427331479792
2019-07-01,IE,4.22966158398413
2019-07-01,IT,2.34540123231113
2019-07-01,NL,1.81762910661333
2019-07-01,US,1.7174971238464
2019-07-02,AU,2.13024171794566
2019-07-02,CA,1.66323572453247
2019-07-02,DE,2.00932476049616
2019-07-02,FR,2.09505457573527
2019-07-02,GB,2.04288855022689
2019-07-02,IE,4.23037788187545
2019-07-02,IT,2.34031831933058
2019-07-02,NL,1.81445240794979
2019-07-02,US,1.72158292115111
2019-07-03,AU,2.12233288837205
2019-07-03,CA,1.66366887852004
2019-07-03,DE,2.00780841062467
2019-07-03,FR,2.09465370499101
2019-07-03,GB,2.04175071143745
2019-07-03,IE,4.23200197965746
2019-07-03,IT,2.33188158215949
2019-07-03,NL,1.81064764019627
2019-07-03,US,1.72804667722778
2019-07-04,AU,2.12024557986162
2019-07-04,CA,1.66566108380866
2019-07-04,DE,2.00762802303599
2019-07-04,FR,2.09203839416466
2019-07-04,GB,2.04116579055363
2019-07-04,IE,4.22380580712674
2019-07-04,IT,2.32764194843107
2019-07-04,NL,1.80472375271538
2019-07-04,US,1.73616379654113
2019-07-05,AU,2.11673133773808
2019-07-05,CA,1.66770389252779
2019-07-05,DE,2.00714424103271
2019-07-05,FR,2.09642342912927
2019-07-05,GB,2.04092458856841
2019-07-05,IE,4.21858890301483
2019-07-05,IT,2.33161802118805
2019-07-05,NL,1.7994565635451
2019-07-05,US,1.74486069572521
2019-07-06,AU,2.11787515060804
2019-07-06,CA,1.6702070866829
2019-07-06,DE,2.00600995772336
2019-07-06,FR,2.09735330160687
2019-07-06,GB,2.04284840998689
2019-07-06,IE,4.22256474065819
2019-07-06,IT,2.32907238811688
2019-07-06,NL,1.7942686366295
2019-07-06,US,1.74202447528264
2019-07-07,AU,2.11947213880195
2019-07-07,CA,1.67393941002203
2019-07-07,DE,2.00452873303978
2019-07-07,FR,2.09420401421556
2019-07-07,GB,2.0448345202226
2019-07-07,IE,4.22354838677732
2019-07-07,IT,2.32542932356642
2019-07-07,NL,1.78728438573323
2019-07-07,US,1.7406175966992
2019-07-08,AU,2.12106201088463
2019-07-08,CA,1.676998380681
2019-07-08,DE,2.00428898803819
2019-07-08,FR,2.0956532746189
2019-07-08,GB,2.04656358310221
2019-07-08,IE,4.21943367428735
2019-07-08,IT,2.32857711806704
2019-07-08,NL,1.77845520423874
2019-07-08,US,1.7357709274019
2019-07-09,AU,2.1299700444878
2019-07-09,CA,1.67810733319954
2019-07-09,DE,2.00546836111807
2019-07-09,FR,2.09446985975825
2019-07-09,GB,2.05078802991361
2019-07-09,IE,4.19974074388072
2019-07-09,IT,2.33208357672371
2019-07-09,NL,1.77970169394165
2019-07-09,US,1.73968671968055
2019-07-10,AU,2.14000709118574
2019-07-10,CA,1.67820858825744
2019-07-10,DE,2.00274951754485
2019-07-10,FR,2.08933682133565
2019-07-10,GB,2.05686150463765
2019-07-10,IE,4.17826993922006
2019-07-10,IT,2.34184284938131
2019-07-10,NL,1.78347840391625
2019-07-10,US,1.73861140744813
2019-07-11,AU,2.1501985261365
2019-07-11,CA,1.67547050085082
2019-07-11,DE,2.00005721981463
2019-07-11,FR,2.08731570077804
2019-07-11,GB,2.06034091150221
2019-07-11,IE,4.16198000112486
2019-07-11,IT,2.35053923970006
2019-07-11,NL,1.7894914183127
2019-07-11,US,1.73658096805509
2019-07-12,AU,2.16393904879132
2019-07-12,CA,1.67071443981906
2019-07-12,DE,1.99644094423877
2019-07-12,FR,2.07985205977408
2019-07-12,GB,2.06624530708537
2019-07-12,IE,4.15719457529076
2019-07-12,IT,2.35316183706927
2019-07-12,NL,1.7937334201866
2019-07-12,US,1.73385627854432
2019-07-13,AU,2.1734501940138
2019-07-13,CA,1.66534020451479
2019-07-13,DE,1.99280076091934
2019-07-13,FR,2.07365101548707
2019-07-13,GB,2.06434738402296
2019-07-13,IE,4.13593747816731
2019-07-13,IT,2.36076172171924
2019-07-13,NL,1.79347149950191
2019-07-13,US,1.7261586920929
2019-07-14,AU,2.18580134803883
2019-07-14,CA,1.65961463322227
2019-07-14,DE,1.99058067731612
2019-07-14,FR,2.07325166065112
2019-07-14,GB,2.06765478155226
2019-07-14,IE,4.11933116591206
2019-07-14,IT,2.36752705501272
2019-07-14,NL,1.79711018948818
2019-07-14,US,1.72195980574628
2019-07-15,AU,2.20210544411479
2019-07-15,CA,1.65335247528199
2019-07-15,DE,1.98768018384239
2019-07-15,FR,2.06667414309054
2019-07-15,GB,2.068894807219
2019-07-15,IE,4.10300914776782
2019-07-15,IT,2.37551092325302
2019-07-15,NL,1.80177375105439
2019-07-15,US,1.72000150301015
2019-07-16,AU,2.21305509054868
2019-07-16,CA,1.65101537235401
2019-07-16,DE,1.98299906259211
2019-07-16,FR,2.06829381139659
2019-07-16,GB,2.07094571824494
2019-07-16,IE,4.09360253884877
2019-07-16,IT,2.38710512800706
2019-07-16,NL,1.80207184951729
2019-07-16,US,1.71780993514369
2019-07-17,AU,2.22443251789686
2019-07-17,CA,1.65008214252385
2019-07-17,DE,1.97847620172695
2019-07-17,FR,2.07122895629279
2019-07-17,GB,2.07015963545963
2019-07-17,IE,4.10230853262432
2019-07-17,IT,2.3975847136746
2019-07-17,NL,1.80089180773078
2019-07-17,US,1.71993229826878
2019-07-18,AU,2.23228838125308
2019-07-18,CA,1.65440842399082
2019-07-18,DE,1.97560634737495
2019-07-18,FR,2.07586028195945
2019-07-18,GB,2.07158184935514
2019-07-18,IE,4.1086694728707
2019-07-18,IT,2.41909030986501
2019-07-18,NL,1.79780020594765
2019-07-18,US,1.72040964786549
2019-07-19,AU,2.23314168115153
2019-07-19,CA,1.66122378219264
2019-07-19,DE,1.97179498533549
2019-07-19,FR,2.0789858185384
2019-07-19,GB,2.06988275591032
2019-07-19,IE,4.10693115469557
2019-07-19,IT,2.43666859974498
2019-07-19,NL,1.79606322381067
2019-07-19,US,1.72181037903761
2019-07-20,AU,2.24219448952845
2019-07-20,CA,1.66897442596744
2019-07-20,DE,1.96877940331241
2019-07-20,FR,2.07590703425536
2019-07-20,GB,2.07187981819501
2019-07-20,IE,4.11447982211894
2019-07-20,IT,2.45365965933424
2019-07-20,NL,1.79763075774628
2019-07-20,US,1.72594191397111
2019-07-21,AU,2.2477959744669
2019-07-21,CA,1.67527657960719
2019-07-21,DE,1.95981863264894
2019-07-21,FR,2.07258715258351
2019-07-21,GB,2.07031148407979
2019-07-21,IE,4.12131931079611
2019-07-21,IT,2.47229937836563
2019-07-21,NL,1.80031539465507
2019-07-21,US,1.72833422867688
2019-07-22,AU,2.25395069153569
2019-07-22,CA,1.68432728288662
2019-07-22,DE,1.95811587489772
2019-07-22,FR,2.07363398819574
2019-07-22,GB,2.06952076916946
2019-07-22,IE,4.11843796170367
2019-07-22,IT,2.49056838565607
2019-07-22,NL,1.80441624342816
2019-07-22,US,1.72994010848123
2019-07-23,AU,2.26443337288302
2019-07-23,CA,1.69047033496005
2019-07-23,DE,1.95868509888986
2019-07-23,FR,2.06717182158619
2019-07-23,GB,2.06650365982607
2019-07-23,IE,4.12555852855891
2019-07-23,IT,2.50924953891635
2019-07-23,NL,1.8132429718716
2019-07-23,US,1.73157771910016
2019-07-24,AU,2.26938590163509
2019-07-24,CA,1.69720559154224
2019-07-24,DE,1.95779062298261
2019-07-24,FR,2.06372238416151
2019-07-24,GB,2.06248591136064
2019-07-24,IE,4.1366339688141
2019-07-24,IT,2.5311180656934
2019-07-24,NL,1.8172183155439
2019-07-24,US,1.72911053537774
2019-07-25,AU,2.2753857081533
2019-07-25,CA,1.70180868389641
2019-07-25,DE,1.96059285160648
2019-07-25,FR,2.05744588781008
2019-07-25,GB,2.05956947933576
2019-07-25,IE,4.1505075750493
2019-07-25,IT,2.54974037743996
2019-07-25,NL,1.82491199002757
2019-07-25,US,1.73267796552161
2019-07-26,AU,2.28632406858091
2019-07-26,CA,1.70684347086023
2019-07-26,DE,1.96720399416241
2019-07-26,FR,2.05510152613824
2019-07-26,GB,2.06323241291493
2019-07-26,IE,4.16611213952862
2019-07-26,IT,2.56778862321974
2019-07-26,NL,1.83354005809526
2019-07-26,US,1.73553743356698
2019-07-27,AU,2.29238295488783
2019-07-27,CA,1.71095903721091
2019-07-27,DE,1.97249002666599
2019-07-27,FR,2.05543268777082
2019-07-27,GB,2.06588079477975
2019-07-27,IE,4.17285997093455
2019-07-27,IT,2.5836771389751
2019-07-27,NL,1.8470799637979
2019-07-27,US,1.73852337034355
2019-07-28,AU,2.30100493214579
2019-07-28,CA,1.71592073968605
2019-07-28,DE,1.9820349052003
2019-07-28,FR,2.05640002350458
2019-07-28,GB,2.06775272253653
2019-07-28,IE,4.17583888733233
2019-07-28,IT,2.60239620688977
2019-07-28,NL,1.8557708531488
2019-07-28,US,1.73897433664187
2019-07-29,AU,2.30042512580061
2019-07-29,CA,1.71719575970762
2019-07-29,DE,1.98367120601907
2019-07-29,FR,2.05793785298704
2019-07-29,GB,2.0688366796302
2019-07-29,IE,4.19197851334572
2019-07-29,IT,2.61253240419225
2019-07-29,NL,1.86089962311073
2019-07-29,US,1.74051762176942
2019-07-30,AU,2.28611480626313
2019-07-30,CA,1.71848308729462
2019-07-30,DE,1.98523111141792
2019-07-30,FR,2.0575912985119
2019-07-30,GB,2.07166930606617
2019-07-30,IE,4.19850614720255
2019-07-30,IT,2.62594571360773
2019-07-30,NL,1.86006047355898
2019-07-30,US,1.74420890242475
2019-07-31,AU,2.27462533819673
2019-07-31,CA,1.71781076216758
2019-07-31,DE,1.98975919387659
2019-07-31,FR,2.05518189426041
2019-07-31,GB,2.06982567416096
2019-07-31,IE,4.18483256460731
2019-07-31,IT,2.64370910264109
2019-07-31,NL,1.86834682235546
2019-07-31,US,1.75074261575923
2019-08-01,AU,2.25564731281581
2019-08-01,CA,1.71737279165942
2019-08-01,DE,1.98782360500537
2019-08-01,FR,2.05830622707878
2019-08-01,GB,2.06733918142399
2019-08-01,IE,4.17126786370487
2019-08-01,IT,2.65432445744163
2019-08-01,NL,1.87179914686954
2019-08-01,US,1.75247059592676
2019-08-02,AU,2.23854036211618
2019-08-02,CA,1.71700383956109
2019-08-02,DE,1.98467635796297
2019-08-02,FR,2.06084875328018
2019-08-02,GB,2.05994058081306
2019-08-02,IE,4.15569164332517
2019-08-02,IT,2.67384587741708
2019-08-02,NL,1.87306524485011
2019-08-02,US,1.75263805679321
2019-08-03,AU,2.22351396312675
2019-08-03,CA,1.71714027912634
2019-08-03,DE,1.98172327544843
2019-08-03,FR,2.06371479973746
2019-08-03,GB,2.05489754628366
2019-08-03,IE,4.16231036797165
2019-08-03,IT,2.69550331536138
2019-08-03,NL,1.87308181517118
2019-08-03,US,1.75467190199222
2019-08-04,AU,2.20399042106168
2019-08-04,CA,1.71814637944571
2019-08-04,DE,1.97918036722975
2019-08-04,FR,2.06334669920336
2019-08-04,GB,2.04834958111056
2019-08-04,IE,4.16721246415389
2019-08-04,IT,2.71854320264893
2019-08-04,NL,1.87286606772244
2019-08-04,US,1.75532260475277
2019-08-05,AU,2.19923431631016
2019-08-05,CA,1.7216850223651
2019-08-05,DE,1.97668294947102
2019-08-05,FR,2.06220445819477
2019-08-05,GB,2.04302030056236
2019-08-05,IE,4.16473303821907
2019-08-05,IT,2.74934656434389
2019-08-05,NL,1.87284818589514
2019-08-05,US,1.75523691752369
2019-08-06,AU,2.19909181012677
2019-08-06,CA,1.7259987177005
2019-08-06,DE,1.97423271603074
2019-08-06,FR,2.06027529102385
2019-08-06,GB,2.03880801549396
2019-08-06,IE,4.17541195365989
2019-08-06,IT,2.76828876456567
2019-08-06,NL,1.87865383261014
2019-08-06,US,1.75332878708558
2019-08-07,AU,2.20524787252778
2019-08-07,CA,1.72953642889146
2019-08-07,DE,1.97229254894483
2019-08-07,FR,2.05875976693941
2019-08-07,GB,2.04093775774229
2019-08-07,IE,4.18580680043074
2019-08-07,IT,2.78260224436803
2019-08-07,NL,1.88442341862993
2019-08-07,US,1.75196925096804
2019-08-08,AU,2.21801821496087
2019-08-08,CA,1.73295449785219
2019-08-08,DE,1.97329981575681
2019-08-08,FR,2.05326891960842
2019-08-08,GB,2.03925575285075
2019-08-08,IE,4.19946218521726
2019-08-08,IT,2.79316463141233
2019-08-08,NL,1.89253498186993
2019-08-08,US,1.74498926173069
2019-08-09,AU,2.22731920527833
2019-08-09,CA,1.73559640795531
2019-08-09,DE,1.97344532061271
2019-08-09,FR,2.05023407412228
2019-08-09,GB,2.03804927165873
2019-08-09,IE,4.21372027873174
2019-08-09,IT,2.80475327683767
2019-08-09,NL,1.90367987712226
2019-08-09,US,1.73948640959869
2019-08-10,AU,2.23409903200475
2019-08-10,CA,1.73710471605568
2019-08-10,DE,1.97452523959376
2019-08-10,FR,2.05875764072499
2019-08-10,GB,2.03835615101523
2019-08-10,IE,4.20666287798245
2019-08-10,IT,2.8134594058417
2019-08-10,NL,1.91239996070558
2019-08-10,US,1.73315001967219
2019-08-11,AU,2.24066790845131
2019-08-11,CA,1.73823429809241
2019-08-11,DE,1.97588772291465
2019-08-11,FR,2.06836242558936
2019-08-11,GB,2.03953530468689
2019-08-11,IE,4.20649801321278
2019-08-11,IT,2.81983777421397
2019-08-11,NL,1.92237663918945
2019-08-11,US,1.72835982414034
2019-08-12,AU,2.23872927097841
2019-08-12,CA,1.73820578305938
2019-08-12,DE,1.97768710608858
2019-08-12,FR,2.07979061036021
2019-08-12,GB,2.04118996765303
2019-08-12,IE,4.2047046839941
2019-08-12,IT,2.82396317142397
2019-08-12,NL,1.93256195458322
2019-08-12,US,1.72442425013008
2019-08-13,AU,2.24046878203752
2019-08-13,CA,1.73868719841059
2019-08-13,DE,1.98007013468563
2019-08-13,FR,2.09314187215575
2019-08-13,GB,2.03940204692734
2019-08-13,IE,4.18141253611038
2019-08-13,IT,2.83212813368834
2019-08-13,NL,1.94352324534217
2019-08-13,US,1.71969488967969
2019-08-14,AU,2.24142374353892
2019-08-14,CA,1.73923089127168
2019-08-14,DE,1.98324060126426
2019-08-14,FR,2.10784182621894
2019-08-14,GB,2.03834420610604
2019-08-14,IE,4.1643007948325
2019-08-14,IT,2.83211620814204
2019-08-14,NL,1.94798486723916
2019-08-14,US,1.71277428715556
2019-08-15,AU,2.24366596197963
2019-08-15,CA,1.73678449226782
2019-08-15,DE,1.98614369203986
2019-08-15,FR,2.12321817081442
2019-08-15,GB,2.04076005729359
2019-08-15,IE,4.14861865563866
2019-08-15,IT,2.83872633937138
2019-08-15,NL,1.95125841691386
2019-08-15,US,1.71235147306266
2019-08-16,AU,2.24729137355108
2019-08-16,CA,1.73497123237916
2019-08-16,DE,1.98710860379352
2019-08-16,FR,2.13556130906087
2019-08-16,GB,2.04344591999508
2019-08-16,IE,4.11918928156631
2019-08-16,IT,2.84653550759584
2019-08-16,NL,1.95088016613053
2019-08-16,US,1.71181356053546
2019-08-17,AU,2.25020656076314
2019-08-17,CA,1.73375793842065
2019-08-17,DE,1.98663756081178
2019-08-17,FR,2.13788174172689
2019-08-17,GB,2.04400364810808
2019-08-17,IE,4.08938665133548
2019-08-17,IT,2.85710225131896
2019-08-17,NL,1.94875465948768
2019-08-17,US,1.70959172775386
2019-08-18,AU,2.25762465416159
2019-08-18,CA,1.73100000361391
2019-08-18,DE,1.9875060257383
2019-08-18,FR,2.14032832085067
2019-08-18,GB,2.0457832530924
2019-08-18,IE,4.0680451092072
2019-08-18,IT,2.86479454724139
2019-08-18,NL,1.94869253538035
2019-08-18,US,1.70821837354755
2019-08-19,AU,2.26517591239828
2019-08-19,CA,1.72890972894086
2019-08-19,DE,1.98905093586566
2019-08-19,FR,2.13951921653122
2019-08-19,GB,2.04596556818345
2019-08-19,IE,4.05180673222811
2019-08-19,IT,2.87522704533665
2019-08-19,NL,1.94688460500094
2019-08-19,US,1.7078844762616
2019-08-20,AU,2.27260419892173
2019-08-20,CA,1.72511140632069
2019-08-20,DE,1.99106183736098
2019-08-20,FR,2.14185011016704
2019-08-20,GB,2.04686613963947
2019-08-20,IE,4.03561435813351
2019-08-20,IT,2.8831994401834
2019-08-20,NL,1.94481980136289
2019-08-20,US,1.70725437552546
2019-08-21,AU,2.27367833257322
2019-08-21,CA,1.72093010500104
2019-08-21,DE,1.99134921904171
2019-08-21,FR,2.14118993706613
2019-08-21,GB,2.04644134781655
2019-08-21,IE,4.01156549707741
2019-08-21,IT,2.89422379205948
2019-08-21,NL,1.94352552722144
2019-08-21,US,1.70838188527361
2019-08-22,AU,2.26925910940026
2019-08-22,CA,1.71707916095158
2019-08-22,DE,1.99015946706976
2019-08-22,FR,2.14114122300251
2019-08-22,GB,2.04505379783035
2019-08-22,IE,3.9718060909941
2019-08-22,IT,2.89444230101305
2019-08-22,NL,1.94472054034048
2019-08-22,US,1.7072364506072
2019-08-23,AU,2.27083115026258
2019-08-23,CA,1.71158442705165
2019-08-23,DE,1.98967922927187
2019-08-23,FR,2.13905156388426
2019-08-23,GB,2.04548900659003
2019-08-23,IE,3.94406309460151
2019-08-23,IT,2.95326789179625
2019-08-23,NL,1.94569415195032
2019-08-23,US,1.70575499821837
2019-08-24,AU,2.27613741767436
2019-08-24,CA,1.7033720844897
2019-08-24,DE,1.98848689302174
2019-08-24,FR,2.13705767917758
2019-08-24,GB,2.04410711766104
2019-08-24,IE,3.92215532050243
2019-08-24,IT,3.01418680394188
2019-08-24,NL,1.94734760142452
2019-08-24,US,1.70585243022461
2019-08-25,AU,2.27959676474523
2019-08-25,CA,1.695886325161
2019-08-25,DE,1.98625682647718
2019-08-25,FR,2.1355707970544
2019-08-25,GB,2.04249487197041
2019-08-25,IE,3.88751216934916
2019-08-25,IT,3.07305903612761
2019-08-25,NL,1.9434351759497
2019-08-25,US,1.70488078250478
2019-08-26,AU,2.27737779824189
2019-08-26,CA,1.68748330470334
2019-08-26,DE,1.98281020645949
2019-08-26,FR,2.13350187021825
2019-08-26,GB,2.03933577485549
2019-08-26,IE,3.84888740620488
2019-08-26,IT,3.07809522196659
2019-08-26,NL,1.94456319323147
2019-08-26,US,1.7024059882832
2019-08-27,AU,2.27779423463287
2019-08-27,CA,1.68210780070511
2019-08-27,DE,1.97723921513476
2019-08-27,FR,2.12436727501443
2019-08-27,GB,2.03888385279908
2019-08-27,IE,3.83258772022241
2019-08-27,IT,3.0987164855579
2019-08-27,NL,1.94407164303083
2019-08-27,US,1.70029195765913
2019-08-28,AU,2.27876915681462
2019-08-28,CA,1.67723902876523
2019-08-28,DE,1.97144255768632
2019-08-28,FR,2.11828338001328
2019-08-28,GB,2.03781550172875
2019-08-28,IE,3.81413548373737
2019-08-28,IT,3.09331657711553
2019-08-28,NL,1.94530460396301
2019-08-28,US,1.69733095832897
2019-08-29,AU,2.27991400466405
2019-08-29,CA,1.67341668842416
2019-08-29,DE,1.96559786850261
2019-08-29,FR,2.10993485863073
2019-08-29,GB,2.0356349204066
2019-08-29,IE,3.80677265238376
2019-08-29,IT,3.0903912266246
2019-08-29,NL,1.94368782873537
2019-08-29,US,1.69737567421396
2019-08-30,AU,2.27629296439188
2019-08-30,CA,1.66900554154743
2019-08-30,DE,1.96118647648194
2019-08-30,FR,2.09561604473549
2019-08-30,GB,2.03128369360627
2019-08-30,IE,3.79608583443014
2019-08-30,IT,3.02467130857846
2019-08-30,NL,1.94371241994518
2019-08-30,US,1.69826247817352
2019-08-31,AU,2.27014824976835
2019-08-31,CA,1.67031942968797
2019-08-31,DE,1.95847732676787
2019-08-31,FR,2.08490507990414
2019-08-31,GB,2.03187965609776
2019-08-31,IE,3.78637144546098
2019-08-31,IT,2.95748025058801
2019-08-31,NL,1.94250502490392
2019-08-31,US,1.70033163786228
2019-09-01,AU,2.26356750302599
2019-09-01,CA,1.67063976229742
2019-09-01,DE,1.95620648792291
2019-09-01,FR,2.07370208928311
2019-09-01,GB,2.03239778912109
2019-09-01,IE,3.77028664863692
2019-09-01,IT,2.8899151244674
2019-09-01,NL,1.94348464046243
2019-09-01,US,1.70297943937125
2019-09-02,AU,2.25760662611996
2019-09-02,CA,1.67151851723123
2019-09-02,DE,1.95498702052193
2019-09-02,FR,2.0651125285279
2019-09-02,GB,2.03523783391328
2019-09-02,IE,3.76386391112813
2019-09-02,IT,2.87722175627452
2019-09-02,NL,1.93885512395728
2019-09-02,US,1.70616618133444
2019-09-03,AU,2.24866364495178
2019-09-03,CA,1.67218033638905
2019-09-03,DE,1.95465627610854
2019-09-03,FR,2.06404678655637
2019-09-03,GB,2.03555818279911
2019-09-03,IE,3.74438262968164
2019-09-03,IT,2.84733774490324
2019-09-03,NL,1.93582399389833
2019-09-03,US,1.70996827321037
2019-09-04,AU,2.23937000759498
2019-09-04,CA,1.67203644645451
2019-09-04,DE,1.95402771450417
2019-09-04,FR,2.06242259973447
2019-09-04,GB,2.0365242627682
2019-09-04,IE,3.74217283671159
2019-09-04,IT,2.84238370685274
2019-09-04,NL,1.92997361920438
2019-09-04,US,1.71409163134693
2019-09-05,AU,2.23597416324692
2019-09-05,CA,1.67385858851045
2019-09-05,DE,1.95360285758261
2019-09-05,FR,2.06260393753939
2019-09-05,GB,2.03634185663357
2019-09-05,IE,3.73863344943039
2019-09-05,IT,2.83790589618657
2019-09-05,NL,1.92533109108662
2019-09-05,US,1.70972596920158
2019-09-06,AU,2.2267383028552
2019-09-06,CA,1.67739337069479
2019-09-06,DE,1.9451703235551
2019-09-06,FR,2.06731816602279
2019-09-06,GB,2.03560748234802
2019-09-06,IE,3.73588328375776
2019-09-06,IT,2.80990443652871
2019-09-06,NL,1.91605742788493
2019-09-06,US,1.70536515125472
2019-09-07,AU,2.21754070908309
2019-09-07,CA,1.67918368394992
2019-09-07,DE,1.9374685158959
2019-09-07,FR,2.06276275827366
2019-09-07,GB,2.03141600443301
2019-09-07,IE,3.74285948761001
2019-09-07,IT,2.78784082361517
2019-09-07,NL,1.90588964500459
2019-09-07,US,1.70260585927049
2019-09-08,AU,2.2055871879007
2019-09-08,CA,1.68233438029716
2019-09-08,DE,1.92850090561943
2019-09-08,FR,2.06478829940398
2019-09-08,GB,2.0268838434555
2019-09-08,IE,3.75500941049362
2019-09-08,IT,2.76578951373405
2019-09-08,NL,1.8978720970652
2019-09-08,US,1.69790703350249
2019-09-09,AU,2.21299620081555
2019-09-09,CA,1.68741176699819
2019-09-09,DE,1.93013284768009
2019-09-09,FR,2.06860216291893
2019-09-09,GB,2.02495442957544
2019-09-09,IE,3.7652297890973
2019-09-09,IT,2.765612567771
2019-09-09,NL,1.89459779530825
2019-09-09,US,1.6998504550277
2019-09-10,AU,2.22204658137533
2019-09-10,CA,1.69114653639423
2019-09-10,DE,1.93181493646288
2019-09-10,FR,2.07255356245118
2019-09-10,GB,2.02180414597736
2019-09-10,IE,3.77700278579167
2019-09-10,IT,2.76487763972139
2019-09-10,NL,1.88942858103016
2019-09-10,US,1.70235113960403
2019-09-11,AU,2.23021421936452
2019-09-11,CA,1.6967672375277
2019-09-11,DE,1.93291642528101
2019-09-11,FR,2.07649565451266
2019-09-11,GB,2.01798303602132
2019-09-11,IE,3.78803492097393
2019-09-11,IT,2.76315665313251
2019-09-11,NL,1.88652520413489
2019-09-11,US,1.70420571952336
2019-09-12,AU,2.2225972678371
2019-09-12,CA,1.70465498676772
2019-09-12,DE,1.93204194610172
2019-09-12,FR,2.080196499731
2019-09-12,GB,2.01464966640446
2019-09-12,IE,3.81888328791817
2019-09-12,IT,2.75979455197204
2019-09-12,NL,1.88504635027987
2019-09-12,US,1.7135451044171
2019-09-13,AU,2.2142899534631
2019-09-13,CA,1.70857617975644
2019-09-13,DE,1.93553847943735
2019-09-13,FR,2.07804980157039
2019-09-13,GB,2.01144948460761
2019-09-13,IE,3.84672075521718
2019-09-13,IT,2.78456187890619
2019-09-13,NL,1.8854078839468
2019-09-13,US,1.72342637772749
2019-09-14,AU,2.21335220877402
2019-09-14,CA,1.71244345280521
2019-09-14,DE,1.94180169456062
2019-09-14,FR,2.09042859989247
2019-09-14,GB,2.00945553098207
2019-09-14,IE,3.86343000490031
2019-09-14,IT,2.80187589663078
2019-09-14,NL,1.88947535055311
2019-09-14,US,1.73201221115524
2019-09-15,AU,2.21218254249501
2019-09-15,CA,1.71704479643578
2019-09-15,DE,1.94873758909544
2019-09-15,FR,2.08978731334982
2019-09-15,GB,2.00753090457814
2019-09-15,IE,3.88378263960187
2019-09-15,IT,2.81623368038473
2019-09-15,NL,1.89203590378105
2019-09-15,US,1.7432710176837
2019-09-16,AU,2.19643739589961
2019-09-16,CA,1.71887309740462
2019-09-16,DE,1.94448302529507
2019-09-16,FR,2.08574521847905
2019-09-16,GB,2.00281842714308
2019-09-16,IE,3.90607315666885
2019-09-16,IT,2.80073739646661
2019-09-16,NL,1.89072048955884
2019-09-16,US,1.74809679024666
2019-09-17,AU,2.17884131200845
2019-09-17,CA,1.72144982674857
2019-09-17,DE,1.94007545433646
2019-09-17,FR,2.07828637276876
2019-09-17,GB,1.99907049157951
2019-09-17,IE,3.91824136392119
2019-09-17,IT,2.78788041339094
2019-09-17,NL,1.88925207878552
2019-09-17,US,1.75194960221245
2019-09-18,AU,2.1589793933612
2019-09-18,CA,1.72560510543787
2019-09-18,DE,1.93586849846795
2019-09-18,FR,2.06931160650616
2019-09-18,GB,1.99861539230535
2019-09-18,IE,3.93975996397415
2019-09-18,IT,2.77687353716677
2019-09-18,NL,1.88885833912538
2019-09-18,US,1.75715797670262
2019-09-19,AU,2.15642413035083
2019-09-19,CA,1.72673414694588
2019-09-19,DE,1.9335426641928
2019-09-19,FR,2.06595317391797
2019-09-19,GB,1.99828645813164
2019-09-19,IE,3.94557738112196
2019-09-19,IT,2.7741500806408
2019-09-19,NL,1.88715588184456
2019-09-19,US,1.76309709433014
2019-09-20,AU,2.16107546128709
2019-09-20,CA,1.73861198779092
2019-09-20,DE,1.93662463828899
2019-09-20,FR,2.07005435743218
2019-09-20,GB,2.01044620254813
2019-09-20,IE,3.96478829571422
2019-09-20,IT,2.76667443866228
2019-09-20,NL,1.88921090327715
2019-09-20,US,1.77566812901522
2019-09-21,AU,2.1562016177879
2019-09-21,CA,1.74825981026027
2019-09-21,DE,1.93811146326387
2019-09-21,FR,2.07352146370775
2019-09-21,GB,2.02050746166307
2019-09-21,IE,3.97683540036895
2019-09-21,IT,2.7565704763049
2019-09-21,NL,1.88899736544749
2019-09-21,US,1.7862925517779
2019-09-22,AU,2.15517029790785
2019-09-22,CA,1.75959513901148
2019-09-22,DE,1.9404942946233
2019-09-22,FR,2.07961708655147
2019-09-22,GB,2.03011334642769
2019-09-22,IE,3.98797312280793
2019-09-22,IT,2.75204652967487
2019-09-22,NL,1.88904765994294
2019-09-22,US,1.79681998119961
2019-09-23,AU,2.15153651136868
2019-09-23,CA,1.77082888357828
2019-09-23,DE,1.9422713374717
2019-09-23,FR,2.08532000122161
2019-09-23,GB,2.04110577975911
2019-09-23,IE,3.99788149742384
2019-09-23,IT,2.75076134298388
2019-09-23,NL,1.8910469960873
2019-09-23,US,1.80612678482678
2019-09-24,AU,2.14760889204712
2019-09-24,CA,1.77987749364135
2019-09-24,DE,1.94170089025269
2019-09-24,FR,2.09198612894027
2019-09-24,GB,2.05188899956794
2019-09-24,IE,4.0146265694908
2019-09-24,IT,2.7491160252731
2019-09-24,NL,1.89150400541427
2019-09-24,US,1.81593769585194
2019-09-25,AU,2.14132321898701
2019-09-25,CA,1.78456524284472
2019-09-25,DE,1.94325689106425
2019-09-25,FR,2.09883167217526
2019-09-25,GB,2.06137610733016
2019-09-25,IE,4.02026422409683
2019-09-25,IT,2.74944957413367
2019-09-25,NL,1.89206358868145
2019-09-25,US,1.82474047102117
2019-09-26,AU,2.12640579819968
2019-09-26,CA,1.7831712563128
2019-09-26,DE,1.94307450499322
2019-09-26,FR,2.10216138216033
2019-09-26,GB,2.06152794216167
2019-09-26,IE,4.01585236688401
2019-09-26,IT,2.74713920409265
2019-09-26,NL,1.88830370473434
2019-09-26,US,1.8265653209348
2019-09-27,AU,2.10653679364593
2019-09-27,CA,1.77538898634342
2019-09-27,DE,1.93851161402462
2019-09-27,FR,2.10824480080471
2019-09-27,GB,2.04956160841446
2019-09-27,IE,4.01387414765646
2019-09-27,IT,2.740234680596
2019-09-27,NL,1.88103228052974
2019-09-27,US,1.81848506886613
2019-09-28,AU,2.08925999062067
2019-09-28,CA,1.76915177012852
2019-09-28,DE,1.93397075557755
2019-09-28,FR,2.1085954742898
2019-09-28,GB,2.03755767220126
2019-09-28,IE,4.01070366511223
2019-09-28,IT,2.73924900730347
2019-09-28,NL,1.87425928244007
2019-09-28,US,1.81083716355799
2019-09-29,AU,2.07166989031356
2019-09-29,CA,1.76091403844229
2019-09-29,DE,1.92697911511697
2019-09-29,FR,2.11384479569527
2019-09-29,GB,2.02492948857815
2019-09-29,IE,4.00372633016838
2019-09-29,IT,2.73574413318779
2019-09-29,NL,1.8677323744496
2019-09-29,US,1.80202984868346
2019-09-30,AU,2.05588493948935
2019-09-30,CA,1.75200583945414
2019-09-30,DE,1.92210302151397
2019-09-30,FR,2.11840937120716
2019-09-30,GB,2.01463445254339
2019-09-30,IE,3.99511249052108
2019-09-30,IT,2.73624709557061
2019-09-30,NL,1.8617608535924
2019-09-30,US,1.79485690317419
2019-10-01,AU,2.03906850168206
2019-10-01,CA,1.74679898359026
2019-10-01,DE,1.91858337994384
2019-10-01,FR,2.12474785277231
2019-10-01,GB,2.00855476261771
2019-10-01,IE,3.98094995750086
2019-10-01,IT,2.73782346503505
2019-10-01,NL,1.86071046444403
2019-10-01,US,1.7864651535926
2019-10-02,AU,2.02874607485549
2019-10-02,CA,1.74394925968623
2019-10-02,DE,1.91464067031249
2019-10-02,FR,2.13631212713098
2019-10-02,GB,2.00185728404812
2019-10-02,IE,3.96499794011473
2019-10-02,IT,2.74060264685438
2019-10-02,NL,1.85697810800088
2019-10-02,US,1.77999209325998
2019-10-03,AU,2.02578615927095
2019-10-03,CA,1.74811135976589
2019-10-03,DE,1.91501841196158
2019-10-03,FR,2.15159654879531
2019-10-03,GB,2.00361060647072
2019-10-03,IE,3.9538581358684
2019-10-03,IT,2.7454535433951
2019-10-03,NL,1.85466697413979
2019-10-03,US,1.7791911530885
2019-10-04,AU,2.02926861335415
2019-10-04,CA,1.75080894764327
2019-10-04,DE,1.91638729346235
2019-10-04,FR,2.16212383999519
2019-10-04,GB,2.0047993898819
2019-10-04,IE,3.94183156626204
2019-10-04,IT,2.75595860472957
2019-10-04,NL,1.85392593574155
2019-10-04,US,1.78051285794416
2019-10-05,AU,2.03662673084839
2019-10-05,CA,1.75079919358263
2019-10-05,DE,1.9167480232119
2019-10-05,FR,2.1763780765583
2019-10-05,GB,2.00722707820054
2019-10-05,IE,3.93878134625215
2019-10-05,IT,2.76576218281299
2019-10-05,NL,1.85315061024748
2019-10-05,US,1.7829255941283
2019-10-06,AU,2.04221300373893
2019-10-06,CA,1.75126650237766
2019-10-06,DE,1.9193719473745
2019-10-06,FR,2.18771892407381
2019-10-06,GB,2.01076783540299
2019-10-06,IE,3.93353026187083
2019-10-06,IT,2.77179393458212
2019-10-06,NL,1.85302974266763
2019-10-06,US,1.78520861940153
2019-10-07,AU,2.04545353759016
2019-10-07,CA,1.75361764652009
2019-10-07,DE,1.92053160495427
2019-10-07,FR,2.18676682394292
2019-10-07,GB,2.01102846515453
2019-10-07,IE,3.92411634550218
2019-10-07,IT,2.77705098612409
2019-10-07,NL,1.85296098317921
2019-10-07,US,1.7897582071489
2019-10-08,AU,2.05443191920867
2019-10-08,CA,1.75385978334636
2019-10-08,DE,1.92130766288713
2019-10-08,FR,2.18474746755706
2019-10-08,GB,2.01021777060092
2019-10-08,IE,3.92307362386195
2019-10-08,IT,2.77671898181518
2019-10-08,NL,1.84896954807955
2019-10-08,US,1.79300492787801
2019-10-09,AU,2.06349476683008
2019-10-09,CA,1.75577743025155
2019-10-09,DE,1.92211107288738
2019-10-09,FR,2.18034883165897
2019-10-09,GB,2.01048779738353
2019-10-09,IE,3.91854590585595
2019-10-09,IT,2.76948246380116
2019-10-09,NL,1.84794491804309
2019-10-09,US,1.79438294444588
2019-10-10,AU,2.07064091548553
2019-10-10,CA,1.75678485012342
2019-10-10,DE,1.9221742104551
2019-10-10,FR,2.18314387072209
2019-10-10,GB,2.01378926777794
2019-10-10,IE,3.92798712572155
2019-10-10,IT,2.76014759371446
2019-10-10,NL,1.84822530865029
2019-10-10,US,1.79604026689086
2019-10-11,AU,2.0728268860747
2019-10-11,CA,1.75834392955546
2019-10-11,DE,1.92564159065692
2019-10-11,FR,2.1893664270118
2019-10-11,GB,2.02007145352546
2019-10-11,IE,3.9347728771137
2019-10-11,IT,2.74848404534752
2019-10-11,NL,1.85315599811662
2019-10-11,US,1.79785302615709
2019-10-12,AU,2.07385291088249
2019-10-12,CA,1.76372533612604
2019-10-12,DE,1.92753419950944
2019-10-12,FR,2.19455206234853
2019-10-12,GB,2.02971650051362
2019-10-12,IE,3.94632563935319
2019-10-12,IT,2.7314768718585
2019-10-12,NL,1.85875476627759
2019-10-12,US,1.7990453236463
2019-10-13,AU,2.07517222612744
2019-10-13,CA,1.7675277650827
2019-10-13,DE,1.92760962257478
2019-10-13,FR,2.19587736787695
2019-10-13,GB,2.03824942199004
2019-10-13,IE,3.95643156531147
2019-10-13,IT,2.71885111572822
2019-10-13,NL,1.86412574929164
2019-10-13,US,1.80073462012762
2019-10-14,AU,2.0816573539752
2019-10-14,CA,1.76962658003162
2019-10-14,DE,1.9269554689695
2019-10-14,FR,2.21226468039159
2019-10-14,GB,2.0471083101127
2019-10-14,IE,3.96859566404626
2019-10-14,IT,2.70360988280821
2019-10-14,NL,1.86761535854124
2019-10-14,US,1.79935963708475
2019-10-15,AU,2.08200891855692
2019-10-15,CA,1.77276357726274
2019-10-15,DE,1.93074391627002
2019-10-15,FR,2.22886911340233
2019-10-15,GB,2.05652194712657
2019-10-15,IE,3.9813622489734
2019-10-15,IT,2.7012184421203
2019-10-15,NL,1.87710444092147
2019-10-15,US,1.80050121149928
2019-10-16,AU,2.07743356803145
2019-10-16,CA,1.77593422607167
2019-10-16,DE,1.9340373730764
2019-10-16,FR,2.24410818129203
2019-10-16,GB,2.060367326581
2019-10-16,IE,3.98711059615225
2019-10-16,IT,2.70141828091446
2019-10-16,NL,1.88073172850001
2019-10-16,US,1.80177601234521
2019-10-17,AU,2.07323514506687
2019-10-17,CA,1.77930842131328
2019-10-17,DE,1.93615789645646
2019-10-17,FR,2.244817088421
2019-10-17,GB,2.06393204069894
2019-10-17,IE,3.98577734053796
2019-10-17,IT,2.70542175662744
2019-10-17,NL,1.88856628429885
2019-10-17,US,1.80335954929689
2019-10-18,AU,2.06838467800212
2019-10-18,CA,1.78268552614243
2019-10-18,DE,1.93527132547194
2019-10-18,FR,2.2460213323325
2019-10-18,GB,2.06462040569379
2019-10-18,IE,3.97226966638603
2019-10-18,IT,2.71482894474343
2019-10-18,NL,1.89090812473364
2019-10-18,US,1.80567409361924
2019-10-19,AU,2.0596512795167
2019-10-19,CA,1.78068675610379
2019-10-19,DE,1.93625121259418
2019-10-19,FR,2.24649642297892
2019-10-19,GB,2.06225438024493
2019-10-19,IE,3.95364809714392
2019-10-19,IT,2.72975173317146
2019-10-19,NL,1.88918565872753
2019-10-19,US,1.80474715184708
2019-10-20,AU,2.05239955047346
2019-10-20,CA,1.7821958421279
2019-10-20,DE,1.93799199258542
2019-10-20,FR,2.25323945100008
2019-10-20,GB,2.06242679841247
2019-10-20,IE,3.94163844689032
2019-10-20,IT,2.74427065659734
2019-10-20,NL,1.89239596012515
2019-10-20,US,1.80706802644532
2019-10-21,AU,2.04354443962519
2019-10-21,CA,1.78584521846134
2019-10-21,DE,1.94081738485438
2019-10-21,FR,2.25625986978852
2019-10-21,GB,2.06282101200117
2019-10-21,IE,3.93483999128799
2019-10-21,IT,2.76135200980206
2019-10-21,NL,1.89760189105702
2019-10-21,US,1.80982281999215
2019-10-22,AU,2.03752445886095
2019-10-22,CA,1.7891673131772
2019-10-22,DE,1.93846051778635
2019-10-22,FR,2.26276757707631
2019-10-22,GB,2.06220143248577
2019-10-22,IE,3.92905012201626
2019-10-22,IT,2.76996335827913
2019-10-22,NL,1.89773636856829
2019-10-22,US,1.81354510670284
2019-10-23,AU,2.03654246087327
2019-10-23,CA,1.79150705049041
2019-10-23,DE,1.93673675706933
2019-10-23,FR,2.27062510367717
2019-10-23,GB,2.06678979346866
2019-10-23,IE,3.92396165341755
2019-10-23,IT,2.78227431904684
2019-10-23,NL,1.90017656403108
2019-10-23,US,1.81708283254661
2019-10-24,AU,2.03756083182807
2019-10-24,CA,1.79502877107514
2019-10-24,DE,1.93543496830136
2019-10-24,FR,2.28201831358205
2019-10-24,GB,2.07327983717745
2019-10-24,IE,3.92012380758866
2019-10-24,IT,2.79463664815393
2019-10-24,NL,1.89947182888388
2019-10-24,US,1.8204734266606
2019-10-25,AU,2.03920369869801
2019-10-25,CA,1.79917896835661
2019-10-25,DE,1.93635972833292
2019-10-25,FR,2.29078256823386
2019-10-25,GB,2.0802098776637
2019-10-25,IE,3.91796716856229
2019-10-25,IT,2.81341177268925
2019-10-25,NL,1.9034981043631
2019-10-25,US,1.82206230462031
2019-10-26,AU,2.04108308248405
2019-10-26,CA,1.80382196670423
2019-10-26,DE,1.93512687019555
2019-10-26,FR,2.29710199300454
2019-10-26,GB,2.08696820361879
2019-10-26,IE,3.91411932305065
2019-10-26,IT,2.82825611407562
2019-10-26,NL,1.91153339386036
2019-10-26,US,1.82641133089956
2019-10-27,AU,2.04683701647053
2019-10-27,CA,1.81036811993961
2019-10-27,DE,1.93416808676833
2019-10-27,FR,2.3045768311885
2019-10-27,GB,2.09324427149354
2019-10-27,IE,3.90138721569335
2019-10-27,IT,2.84608003122798
2019-10-27,NL,1.91467053525454
2019-10-27,US,1.82859755737175
2019-10-28,AU,2.04667401504714
2019-10-28,CA,1.81589854552998
2019-10-28,DE,1.93285893068318
2019-10-28,FR,2.31475548359461
2019-10-28,GB,2.09821529336701
2019-10-28,IE,3.8819657802983
2019-10-28,IT,2.86367424607244
2019-10-28,NL,1.91624237700168
2019-10-28,US,1.83050586050077
2019-10-29,AU,2.04914928505029
2019-10-29,CA,1.82272361988918
2019-10-29,DE,1.93332126649353
2019-10-29,FR,2.3220493477862
2019-10-29,GB,2.10184682553817
2019-10-29,IE,3.86667067301236
2019-10-29,IT,2.8777909629332
2019-10-29,NL,1.89972593471478
2019-10-29,US,1.83012072637207
2019-10-30,AU,2.05604979563772
2019-10-30,CA,1.82778989366356
2019-10-30,DE,1.93584218977775
2019-10-30,FR,2.32664601228627
2019-10-30,GB,2.10477222401045
2019-10-30,IE,3.86713330904491
2019-10-30,IT,2.88671807856199
2019-10-30,NL,1.8835666368409
2019-10-30,US,1.82972906686015
2019-10-31,AU,2.06129119259829
2019-10-31,CA,1.83304195296129
2019-10-31,DE,1.9373567180878
2019-10-31,FR,2.33402491336656
2019-10-31,GB,2.10567713670653
2019-10-31,IE,3.86508035101771
2019-10-31,IT,2.90105082122263
2019-10-31,NL,1.8707883156988
2019-10-31,US,1.82933674809691
2019-11-01,AU,2.06791047135368
2019-11-01,CA,1.83903889527957
2019-11-01,DE,1.93749002486478
2019-11-01,FR,2.34330249083731
2019-11-01,GB,2.11079798168734
2019-11-01,IE,3.86530998298652
2019-11-01,IT,2.90188230024015
2019-11-01,NL,1.8534371010707
2019-11-01,US,1.82988987871229
2019-11-02,AU,2.07363049577627
2019-11-02,CA,1.84550884956386
2019-11-02,DE,1.93906889905816
2019-11-02,FR,2.35429324806408
2019-11-02,GB,2.11538729693075
2019-11-02,IE,3.86855223441292
2019-11-02,IT,2.90771873435853
2019-11-02,NL,1.83003532132351
2019-11-02,US,1.82952447597416
2019-11-03,AU,2.07573468317367
2019-11-03,CA,1.84841709882612
2019-11-03,DE,1.93939562834401
2019-11-03,FR,2.36080660344745
2019-11-03,GB,2.11865988582093
2019-11-03,IE,3.87056991690755
2019-11-03,IT,2.90977971587624
2019-11-03,NL,1.80834142950401
2019-11-03,US,1.82757545535182
2019-11-04,AU,2.0810969842145
2019-11-04,CA,1.852099098913
2019-11-04,DE,1.93831105069033
2019-11-04,FR,2.36619589389328
2019-11-04,GB,2.12301292167074
2019-11-04,IE,3.8831563771072
2019-11-04,IT,2.91195653537788
2019-11-04,NL,1.78853336752519
2019-11-04,US,1.82520775133146
2019-11-05,AU,2.08384850934038
2019-11-05,CA,1.85311188560435
2019-11-05,DE,1.93738029202903
2019-11-05,FR,2.37158168182364
2019-11-05,GB,2.12692582832437
2019-11-05,IE,3.8916378518299
2019-11-05,IT,2.91695830914702
2019-11-05,NL,1.78473283675754
2019-11-05,US,1.82352976625154
2019-11-06,AU,2.08368468753423
2019-11-06,CA,1.8546457991074
2019-11-06,DE,1.9362761605994
2019-11-06,FR,2.38058404450062
2019-11-06,GB,2.12994419518912
2019-11-06,IE,3.90124175176435
2019-11-06,IT,2.92061019280706
2019-11-06,NL,1.78360705166524
2019-11-06,US,1.82239894160287
2019-11-07,AU,2.08413568582497
2019-11-07,CA,1.85720948469253
2019-11-07,DE,1.93668451523432
2019-11-07,FR,2.38708861038815
2019-11-07,GB,2.13500223502125
2019-11-07,IE,3.90953902536992
2019-11-07,IT,2.91663507605231
2019-11-07,NL,1.77766693224032
2019-11-07,US,1.82397358167826
2019-11-08,AU,2.08223645377561
2019-11-08,CA,1.86017639197601
2019-11-08,DE,1.93829952271943
2019-11-08,FR,2.39136995228699
2019-11-08,GB,2.1342460722105
2019-11-08,IE,3.9132793160835
2019-11-08,IT,2.91729801697378
2019-11-08,NL,1.77342989674314
2019-11-08,US,1.82344086817775
2019-11-09,AU,2.08800927155459
2019-11-09,CA,1.8663011619993
2019-11-09,DE,1.93934349963607
2019-11-09,FR,2.3954026518452
2019-11-09,GB,2.1352125231313
2019-11-09,IE,3.91939325430602
2019-11-09,IT,2.92104917007793
2019-11-09,NL,1.77584463872054
2019-11-09,US,1.82540574432673
2019-11-10,AU,2.0902248662227
2019-11-10,CA,1.87278761615711
2019-11-10,DE,1.94064685041031
2019-11-10,FR,2.39910577220163
2019-11-10,GB,2.1357469743667
2019-11-10,IE,3.92772331115033
2019-11-10,IT,2.92320850211828
2019-11-10,NL,1.77573352977011
2019-11-10,US,1.8287389123721
2019-11-11,AU,2.09808249396815
2019-11-11,CA,1.87846608290666
2019-11-11,DE,1.94615436258634
2019-11-11,FR,2.40411694053567
2019-11-11,GB,2.13648758978818
2019-11-11,IE,3.93208010485719
2019-11-11,IT,2.9233925410874
2019-11-11,NL,1.77361264718826
2019-11-11,US,1.83237885471925
2019-11-12,AU,2.10228465704256
2019-11-12,CA,1.88378377147139
2019-11-12,DE,1.94838502532452
2019-11-12,FR,2.41171247029569
2019-11-12,GB,2.13987343258584
2019-11-12,IE,3.94128965094263
2019-11-12,IT,2.92230534077258
2019-11-12,NL,1.7734390206523
2019-11-12,US,1.83506559387736
2019-11-13,AU,2.10228412106277
2019-11-13,CA,1.88909621667525
2019-11-13,DE,1.95343918003962
2019-11-13,FR,2.41668071231104
2019-11-13,GB,2.1448512710976
2019-11-13,IE,3.93723564568162
2019-11-13,IT,2.92725781287849
2019-11-13,NL,1.77241710644078
2019-11-13,US,1.83704138042433
2019-11-14,AU,2.1048534190713
2019-11-14,CA,1.89230965233196
2019-11-14,DE,1.956864225172
2019-11-14,FR,2.42353082632066
2019-11-14,GB,2.14789441997672
2019-11-14,IE,3.93633634867781
2019-11-14,IT,2.93246012639583
2019-11-14,NL,1.77164421991632
2019-11-14,US,1.83718652597023
2019-11-15,AU,2.10927020290261
2019-11-15,CA,1.89185006516633
2019-11-15,DE,1.95543980899183
2019-11-15,FR,2.43332342388711
2019-11-15,GB,2.15189624392257
2019-11-15,IE,3.93674347530826
2019-11-15,IT,2.936601797225
2019-11-15,NL,1.77097657408575
2019-11-15,US,1.83942469386628
2019-11-16,AU,2.10900731140008
2019-11-16,CA,1.89268474298112
2019-11-16,DE,1.96068483157994
2019-11-16,FR,2.4405358704753
2019-11-16,GB,2.15364007273248
2019-11-16,IE,3.95150937190962
2019-11-16,IT,2.93179894909874
2019-11-16,NL,1.76268138681343
2019-11-16,US,1.84051878050901
2019-11-17,AU,2.10853186651933
2019-11-17,CA,1.89130896063004
2019-11-17,DE,1.96355802041074
2019-11-17,FR,2.4488573094911
2019-11-17,GB,2.15347681981949
2019-11-17,IE,3.96588005446082
2019-11-17,IT,2.92381815224933
2019-11-17,NL,1.75708186890115
2019-11-17,US,1.84087741162044
2019-11-18,AU,2.10986894689782
2019-11-18,CA,1.89096427633285
2019-11-18,DE,1.96536029792068
2019-11-18,FR,2.45741379390188
2019-11-18,GB,2.1547544504095
2019-11-18,IE,3.97445848423794
2019-11-18,IT,2.91684729697036
2019-11-18,NL,1.75272592774078
2019-11-18,US,1.84172784216175
2019-11-19,AU,2.11668339731976
2019-11-19,CA,1.89249326622897
2019-11-19,DE,1.96553886707501
2019-11-19,FR,2.46355277509505
2019-11-19,GB,2.15265079177956
2019-11-19,IE,3.98234570865956
2019-11-19,IT,2.91615404136423
2019-11-19,NL,1.75213963714837
2019-11-19,US,1.84299633295893
2019-11-20,AU,2.12654547511887
2019-11-20,CA,1.89634557270015
2019-11-20,DE,1.96205977726789
2019-11-20,FR,2.4672677617327
2019-11-20,GB,2.14747827862728
2019-11-20,IE,3.98747075726287
2019-11-20,IT,2.9144820652138
2019-11-20,NL,1.75125283038133
2019-11-20,US,1.84662931492924
2019-11-21,AU,2.13433810640704
2019-11-21,CA,1.8998474934481
2019-11-21,DE,1.95944006693978
2019-11-21,FR,2.47017300756617
2019-11-21,GB,2.14175174260564
2019-11-21,IE,3.99646597505863
2019-11-21,IT,2.90861810537543
2019-11-21,NL,1.75254359434309
2019-11-21,US,1.8478718046036
2019-11-22,AU,2.13847313724561
2019-11-22,CA,1.90728128464579
2019-11-22,DE,1.96314710279633
2019-11-22,FR,2.46590868029393
2019-11-22,GB,2.13898794434955
2019-11-22,IE,3.9909045753735
2019-11-22,IT,2.89098270926894
2019-11-22,NL,1.74930713245897
2019-11-22,US,1.84838350767172
2019-11-23,AU,2.14485772630907
2019-11-23,CA,1.91452413580938
2019-11-23,DE,1.96004843039188
2019-11-23,FR,2.46907528809448
2019-11-23,GB,2.13730120694333
2019-11-23,IE,3.97265047542015
2019-11-23,IT,2.87862172421597
2019-11-23,NL,1.7527832153294
2019-11-23,US,1.84929594833553
2019-11-24,AU,2.15286564860873
2019-11-24,CA,1.92353214707833
2019-11-24,DE,1.9626832831001
2019-11-24,FR,2.47260269242089
2019-11-24,GB,2.13851149778826
2019-11-24,IE,3.95371544072492
2019-11-24,IT,2.86976273854707
2019-11-24,NL,1.75472920800405
2019-11-24,US,1.8502733025497
2019-11-25,AU,2.15526307754757
2019-11-25,CA,1.93364541027384
2019-11-25,DE,1.96233716649055
2019-11-25,FR,2.47556178663693
2019-11-25,GB,2.13790881154743
2019-11-25,IE,3.93781648510473
2019-11-25,IT,2.85949498611392
2019-11-25,NL,1.75656365116414
2019-11-25,US,1.85088846573231
2019-11-26,AU,2.16101353697578
2019-11-26,CA,1.93991962847106
2019-11-26,DE,1.9644238745328
2019-11-26,FR,2.4758197662508
2019-11-26,GB,2.13846953154019
2019-11-26,IE,3.91370086336623
2019-11-26,IT,2.846508896549
2019-11-26,NL,1.75498310409587
2019-11-26,US,1.85189915686013
2019-11-27,AU,2.1691011484535
2019-11-27,CA,1.94573449024118
2019-11-27,DE,1.96674017951431
2019-11-27,FR,2.47648349900008
2019-11-27,GB,2.1456426093979
2019-11-27,IE,3.91435783254974
2019-11-27,IT,2.83322242193489
2019-11-27,NL,1.75333051179122
2019-11-27,US,1.85129606884613
2019-11-28,AU,2.17221380686403
2019-11-28,CA,1.95169191360511
2019-11-28,DE,1.96500067773892
2019-11-28,FR,2.47559706917432
2019-11-28,GB,2.15531241452954
2019-11-28,IE,3.91161074454545
2019-11-28,IT,2.82420039628708
2019-11-28,NL,1.77236005232341
2019-11-28,US,1.85228132290842
2019-11-29,AU,2.18078334420978
2019-11-29,CA,1.95482070792348
2019-11-29,DE,1.96274787346868
2019-11-29,FR,2.47897208303764
2019-11-29,GB,2.16241502117497
2019-11-29,IE,3.92839542005464
2019-11-29,IT,2.82518774348392
2019-11-29,NL,1.79173374842566
2019-11-29,US,1.85423104544966
2019-11-30,AU,2.19233668535926
2019-11-30,CA,1.95938196779435
2019-11-30,DE,1.96392004235834
2019-11-30,FR,2.4758612043263
2019-11-30,GB,2.16862641766865
2019-11-30,IE,3.95522249243071
2019-11-30,IT,2.82945468412536
2019-11-30,NL,1.80999855128781
2019-11-30,US,1.8555318115537
2019-12-01,AU,2.20024076594484
2019-12-01,CA,1.96450005083457
2019-12-01,DE,1.96643933396037
2019-12-01,FR,2.47101429899255
2019-12-01,GB,2.17909657008886
2019-12-01,IE,3.99074743687864
2019-12-01,IT,2.83309964418128
2019-12-01,NL,1.82729736220522
2019-12-01,US,1.85633365324351
2019-12-02,AU,2.20660769591692
2019-12-02,CA,1.96853357370434
2019-12-02,DE,1.96909438981241
2019-12-02,FR,2.46557373561737
2019-12-02,GB,2.19127497788775
2019-12-02,IE,4.01961797078761
2019-12-02,IT,2.83760859413063
2019-12-02,NL,1.84048845719226
2019-12-02,US,1.85700979068989
2019-12-03,AU,2.21506451843881
2019-12-03,CA,1.97701213277859
2019-12-03,DE,1.97286008577735
2019-12-03,FR,2.45715162556567
2019-12-03,GB,2.20387769751349
2019-12-03,IE,4.05496289293038
2019-12-03,IT,2.84386887126927
2019-12-03,NL,1.85456201464682
2019-12-03,US,1.85888332832309
2019-12-04,AU,2.22339457384414
2019-12-04,CA,1.98363912918559
2019-12-04,DE,1.97111946127101
2019-12-04,FR,2.45113519690054
2019-12-04,GB,2.21248293577764
2019-12-04,IE,4.06396542102288
2019-12-04,IT,2.85114802274038
2019-12-04,NL,1.8706755307732
2019-12-04,US,1.86127206664136
2019-12-05,AU,2.23478394118184
2019-12-05,CA,1.99143648415682
2019-12-05,DE,1.97468261108674
2019-12-05,FR,2.44782613319804
2019-12-05,GB,2.2206043109484
2019-12-05,IE,4.0709907982613
2019-12-05,IT,2.85718852775259
2019-12-05,NL,1.86626736149919
2019-12-05,US,1.86424540697867
2019-12-06,AU,2.24737960974511
2019-12-06,CA,2.00181290978897
2019-12-06,DE,1.97515136717946
2019-12-06,FR,2.44353680966579
2019-12-06,GB,2.23256044021643
2019-12-06,IE,4.09052710510223
2019-12-06,IT,2.86500139348704
2019-12-06,NL,1.86208141334667
2019-12-06,US,1.86803396904299
2019-12-07,AU,2.25982450356804
2019-12-07,CA,2.010010802393
2019-12-07,DE,1.97380979586909
2019-12-07,FR,2.43849932967665
2019-12-07,GB,2.24199945179313
2019-12-07,IE,4.09538784134534
2019-12-07,IT,2.86786020202523
2019-12-07,NL,1.86023118330252
2019-12-07,US,1.87570843788433
2019-12-08,AU,2.27501001981722
2019-12-08,CA,2.01871311725813
2019-12-08,DE,1.96856197785928
2019-12-08,FR,2.43188345844118
2019-12-08,GB,2.25215910089352
2019-12-08,IE,4.09626339185964
2019-12-08,IT,2.87079347430385
2019-12-08,NL,1.85808521315879
2019-12-08,US,1.88044609344815
2019-12-09,AU,2.29016870685883
2019-12-09,CA,2.02528623523029
2019-12-09,DE,1.96316545412313
2019-12-09,FR,2.42762889111357
2019-12-09,GB,2.26201932647732
2019-12-09,IE,4.10626200272697
2019-12-09,IT,2.8743386869601
2019-12-09,NL,1.86067452015479
2019-12-09,US,1.88561183799108
2019-12-10,AU,2.29793225787989
2019-12-10,CA,2.03278475937991
2019-12-10,DE,1.95943794601178
2019-12-10,FR,2.42763613693376
2019-12-10,GB,2.2690338406374
2019-12-10,IE,4.10635705365914
2019-12-10,IT,2.87273258799735
2019-12-10,NL,1.85853299910867
2019-12-10,US,1.88901299885169
2019-12-11,AU,2.30263374992975
2019-12-11,CA,2.03688849475198
2019-12-11,DE,1.9604081709891
2019-12-11,FR,2.4292102246904
2019-12-11,GB,2.27673398058446
2019-12-11,IE,4.11780535064782
2019-12-11,IT,2.87293748073753
2019-12-11,NL,1.85471961891319
2019-12-11,US,1.89056490590605
2019-12-12,AU,2.31206722745228
2019-12-12,CA,2.04101176124243
2019-12-12,DE,1.96056513341428
2019-12-12,FR,2.42753423465202
2019-12-12,GB,2.28323997877007
2019-12-12,IE,4.12841057521929
2019-12-12,IT,2.8716604246491
2019-12-12,NL,1.85338628429586
2019-12-12,US,1.89131485102635
2019-12-13,AU,2.32189523286905
2019-12-13,CA,2.04405300886876
2019-12-13,DE,1.96215980631758
2019-12-13,FR,2.43096300609945
2019-12-13,GB,2.28948424518749
2019-12-13,IE,4.12838441030344
2019-12-13,IT,2.8676249466802
2019-12-13,NL,1.85698217083839
2019-12-13,US,1.8916937068733
2019-12-14,AU,2.32282217649764
2019-12-14,CA,2.04211582646656
2019-12-14,DE,1.95955967378492
2019-12-14,FR,2.43570413829204
2019-12-14,GB,2.289932726281
2019-12-14,IE,4.1420207146769
2019-12-14,IT,2.87126121162321
2019-12-14,NL,1.85508616021641
2019-12-14,US,1.88557155526787
2019-12-15,AU,2.33120484218063
2019-12-15,CA,2.04320691313823
2019-12-15,DE,1.95774568833304
2019-12-15,FR,2.44205563465956
2019-12-15,GB,2.29386130307801
2019-12-15,IE,4.15826306638026
2019-12-15,IT,2.87676159170909
2019-12-15,NL,1.86038377044467
2019-12-15,US,1.88611777132679
2019-12-16,AU,2.34177051747309
2019-12-16,CA,2.04607389159615
2019-12-16,DE,1.95907229156975
2019-12-16,FR,2.44886057028808
2019-12-16,GB,2.29630255538553
2019-12-16,IE,4.17183064052114
2019-12-16,IT,2.88136591379874
2019-12-16,NL,1.86434726343393
2019-12-16,US,1.88631857673149
2019-12-17,AU,2.34463997653368
2019-12-17,CA,2.04852343251281
2019-12-17,DE,1.96020773748613
2019-12-17,FR,2.44808223473704
2019-12-17,GB,2.29939334117891
2019-12-17,IE,4.18797237625378
2019-12-17,IT,2.89417496020576
2019-12-17,NL,1.87256347557686
2019-12-17,US,1.88822739917419
2019-12-18,AU,2.35335211219765
2019-12-18,CA,2.05768619699783
2019-12-18,DE,1.95982905285823
2019-12-18,FR,2.4474001430875
2019-12-18,GB,2.30277131693559
2019-12-18,IE,4.20507969195141
2019-12-18,IT,2.91113369697217
2019-12-18,NL,1.88121954896623
2019-12-18,US,1.89169500290052
2019-12-19,AU,2.36008112964768
2019-12-19,CA,2.06669874159022
2019-12-19,DE,1.9612311539126
2019-12-19,FR,2.45068786666269
2019-12-19,GB,2.3086925894875
2019-12-19,IE,4.21898105663092
2019-12-19,IT,2.92784872693023
2019-12-19,NL,1.88584664168781
2019-12-19,US,1.89558415204083
2019-12-20,AU,2.36435375835133
2019-12-20,CA,2.07916910295172
2019-12-20,DE,1.96418858035242
2019-12-20,FR,2.44535038576918
2019-12-20,GB,2.31302360740384
2019-12-20,IE,4.24452971904782
2019-12-20,IT,2.94553605837798
2019-12-20,NL,1.88837470096117
2019-12-20,US,1.89851237276812
2019-12-21,AU,2.37132503037248
2019-12-21,CA,2.09818851543333
2019-12-21,DE,1.97110710076812
2019-12-21,FR,2.44956803394856
2019-12-21,GB,2.32459724043461
2019-12-21,IE,4.25829844406891
2019-12-21,IT,2.95740262684631
2019-12-21,NL,1.89565109256361
2019-12-21,US,1.90587404057523
2019-12-22,AU,2.3768658746915
2019-12-22,CA,2.11111080294373
2019-12-22,DE,1.98138334077988
2019-12-22,FR,2.45083757300985
2019-12-22,GB,2.33111623651051
2019-12-22,IE,4.26844808563657
2019-12-22,IT,2.97045175652323
2019-12-22,NL,1.89653905847782
2019-12-22,US,1.90877742679025
2019-12-23,AU,2.38228555876749
2019-12-23,CA,2.12545659516969
2019-12-23,DE,1.98566313954435
2019-12-23,FR,2.44764129841332
2019-12-23,GB,2.33797249346482
2019-12-23,IE,4.27709602727961
2019-12-23,IT,2.98568986369502
2019-12-23,NL,1.89873060872643
2019-12-23,US,1.91180706033003
2019-12-24,AU,2.39802564757616
2019-12-24,CA,2.14130454795064
2019-12-24,DE,1.99058952797762
2019-12-24,FR,2.45123063770547
2019-12-24,GB,2.35009715022113
2019-12-24,IE,4.29202925795098
2019-12-24,IT,2.99518206365855
2019-12-24,NL,1.90161944465472
2019-12-24,US,1.91316642622708
2019-12-25,AU,2.41218929842941
2019-12-25,CA,2.15456716743665
2019-12-25,DE,1.99622610931451
2019-12-25,FR,2.45449185929417
2019-12-25,GB,2.36280252708905
2019-12-25,IE,4.31128198219285
2019-12-25,IT,3.00330394582895
2019-12-25,NL,1.905567583486
2019-12-25,US,1.91418448458458
2019-12-26,AU,2.42274008751657
2019-12-26,CA,2.16644449320007
2019-12-26,DE,2.00054903908426
2019-12-26,FR,2.45529007110941
2019-12-26,GB,2.37411032847169
2019-12-26,IE,4.33388672748722
2019-12-26,IT,3.01085640362043
2019-12-26,NL,1.9095441093346
2019-12-26,US,1.91500752627725
2019-12-27,AU,2.43382804431095
2019-12-27,CA,2.17716946469925
2019-12-27,DE,2.00354854141506
2019-12-27,FR,2.46696219456397
2019-12-27,GB,2.38978042415339
2019-12-27,IE,4.35284229490006
2019-12-27,IT,3.02481555720089
2019-12-27,NL,1.91415939768743
2019-12-27,US,1.91592663184411
2019-12-28,AU,2.4428200207968
2019-12-28,CA,2.18611790127625
2019-12-28,DE,2.00590822024276
2019-12-28,FR,2.47035513047492
2019-12-28,GB,2.40551409444347
2019-12-28,IE,4.38252318253202
2019-12-28,IT,3.03950338864815
2019-12-28,NL,1.91808909608373
2019-12-28,US,1.91527325198185
2019-12-29,AU,2.45044135594841
2019-12-29,CA,2.19635478915484
2019-12-29,DE,2.0034553299671
2019-12-29,FR,2.47454483624033
2019-12-29,GB,2.42096291750265
2019-12-29,IE,4.4021421904603
2019-12-29,IT,3.0533432413008
2019-12-29,NL,1.92174748002618
2019-12-29,US,1.91513818398724
2019-12-30,AU,2.45155306536713
2019-12-30,CA,2.20490166970562
2019-12-30,DE,2.00506257245443
2019-12-30,FR,2.48069626709775
2019-12-30,GB,2.43627173450566
2019-12-30,IE,4.41851421725608
2019-12-30,IT,3.06566679722478
2019-12-30,NL,1.92840776879356
2019-12-30,US,1.91407043506227
2019-12-31,AU,2.45157171445435
2019-12-31,CA,2.20425041818419
2019-12-31,DE,2.00535326956831
2019-12-31,FR,2.48721363277672
2019-12-31,GB,2.44509545381009
2019-12-31,IE,4.43371928531934
2019-12-31,IT,3.08007722842279
2019-12-31,NL,1.93425677973442
2019-12-31,US,1.90828689073825
2020-01-01,AU,2.4514245262904
2020-01-01,CA,2.20483768241506
2020-01-01,DE,2.00601803995339
2020-01-01,FR,2.48957751366974
2020-01-01,GB,2.45462249804142
2020-01-01,IE,4.44017025613422
2020-01-01,IT,3.08920905364589
2020-01-01,NL,1.93737896306582
2020-01-01,US,1.90234950754263
2020-01-02,AU,2.45592029208658
2020-01-02,CA,2.20710203456741
2020-01-02,DE,2.00595697484372
2020-01-02,FR,2.49149581240659
2020-01-02,GB,2.46392643474479
2020-01-02,IE,4.44634346268545
2020-01-02,IT,3.10140970449801
2020-01-02,NL,1.93870324680637
2020-01-02,US,1.89590277862843
2020-01-03,AU,2.45417518248387
2020-01-03,CA,2.20721626289074
2020-01-03,DE,2.00634353192832
2020-01-03,FR,2.48612027467323
2020-01-03,GB,2.46502068028635
2020-01-03,IE,4.43933341993819
2020-01-03,IT,3.09251980098669
2020-01-03,NL,1.93749415986369
2020-01-03,US,1.88790281015688
2020-01-04,AU,2.4534887939275
2020-01-04,CA,2.20664594024121
2020-01-04,DE,2.00346921534378
2020-01-04,FR,2.48246685414653
2020-01-04,GB,2.45804474911388
2020-01-04,IE,4.42466427888983
2020-01-04,IT,3.0812105344152
2020-01-04,NL,1.9368677447315
2020-01-04,US,1.88014493533772
2020-01-05,AU,2.44962510931389
2020-01-05,CA,2.20435456948489
2020-01-05,DE,2.00232645417413
2020-01-05,FR,2.47909991957285
2020-01-05,GB,2.45172754713218
2020-01-05,IE,4.41346219254756
2020-01-05,IT,3.06780268117431
2020-01-05,NL,1.93467260765477
2020-01-05,US,1.87254049623283
2020-01-06,AU,2.4558000165724
2020-01-06,CA,2.20070215109286
2020-01-06,DE,2.00250017929692
2020-01-06,FR,2.47337886842898
2020-01-06,GB,2.44442257511114
2020-01-06,IE,4.40613261446044
2020-01-06,IT,3.05262425774129
2020-01-06,NL,1.9293650328408
2020-01-06,US,1.86472733530809
2020-01-07,AU,2.45639470965182
2020-01-07,CA,2.20270317835791
2020-01-07,DE,2.00262129687495
2020-01-07,FR,2.46625783319936
2020-01-07,GB,2.426464026629
2020-01-07,IE,4.37845793602828
2020-01-07,IT,3.04303971139754
2020-01-07,NL,1.92223372553247
2020-01-07,US,1.86430406975164
2020-01-08,AU,2.44952452247363
2020-01-08,CA,2.20245563128062
2020-01-08,DE,2.00066956093536
2020-01-08,FR,2.45708687339061
2020-01-08,GB,2.40988089357429
2020-01-08,IE,4.35992939894769
2020-01-08,IT,3.03123693999277
2020-01-08,NL,1.91820094375939
2020-01-08,US,1.86382143724083
2020-01-09,AU,2.43720010891836
2020-01-09,CA,2.1984022227212
2020-01-09,DE,1.99708196023767
2020-01-09,FR,2.44974248146743
2020-01-09,GB,2.38821994931919
2020-01-09,IE,4.34816382468091
2020-01-09,IT,3.01302985049983
2020-01-09,NL,1.91806261665663
2020-01-09,US,1.86508582445465
2020-01-10,AU,2.42698326371798
2020-01-10,CA,2.18942842628711
2020-01-10,DE,1.99169546525985
2020-01-10,FR,2.44077193754325
2020-01-10,GB,2.37119437558161
2020-01-10,IE,4.33621150646592
2020-01-10,IT,3.00858307643245
2020-01-10,NL,1.92062749336946
2020-01-10,US,1.8678884901138
2020-01-11,AU,2.41464371699518
2020-01-11,CA,2.18080195885771
2020-01-11,DE,1.98949614998367
2020-01-11,FR,2.42807213844512
2020-01-11,GB,2.35653102700222
2020-01-11,IE,4.31621689958188
2020-01-11,IT,3.00211022415629
2020-01-11,NL,1.92136917194212
2020-01-11,US,1.86949740300391
2020-01-12,AU,2.40784490366862
2020-01-12,CA,2.17591980572257
2020-01-12,DE,1.9869528822571
2020-01-12,FR,2.41882056924245
2020-01-12,GB,2.34173953553968
2020-01-12,IE,4.30427667768173
2020-01-12,IT,2.9964204805548
2020-01-12,NL,1.92403365770341
2020-01-12,US,1.87127229118123
2020-01-13,AU,2.39691511438346
2020-01-13,CA,2.17220908501187
2020-01-13,DE,1.98541183634047
2020-01-13,FR,2.41065271426047
2020-01-13,GB,2.3276242732244
2020-01-13,IE,4.29397925496202
2020-01-13,IT,2.98993270561627
2020-01-13,NL,1.92578760377986
2020-01-13,US,1.8747511779264
2020-01-14,AU,2.38918239689165
2020-01-14,CA,2.16535384673737
2020-01-14,DE,1.98253356164456
2020-01-14,FR,2.40120256900728
2020-01-14,GB,2.32167686853796
2020-01-14,IE,4.29643516670861
2020-01-14,IT,2.97493669483089
2020-01-14,NL,1.92713383254228
2020-01-14,US,1.87589684458608
2020-01-15,AU,2.38248431976748
2020-01-15,CA,2.15584826488029
2020-01-15,DE,1.98150804824707
2020-01-15,FR,2.39475551304363
2020-01-15,GB,2.31013234950668
2020-01-15,IE,4.30614849646811
2020-01-15,IT,2.96399522614808
2020-01-15,NL,1.92742094877372
2020-01-15,US,1.87766709732465
2020-01-16,AU,2.37812379043724
2020-01-16,CA,2.15407169987161
2020-01-16,DE,1.98250286925428
2020-01-16,FR,2.38478292760871
2020-01-16,GB,2.29901202769274
2020-01-16,IE,4.29329961213774
2020-01-16,IT,2.94902595507759
2020-01-16,NL,1.92605699359229
2020-01-16,US,1.87686810192347
2020-01-17,AU,2.37546696774983
2020-01-17,CA,2.15628778343907
2020-01-17,DE,1.9839890540803
2020-01-17,FR,2.37855502269864
2020-01-17,GB,2.28616456949222
2020-01-17,IE,4.28550584790053
2020-01-17,IT,2.93476123968695
2020-01-17,NL,1.923184971328
2020-01-17,US,1.87600072566652
2020-01-18,AU,2.37834483285822
2020-01-18,CA,2.16382595480033
2020-01-18,DE,1.98782762132887
2020-01-18,FR,2.37511838554494
2020-01-18,GB,2.28648374570223
2020-01-18,IE,4.29445050888572
2020-01-18,IT,2.92278578160425
2020-01-18,NL,1.92407160413619
2020-01-18,US,1.88032067149963
2020-01-19,AU,2.38033741511669
2020-01-19,CA,2.16165234193054
2020-01-19,DE,1.98839238966038
2020-01-19,FR,2.36536188745073
2020-01-19,GB,2.28313419499424
2020-01-19,IE,4.30068333876561
2020-01-19,IT,2.91077430719636
2020-01-19,NL,1.92514765173378
2020-01-19,US,1.88373087592367
2020-01-20,AU,2.37700000279595
2020-01-20,CA,2.15839827475318
2020-01-20,DE,1.98675924680091
2020-01-20,FR,2.35512157744086
2020-01-20,GB,2.28035251611788
2020-01-20,IE,4.29898582590001
2020-01-20,IT,2.90071333604206
2020-01-20,NL,1.92580943064631
2020-01-20,US,1.88845062531746
2020-01-21,AU,2.3771855597046
2020-01-21,CA,2.15706524283822
2020-01-21,DE,1.98628421418084
2020-01-21,FR,2.35152151655578
2020-01-21,GB,2.28094081878677
2020-01-21,IE,4.30797084781049
2020-01-21,IT,2.8915436413559
2020-01-21,NL,1.93008626903389
2020-01-21,US,1.89428267006514
2020-01-22,AU,2.37530271203796
2020-01-22,CA,2.15985571400736
2020-01-22,DE,1.98396460194554
2020-01-22,FR,2.3494228235144
2020-01-22,GB,2.28307237609928
2020-01-22,IE,4.29948025238769
2020-01-22,IT,2.8755684956402
2020-01-22,NL,1.93484679216272
2020-01-22,US,1.89975672568526
2020-01-23,AU,2.37430148384403
2020-01-23,CA,2.15639933355431
2020-01-23,DE,1.98399349214326
2020-01-23,FR,2.35001019873055
2020-01-23,GB,2.28898378005223
2020-01-23,IE,4.30748451440993
2020-01-23,IT,2.86611792496962
2020-01-23,NL,1.93862221942786
2020-01-23,US,1.90595638340582
2020-01-24,AU,2.37632118862117
2020-01-24,CA,2.15199239562709
2020-01-24,DE,1.98258895553165
2020-01-24,FR,2.34796700082832
2020-01-24,GB,2.29162647276453
2020-01-24,IE,4.31412100927454
2020-01-24,IT,2.85368773953908
2020-01-24,NL,1.94382075275223
2020-01-24,US,1.91336871879673
2020-01-25,AU,2.3715087460507
2020-01-25,CA,2.14157452993098
2020-01-25,DE,1.981575317375
2020-01-25,FR,2.34571544483141
2020-01-25,GB,2.2841112791313
2020-01-25,IE,4.30474872564223
2020-01-25,IT,2.83981966851738
2020-01-25,NL,1.94818112348327
2020-01-25,US,1.91593083684699
2020-01-26,AU,2.36287610201856
2020-01-26,CA,2.13678608085738
2020-01-26,DE,1.98295458237051
2020-01-26,FR,2.34504377846024
2020-01-26,GB,2.2777029142539
2020-01-26,IE,4.29389078532504
2020-01-26,IT,2.82208164974684
2020-01-26,NL,1.94799491872675
2020-01-26,US,1.91901538094423
2020-01-27,AU,2.36227867030266
2020-01-27,CA,2.13071620545453
2020-01-27,DE,1.98475269813511
2020-01-27,FR,2.34593475925428
2020-01-27,GB,2.27161553467267
2020-01-27,IE,4.28665622458031
2020-01-27,IT,2.80250879095415
2020-01-27,NL,1.94957861888249
2020-01-27,US,1.92133482241487
2020-01-28,AU,2.35808884368619
2020-01-28,CA,2.12518346740103
2020-01-28,DE,1.98603537885528
2020-01-28,FR,2.3419359487259
2020-01-28,GB,2.26911831478608
2020-01-28,IE,4.27469273467479
2020-01-28,IT,2.78855017082133
2020-01-28,NL,1.94782926078151
2020-01-28,US,1.92365277632127
2020-01-29,AU,2.36021831013784
2020-01-29,CA,2.12178969751556
2020-01-29,DE,1.98883822116166
2020-01-29,FR,2.33961015901707
2020-01-29,GB,2.26904487080908
2020-01-29,IE,4.25143094335921
2020-01-29,IT,2.78184318947235
2020-01-29,NL,1.94490145650516
2020-01-29,US,1.92646331063911
2020-01-30,AU,2.36148934171366
2020-01-30,CA,2.11807975647787
2020-01-30,DE,1.99204208416927
2020-01-30,FR,2.32855934668628
2020-01-30,GB,2.26931761117581
2020-01-30,IE,4.22472325649276
2020-01-30,IT,2.77826506327476
2020-01-30,NL,1.94338541082265
2020-01-30,US,1.93078404840508
2020-01-31,AU,2.36164926408175
2020-01-31,CA,2.11394780825471
2020-01-31,DE,1.99364339270048
2020-01-31,FR,2.31919288487968
2020-01-31,GB,2.27559223581364
2020-01-31,IE,4.20665565252284
2020-01-31,IT,2.7773495258346
2020-01-31,NL,1.94380781941891
2020-01-31,US,1.93109214454541
2020-02-01,AU,2.35649034385299
2020-02-01,CA,2.10891627483873
2020-02-01,DE,1.99414828901373
2020-02-01,FR,2.31372972341275
2020-02-01,GB,2.28591162086787
2020-02-01,IE,4.20228952596796
2020-02-01,IT,2.77126378238247
2020-02-01,NL,1.94162281001306
2020-02-01,US,1.93191710886789
2020-02-02,AU,2.35595739911819
2020-02-02,CA,2.10643163079512
2020-02-02,DE,1.99437895512509
2020-02-02,FR,2.31047849422834
2020-02-02,GB,2.29601038391678
2020-02-02,IE,4.20015570084754
2020-02-02,IT,2.76775602569442
2020-02-02,NL,1.94325482987476
2020-02-02,US,1.93213194703123
2020-02-03,AU,2.35012798881822
2020-02-03,CA,2.10466651247306
2020-02-03,DE,1.99444999975522
2020-02-03,FR,2.30235111689101
2020-02-03,GB,2.30515439660606
2020-02-03,IE,4.19185796657908
2020-02-03,IT,2.76746418075574
2020-02-03,NL,1.94167983212169
2020-02-03,US,1.93161737083007
2020-02-04,AU,2.34583116252729
2020-02-04,CA,2.10415161885267
2020-02-04,DE,1.99401895942116
2020-02-04,FR,2.29785233729299
2020-02-04,GB,2.30924603189542
2020-02-04,IE,4.18398111711965
2020-02-04,IT,2.76350806451663
2020-02-04,NL,1.94295947909382
2020-02-04,US,1.92937242812236
2020-02-05,AU,2.34565361024322
2020-02-05,CA,2.10222975470792
2020-02-05,DE,1.994050910408
2020-02-05,FR,2.2911262728844
2020-02-05,GB,2.31454255896824
2020-02-05,IE,4.19422214512345
2020-02-05,IT,2.75572888459938
2020-02-05,NL,1.94548593286541
2020-02-05,US,1.92791188282982
2020-02-06,AU,2.34190028585313
2020-02-06,CA,2.10144115390987
2020-02-06,DE,1.99135013210301
2020-02-06,FR,2.28889149139472
2020-02-06,GB,2.31889929146224
2020-02-06,IE,4.20317288364779
2020-02-06,IT,2.744349781637
2020-02-06,NL,1.949903174408
2020-02-06,US,1.92539263845993
2020-02-07,AU,2.33809210281699
2020-02-07,CA,2.10395292482494
2020-02-07,DE,1.9902752239783
2020-02-07,FR,2.29013739092129
2020-02-07,GB,2.32255023413383
2020-02-07,IE,4.21057907811126
2020-02-07,IT,2.73615994078508
2020-02-07,NL,1.95005842439592
2020-02-07,US,1.92872340839158
2020-02-08,AU,2.34106887416285
2020-02-08,CA,2.10884110675202
2020-02-08,DE,1.98824854348304
2020-02-08,FR,2.28778796382186
2020-02-08,GB,2.32652313359896
2020-02-08,IE,4.2032050791752
2020-02-08,IT,2.7332898802059
2020-02-08,NL,1.95399606630595
2020-02-08,US,1.92973940952157
2020-02-09,AU,2.34739559454802
2020-02-09,CA,2.11320629004153
2020-02-09,DE,1.98674255415954
2020-02-09,FR,2.28160026025966
2020-02-09,GB,2.32920277895099
2020-02-09,IE,4.20204118330462
2020-02-09,IT,2.73335190417387
2020-02-09,NL,1.95709259946885
2020-02-09,US,1.93141516003531
2020-02-10,AU,2.35821429164156
2020-02-10,CA,2.11795727872664
2020-02-10,DE,1.98469769086971
2020-02-10,FR,2.28332504514388
2020-02-10,GB,2.33821197027904
2020-02-10,IE,4.21129428572781
2020-02-10,IT,2.73259994838658
2020-02-10,NL,1.96242276480688
2020-02-10,US,1.93462336578023
2020-02-11,AU,2.37649796060771
2020-02-11,CA,2.1211441432108
2020-02-11,DE,1.98496960000455
2020-02-11,FR,2.28137666251263
2020-02-11,GB,2.3497952331419
2020-02-11,IE,4.23671969527784
2020-02-11,IT,2.73694688127275
2020-02-11,NL,1.96827855772314
2020-02-11,US,1.93895898247238
2020-02-12,AU,2.3904832396434
2020-02-12,CA,2.12263545235192
2020-02-12,DE,1.98440101764254
2020-02-12,FR,2.27857550306193
2020-02-12,GB,2.35686299812783
2020-02-12,IE,4.26263627492766
2020-02-12,IT,2.74713394910133
2020-02-12,NL,1.97054213698275
2020-02-12,US,1.94137607105862
2020-02-13,AU,2.41246218636388
2020-02-13,CA,2.12741174122943
2020-02-13,DE,1.98312370896751
2020-02-13,FR,2.27605147674987
2020-02-13,GB,2.36294836865828
2020-02-13,IE,4.30391814070637
2020-02-13,IT,2.75798521155548
2020-02-13,NL,1.96885004186733
2020-02-13,US,1.94390371543597
2020-02-14,AU,2.43081632503408
2020-02-14,CA,2.13048825200096
2020-02-14,DE,1.98428451383393
2020-02-14,FR,2.27267676946276
2020-02-14,GB,2.36736552311984
2020-02-14,IE,4.36734728927536
2020-02-14,IT,2.76856967728007
2020-02-14,NL,1.9702190875392
2020-02-14,US,1.94387566936203
2020-02-15,AU,2.45230508175227
2020-02-15,CA,2.132267408232
2020-02-15,DE,1.984138978788
2020-02-15,FR,2.26834133792477
2020-02-15,GB,2.36964684670425
2020-02-15,IE,4.41728861973813
2020-02-15,IT,2.77722119204413
2020-02-15,NL,1.9701047423362
2020-02-15,US,1.94933105150707
2020-02-16,AU,2.46732961193393
2020-02-16,CA,2.13457210210787
2020-02-16,DE,1.98488883420326
2020-02-16,FR,2.2667297310847
2020-02-16,GB,2.37641351682087
2020-02-16,IE,4.47267713929761
2020-02-16,IT,2.78534103588451
2020-02-16,NL,1.96910995206941
2020-02-16,US,1.95451460447128
2020-02-17,AU,2.4824162866334
2020-02-17,CA,2.13840735941108
2020-02-17,DE,1.9852806648055
2020-02-17,FR,2.26060301900481
2020-02-17,GB,2.37889639040065
2020-02-17,IE,4.52336593004383
2020-02-17,IT,2.79842235853289
2020-02-17,NL,1.96935672421176
2020-02-17,US,1.95807634915117
2020-02-18,AU,2.4922064282257
2020-02-18,CA,2.14195098464775
2020-02-18,DE,1.98660289215632
2020-02-18,FR,2.25602819306942
2020-02-18,GB,2.37798783143636
2020-02-18,IE,4.55610276666722
2020-02-18,IT,2.80372836385769
2020-02-18,NL,1.96877778835179
2020-02-18,US,1.95992287371335
2020-02-19,AU,2.50115592874779
2020-02-19,CA,2.1475888343962
2020-02-19,DE,1.98671490307483
2020-02-19,FR,2.24892039068366
2020-02-19,GB,2.38305220511292
2020-02-19,IE,4.58978367807237
2020-02-19,IT,2.80111033387759
2020-02-19,NL,1.97166792437647
2020-02-19,US,1.96304036905556
2020-02-20,AU,2.51142446286329
2020-02-20,CA,2.15087212157394
2020-02-20,DE,1.98600260012489
2020-02-20,FR,2.24619029011645
2020-02-20,GB,2.387342743415
2020-02-20,IE,4.60247551704416
2020-02-20,IT,2.79685023386322
2020-02-20,NL,1.97517630947179
2020-02-20,US,1.96631870047242
2020-02-21,AU,2.51752605537537
2020-02-21,CA,2.15176604190562
2020-02-21,DE,1.98632453118714
2020-02-21,FR,2.24241803865362
2020-02-21,GB,2.38839577079761
2020-02-21,IE,4.58056555551534
2020-02-21,IT,2.78733987753517
2020-02-21,NL,1.9781703239665
2020-02-21,US,1.96891759131745
2020-02-22,AU,2.51777388536966
2020-02-22,CA,2.14664917438353
2020-02-22,DE,1.98272256485064
2020-02-22,FR,2.23613371694437
2020-02-22,GB,2.38704549078703
2020-02-22,IE,4.59019872165799
2020-02-22,IT,2.78387522799643
2020-02-22,NL,1.97764271008549
2020-02-22,US,1.96635552563804
2020-02-23,AU,2.52282589508484
2020-02-23,CA,2.14817778522378
2020-02-23,DE,1.98210931383374
2020-02-23,FR,2.22898698654068
2020-02-23,GB,2.38605077480186
2020-02-23,IE,4.58624558585791
2020-02-23,IT,2.78157191393183
2020-02-23,NL,1.98190452702488
2020-02-23,US,1.96596639855817
2020-02-24,AU,2.52339301797296
2020-02-24,CA,2.15128610698531
2020-02-24,DE,1.98145424698141
2020-02-24,FR,2.22406386465384
2020-02-24,GB,2.38513096351991
2020-02-24,IE,4.57992909713802
2020-02-24,IT,2.77637818776203
2020-02-24,NL,1.98664419957127
2020-02-24,US,1.96514246859848
2020-02-25,AU,2.5238778065792
2020-02-25,CA,2.15431283236307
2020-02-25,DE,1.98132645370585
2020-02-25,FR,2.21887448011241
2020-02-25,GB,2.38844561323195
2020-02-25,IE,4.56472626117854
2020-02-25,IT,2.77098747432357
2020-02-25,NL,1.99005268793348
2020-02-25,US,1.96435479134647
2020-02-26,AU,2.52287612004054
2020-02-26,CA,2.14939527442385
2020-02-26,DE,1.98284401863075
2020-02-26,FR,2.21713917363349
2020-02-26,GB,2.38851094689271
2020-02-26,IE,4.55148080402785
2020-02-26,IT,2.7705811395692
2020-02-26,NL,1.99354341353611
2020-02-26,US,1.96229399938865
2020-02-27,AU,2.52014760456644
2020-02-27,CA,2.14857747654946
2020-02-27,DE,1.98439370322958
2020-02-27,FR,2.20714746861542
2020-02-27,GB,2.39098989090226
2020-02-27,IE,4.5463473225121
2020-02-27,IT,2.77600488727354
2020-02-27,NL,1.99868062826496
2020-02-27,US,1.9605992915512
2020-02-28,AU,2.54825448662826
2020-02-28,CA,2.15011558648464
2020-02-28,DE,1.98415064608441
2020-02-28,FR,2.19730740039842
2020-02-28,GB,2.39573311874583
2020-02-28,IE,4.54818787057681
2020-02-28,IT,2.79086986465244
2020-02-28,NL,2.00467452936545
2020-02-28,US,1.958845058595
2020-02-29,AU,2.58050059262894
2020-02-29,CA,2.15716412685025
2020-02-29,DE,1.98726832425876
2020-02-29,FR,2.19309786319039
2020-02-29,GB,2.40255029561322
2020-02-29,IE,4.54169301463125
2020-02-29,IT,2.78258896708527
2020-02-29,NL,2.01539678482152
2020-02-29,US,1.96036909935792
2020-03-01,AU,2.60619100493616
2020-03-01,CA,2.15630259470599
2020-03-01,DE,1.9860756124279
2020-03-01,FR,2.18782221645182
2020-03-01,GB,2.40905018986223
2020-03-01,IE,4.53110306153633
2020-03-01,IT,2.77456545815418
2020-03-01,NL,2.02201587214484
2020-03-01,US,1.9602100080246
2020-03-02,AU,2.64046407155942
2020-03-02,CA,2.15537959393475
2020-03-02,DE,1.98361088404785
2020-03-02,FR,2.18183437420878
2020-03-02,GB,2.41616458371967
2020-03-02,IE,4.52603513539597
2020-03-02,IT,2.76508239317836
2020-03-02,NL,2.02574346904542
2020-03-02,US,1.96096762574187
2020-03-03,AU,2.6681062471845
2020-03-03,CA,2.1548794630198
2020-03-03,DE,1.98194602340667
2020-03-03,FR,2.17419067126208
2020-03-03,GB,2.42007668167865
2020-03-03,IE,4.53472415649539
2020-03-03,IT,2.76529724724279
2020-03-03,NL,2.03059965616435
2020-03-03,US,1.96282835571246
2020-03-04,AU,2.69083250390333
2020-03-04,CA,2.15751591524589
2020-03-04,DE,1.97926314135342
2020-03-04,FR,2.16492283255944
2020-03-04,GB,2.41893488580737
2020-03-04,IE,4.52773196346124
2020-03-04,IT,2.76373841597216
2020-03-04,NL,2.03573848538944
2020-03-04,US,1.96551821122352
2020-03-05,AU,2.71629460882843
2020-03-05,CA,2.15534215129454
2020-03-05,DE,1.97907908671257
2020-03-05,FR,2.15887269065819
2020-03-05,GB,2.4179749360858
2020-03-05,IE,4.52262970157955
2020-03-05,IT,2.76398527927326
2020-03-05,NL,2.04056842909105
2020-03-05,US,1.96730932219534
2020-03-06,AU,2.72308496231753
2020-03-06,CA,2.15161662119211
2020-03-06,DE,1.97796557245168
2020-03-06,FR,2.15081580473992
2020-03-06,GB,2.41795975417528
2020-03-06,IE,4.530124666229
2020-03-06,IT,2.76377863506786
2020-03-06,NL,2.04305919949301
2020-03-06,US,1.96964534773898
2020-03-07,AU,2.73139427527072
2020-03-07,CA,2.14877113763024
2020-03-07,DE,1.97742515027697
2020-03-07,FR,2.14227790808261
2020-03-07,GB,2.41909740745302
2020-03-07,IE,4.5309992094516
2020-03-07,IT,2.78593731031648
2020-03-07,NL,2.04369519831489
2020-03-07,US,1.97540057060596
2020-03-08,AU,2.74434545200715
2020-03-08,CA,2.14658608613091
2020-03-08,DE,1.97882953843635
2020-03-08,FR,2.13640947183556
2020-03-08,GB,2.41744075096829
2020-03-08,IE,4.54180059369906
2020-03-08,IT,2.80770692937886
2020-03-08,NL,2.04772474466636
2020-03-08,US,1.97732719113557
2020-03-09,AU,2.74827083992105
2020-03-09,CA,2.14288815288881
2020-03-09,DE,1.9829055287304
2020-03-09,FR,2.13214313132788
2020-03-09,GB,2.41318904107606
2020-03-09,IE,4.54111756367629
2020-03-09,IT,2.82940458684957
2020-03-09,NL,2.05397116397726
2020-03-09,US,1.9774572582059
2020-03-10,AU,2.76026726687281
2020-03-10,CA,2.1387227570586
2020-03-10,DE,1.98262213975684
2020-03-10,FR,2.12835570500278
2020-03-10,GB,2.41301113280518
2020-03-10,IE,4.53028530675387
2020-03-10,IT,2.84439622248914
2020-03-10,NL,2.0606867547393
2020-03-10,US,1.97697544729346
2020-03-11,AU,2.77342366261012
2020-03-11,CA,2.13580257782418
2020-03-11,DE,1.98404968008636
2020-03-11,FR,2.12419001239887
2020-03-11,GB,2.41687887871577
2020-03-11,IE,4.52552924818999
2020-03-11,IT,2.86589001608925
2020-03-11,NL,2.0655222200997
2020-03-11,US,1.97565467549957
2020-03-12,AU,2.78058788655076
2020-03-12,CA,2.129875442853
2020-03-12,DE,1.98352008965722
2020-03-12,FR,2.12228087250326
2020-03-12,GB,2.41968920503927
2020-03-12,IE,4.52674306026675
2020-03-12,IT,2.88334229427644
2020-03-12,NL,2.07280899478548
2020-03-12,US,1.97572837489922
2020-03-13,AU,2.77921342524671
2020-03-13,CA,2.1270746117493
2020-03-13,DE,1.98589722499277
2020-03-13,FR,2.12073962307867
2020-03-13,GB,2.42170934245963
2020-03-13,IE,4.53099418012102
2020-03-13,IT,2.8971491796987
2020-03-13,NL,2.07711558549782
2020-03-13,US,1.97668743093695
2020-03-14,AU,2.77364535743688
2020-03-14,CA,2.12433563138335
2020-03-14,DE,1.98983290355856
2020-03-14,FR,2.12202405402657
2020-03-14,GB,2.42523810824698
2020-03-14,IE,4.55307790025558
2020-03-14,IT,2.91141382922464
2020-03-14,NL,2.0848896721655
2020-03-14,US,1.97503541632867
2020-03-15,AU,2.76513299655204
2020-03-15,CA,2.12268363056398
2020-03-15,DE,1.9909991479424
2020-03-15,FR,2.12086176452286
2020-03-15,GB,2.43098298747244
2020-03-15,IE,4.5605996383575
2020-03-15,IT,2.92856965837693
2020-03-15,NL,2.08958220066601
2020-03-15,US,1.97684151338386
2020-03-16,AU,2.76372894466094
2020-03-16,CA,2.12234513313815
2020-03-16,DE,1.9931675293802
2020-03-16,FR,2.11614411613317
2020-03-16,GB,2.43791122999749
2020-03-16,IE,4.5884392321857
2020-03-16,IT,2.94421117809704
2020-03-16,NL,2.09609834367788
2020-03-16,US,1.97889029310171
2020-03-17,AU,2.76430614121285
2020-03-17,CA,2.12686309869236
2020-03-17,DE,1.99903497752574
2020-03-17,FR,2.11808209167749
2020-03-17,GB,2.45240673404299
2020-03-17,IE,4.63567897379895
2020-03-17,IT,2.96137166413959
2020-03-17,NL,2.10640816438118
2020-03-17,US,1.98461204770116
2020-03-18,AU,2.77358054633528
2020-03-18,CA,2.13402270870761
2020-03-18,DE,2.00418347397323
2020-03-18,FR,2.12638110162464
2020-03-18,GB,2.47363408612569
2020-03-18,IE,4.70241467355005
2020-03-18,IT,2.97683162423495
2020-03-18,NL,2.11809442789232
2020-03-18,US,1.99183164208717
2020-03-19,AU,2.78643893854757
2020-03-19,CA,2.14126681178786
2020-03-19,DE,2.01241874826298
2020-03-19,FR,2.12801147737911
2020-03-19,GB,2.4993024536313
2020-03-19,IE,4.78948490823911
2020-03-19,IT,2.99032213720517
2020-03-19,NL,2.12670202280488
2020-03-19,US,1.99590818901254
2020-03-20,AU,2.80883061285727
2020-03-20,CA,2.14805893921211
2020-03-20,DE,2.0202035016296
2020-03-20,FR,2.13079569560181
2020-03-20,GB,2.52886148096632
2020-03-20,IE,4.84306333119795
2020-03-20,IT,3.00433955405243
2020-03-20,NL,2.12820003155653
2020-03-20,US,2.00039502371234
2020-03-21,AU,2.81759536434396
2020-03-21,CA,2.15605881999773
2020-03-21,DE,2.02256063021296
2020-03-21,FR,2.13218178665472
2020-03-21,GB,2.56618246985981
2020-03-21,IE,4.92218545805388
2020-03-21,IT,3.01832815973242
2020-03-21,NL,2.13331816406011
2020-03-21,US,2.0062411521895
2020-03-22,AU,2.83185929725208
2020-03-22,CA,2.16592346173581
2020-03-22,DE,2.02815247451263
2020-03-22,FR,2.13591228119672
2020-03-22,GB,2.61186226500222
2020-03-22,IE,5.00869652308004
2020-03-22,IT,3.0413404256884
2020-03-22,NL,2.14208549855258
2020-03-22,US,2.01251884046495
2020-03-23,AU,2.84343195978717
2020-03-23,CA,2.17380110259273
2020-03-23,DE,2.02720944080104
2020-03-23,FR,2.14155161950084
2020-03-23,GB,2.65989836597872
2020-03-23,IE,5.09876953818182
2020-03-23,IT,3.06457732513599
2020-03-23,NL,2.14771170595895
2020-03-23,US,2.0197692937742
2020-03-24,AU,2.85174878898337
2020-03-24,CA,2.17255770136025
2020-03-24,DE,2.02790269165948
2020-03-24,FR,2.14245599769026
2020-03-24,GB,2.70107024573782
2020-03-24,IE,5.17609952252968
2020-03-24,IT,3.08731767902211
2020-03-24,NL,2.14831644326678
2020-03-24,US,2.02485363669847
2020-03-25,AU,2.85943690535532
2020-03-25,CA,2.1787468747522
2020-03-25,DE,2.0296731852629
2020-03-25,FR,2.13868047848141
2020-03-25,GB,2.74764666703902
2020-03-25,IE,5.264840144814
2020-03-25,IT,3.11192995758833
2020-03-25,NL,2.15049562050659
2020-03-25,US,2.02549621866501
2020-03-26,AU,2.85233388781889
2020-03-26,CA,2.18912483064875
2020-03-26,DE,2.0284329979864
2020-03-26,FR,2.14833315018568
2020-03-26,GB,2.78353120912837
2020-03-26,IE,5.30463601514185
2020-03-26,IT,3.1409395293557
2020-03-26,NL,2.15542874081929
2020-03-26,US,2.02434499659588
2020-03-27,AU,2.83023787673777
2020-03-27,CA,2.20195550336589
2020-03-27,DE,2.02365882087608
2020-03-27,FR,2.15740014046303
2020-03-27,GB,2.82110124173117
2020-03-27,IE,5.36365408713216
2020-03-27,IT,3.15949812867568
2020-03-27,NL,2.16974239231459
2020-03-27,US,2.01708122378246
2020-03-28,AU,2.81770373587532
2020-03-28,CA,2.20989803010385
2020-03-28,DE,2.02264184817222
2020-03-28,FR,2.17218690009188
2020-03-28,GB,2.84584528209485
2020-03-28,IE,5.35544477464764
2020-03-28,IT,3.18068844123452
2020-03-28,NL,2.17666299503632
2020-03-28,US,2.00563124262593
2020-03-29,AU,2.81027975069309
2020-03-29,CA,2.21636318990739
2020-03-29,DE,2.01909883577041
2020-03-29,FR,2.18411430912733
2020-03-29,GB,2.86436340450152
2020-03-29,IE,5.38453713819768
2020-03-29,IT,3.1899891192022
2020-03-29,NL,2.18013907317654
2020-03-29,US,1.99382924005657
2020-03-30,AU,2.79511539763856
2020-03-30,CA,2.22525230991405
2020-03-30,DE,2.01983878810188
2020-03-30,FR,2.19536954841993
2020-03-30,GB,2.88569962533517
2020-03-30,IE,5.40717208627883
2020-03-30,IT,3.19499514556948
2020-03-30,NL,2.18631262674679
2020-03-30,US,1.98250403075503
2020-03-31,AU,2.77382450265219
2020-03-31,CA,2.24037165576047
2020-03-31,DE,2.01693805041738
2020-03-31,FR,2.20819787760224
2020-03-31,GB,2.90795483774085
2020-03-31,IE,5.43740301529455
2020-03-31,IT,3.20261035732745
2020-03-31,NL,2.19221728457406
2020-03-31,US,1.97100625271295
2020-04-01,AU,2.75813695835297
2020-04-01,CA,2.24894294072701
2020-04-01,DE,2.01422147919792
2020-04-01,FR,2.22545193314719
2020-04-01,GB,2.92288567958328
2020-04-01,IE,5.42920697221696
2020-04-01,IT,3.20557130549203
2020-04-01,NL,2.19466144452297
2020-04-01,US,1.96172291703149
2020-04-02,AU,2.75277549794625
2020-04-02,CA,2.25696904241035
2020-04-02,DE,2.01344200577337
2020-04-02,FR,2.23970564075656
2020-04-02,GB,2.94523620134758
2020-04-02,IE,5.44364194463952
2020-04-02,IT,3.20626625605878
2020-04-02,NL,2.19496053597181
2020-04-02,US,1.95652126695983
2020-04-03,AU,2.75676374573446
2020-04-03,CA,2.25969012247833
2020-04-03,DE,2.01343845461436
2020-04-03,FR,2.25636831214544
2020-04-03,GB,2.96090740666308
2020-04-03,IE,5.47885043599265
2020-04-03,IT,3.24449899635616
2020-04-03,NL,2.19413616785627
2020-04-03,US,1.95514132993614
2020-04-04,AU,2.76547543454417
2020-04-04,CA,2.26680270041004
2020-04-04,DE,2.01316198594215
2020-04-04,FR,2.26366014203145
2020-04-04,GB,2.97191924945663
2020-04-04,IE,5.54525937779822
2020-04-04,IT,3.29074522667723
2020-04-04,NL,2.19737126065612
2020-04-04,US,1.95774011905952
2020-04-05,AU,2.76631155655433
2020-04-05,CA,2.27463822107093
2020-04-05,DE,2.01506791672646
2020-04-05,FR,2.27808658692132
2020-04-05,GB,2.99033306263698
2020-04-05,IE,5.5757642746513
2020-04-05,IT,3.33410992395454
2020-04-05,NL,2.20052980987668
2020-04-05,US,1.96132603440785
2020-04-06,AU,2.77394773229303
2020-04-06,CA,2.27812135913251
2020-04-06,DE,2.01811677106375
2020-04-06,FR,2.29595854231307
2020-04-06,GB,3.00414191554559
2020-04-06,IE,5.60931539189707
2020-04-06,IT,3.38918118747791
2020-04-06,NL,2.19808778555143
2020-04-06,US,1.95838511113525
2020-04-07,AU,2.78762092748889
2020-04-07,CA,2.28427383958808
2020-04-07,DE,2.01975455800758
2020-04-07,FR,2.31449860615229
2020-04-07,GB,3.0210221694591
2020-04-07,IE,5.61443651501762
2020-04-07,IT,3.44509721537985
2020-04-07,NL,2.19963387892429
2020-04-07,US,1.95921730709474
2020-04-08,AU,2.79431198958799
2020-04-08,CA,2.28813220574063
2020-04-08,DE,2.01606623585912
2020-04-08,FR,2.3303433235133
2020-04-08,GB,3.03141670015201
2020-04-08,IE,5.62140895275482
2020-04-08,IT,3.50166429832573
2020-04-08,NL,2.19951121753812
2020-04-08,US,1.95561754742574
2020-04-09,AU,2.80787764055463
2020-04-09,CA,2.28795959493649
2020-04-09,DE,2.00943156860667
2020-04-09,FR,2.3415618157708
2020-04-09,GB,3.03572147440157
2020-04-09,IE,5.61202497329631
2020-04-09,IT,3.55581308308503
2020-04-09,NL,2.19776637218551
2020-04-09,US,1.95085012076313
2020-04-10,AU,2.81177906793148
2020-04-10,CA,2.28920275393203
2020-04-10,DE,2.0002877296053
2020-04-10,FR,2.34767600220977
2020-04-10,GB,3.04494793449722
2020-04-10,IE,5.58289166172365
2020-04-10,IT,3.58309736953866
2020-04-10,NL,2.19975778030548
2020-04-10,US,1.94941658881378
2020-04-11,AU,2.80886121061473
2020-04-11,CA,2.28839020523596
2020-04-11,DE,1.99296667989473
2020-04-11,FR,2.35694201807703
2020-04-11,GB,3.06115272815955
2020-04-11,IE,5.56619355001064
2020-04-11,IT,3.60019351868266
2020-04-11,NL,2.19540180923427
2020-04-11,US,1.94577723705972
2020-04-12,AU,2.81344466660607
2020-04-12,CA,2.29296730724948
2020-04-12,DE,1.98282693569355
2020-04-12,FR,2.36770029618166
2020-04-12,GB,3.07844080968731
2020-04-12,IE,5.54044815221683
2020-04-12,IT,3.61273279701554
2020-04-12,NL,2.19262038356451
2020-04-12,US,1.94400705247993
2020-04-13,AU,2.81994569575824
2020-04-13,CA,2.30276378423364
2020-04-13,DE,1.97146889396201
2020-04-13,FR,2.37752044723456
2020-04-13,GB,3.09994380494108
2020-04-13,IE,5.50320091039595
2020-04-13,IT,3.6183245461688
2020-04-13,NL,2.19428899868353
2020-04-13,US,1.94712214271805
2020-04-14,AU,2.83445279618464
2020-04-14,CA,2.30955572777668
2020-04-14,DE,1.96023667699411
2020-04-14,FR,2.38956218180821
2020-04-14,GB,3.11991832799039
2020-04-14,IE,5.47840227712642
2020-04-14,IT,3.62325954088781
2020-04-14,NL,2.19303963942412
2020-04-14,US,1.9428925991525
2020-04-15,AU,2.83455996404762
2020-04-15,CA,2.31621252665778
2020-04-15,DE,1.94862850124018
2020-04-15,FR,2.39378801108974
2020-04-15,GB,3.13821496463188
2020-04-15,IE,5.465514467466
2020-04-15,IT,3.63207521106264
2020-04-15,NL,2.1927391086945
2020-04-15,US,1.94294544380289
2020-04-16,AU,2.82111116686475
2020-04-16,CA,2.32048468881043
2020-04-16,DE,1.9306080661173
2020-04-16,FR,2.39689003167744
2020-04-16,GB,3.15654703875158
2020-04-16,IE,5.45049207746724
2020-04-16,IT,3.63895180759243
2020-04-16,NL,2.19192699585596
2020-04-16,US,1.94346624230721
2020-04-17,AU,2.82993951036309
2020-04-17,CA,2.32367924122866
2020-04-17,DE,1.92085051070527
2020-04-17,FR,2.39864266464869
2020-04-17,GB,3.18050724652661
2020-04-17,IE,5.43904703875925
2020-04-17,IT,3.64079141094271
2020-04-17,NL,2.1928804231282
2020-04-17,US,1.94176369840833
2020-04-18,AU,2.8363542069961
2020-04-18,CA,2.32002918492993
2020-04-18,DE,1.90889602762846
2020-04-18,FR,2.3971217197965
2020-04-18,GB,3.19359634387101
2020-04-18,IE,5.40766522623135
2020-04-18,IT,3.63684112012161
2020-04-18,NL,2.19546142097873
2020-04-18,US,1.93621063939132
2020-04-19,AU,2.83877954671411
2020-04-19,CA,2.3061387387692
2020-04-19,DE,1.89717755203492
2020-04-19,FR,2.39216049573371
2020-04-19,GB,3.20514148894484
2020-04-19,IE,5.38445946127375
2020-04-19,IT,3.64296312008674
2020-04-19,NL,2.19665568521323
2020-04-19,US,1.92908757307522
2020-04-20,AU,2.85148982345809
2020-04-20,CA,2.30017923568616
2020-04-20,DE,1.88651481659988
2020-04-20,FR,2.38567680089123
2020-04-20,GB,3.21675772896059
2020-04-20,IE,5.367212001894
2020-04-20,IT,3.64884040258703
2020-04-20,NL,2.20063536912211
2020-04-20,US,1.92210085933865
2020-04-21,AU,2.85562116536093
2020-04-21,CA,2.29431940400321
2020-04-21,DE,1.87645433988942
2020-04-21,FR,2.37197781108862
2020-04-21,GB,3.22459878702413
2020-04-21,IE,5.35763667913427
2020-04-21,IT,3.64416114242929
2020-04-21,NL,2.20854001017376
2020-04-21,US,1.91792309074185
2020-04-22,AU,2.87710062666566
2020-04-22,CA,2.29023833586024
2020-04-22,DE,1.87067812878556
2020-04-22,FR,2.36551904913254
2020-04-22,GB,3.24120493234534
2020-04-22,IE,5.34383711209848
2020-04-22,IT,3.63444994369565
2020-04-22,NL,2.21614877722186
2020-04-22,US,1.91430159677258
2020-04-23,AU,2.90763154896984
2020-04-23,CA,2.28977304125546
2020-04-23,DE,1.87250091014505
2020-04-23,FR,2.35979369171262
2020-04-23,GB,3.23737443334777
2020-04-23,IE,5.35110714707548
2020-04-23,IT,3.63060034356858
2020-04-23,NL,2.22191554810753
2020-04-23,US,1.90996735132307
2020-04-24,AU,2.91939521035051
2020-04-24,CA,2.28748632298897
2020-04-24,DE,1.86913366935841
2020-04-24,FR,2.35874651493429
2020-04-24,GB,3.2236274832717
2020-04-24,IE,5.35440461175843
2020-04-24,IT,3.61483189448586
2020-04-24,NL,2.22614434912441
2020-04-24,US,1.90558010291171
2020-04-25,AU,2.927584681217
2020-04-25,CA,2.28449336565303
2020-04-25,DE,1.86590935049269
2020-04-25,FR,2.35715277402649
2020-04-25,GB,3.20990890723784
2020-04-25,IE,5.36400409722601
2020-04-25,IT,3.59978477813679
2020-04-25,NL,2.23005712150747
2020-04-25,US,1.90099348382908
2020-04-26,AU,2.93678817088391
2020-04-26,CA,2.28726291969302
2020-04-26,DE,1.86504433573121
2020-04-26,FR,2.35648691066869
2020-04-26,GB,3.19370468953735
2020-04-26,IE,5.37369010563014
2020-04-26,IT,3.57966710227433
2020-04-26,NL,2.23594789228396
2020-04-26,US,1.89693524881104
2020-04-27,AU,2.9326348005088
2020-04-27,CA,2.27864231781964
2020-04-27,DE,1.86345291355081
2020-04-27,FR,2.35830731358339
2020-04-27,GB,3.17153086107279
2020-04-27,IE,5.39175579365644
2020-04-27,IT,3.5625970992092
2020-04-27,NL,2.23872521344211
2020-04-27,US,1.89251551834204
2020-04-28,AU,2.92418182963753
2020-04-28,CA,2.27534908966049
2020-04-28,DE,1.86366525940672
2020-04-28,FR,2.36353126836443
2020-04-28,GB,3.14844760425484
2020-04-28,IE,5.41828312671212
2020-04-28,IT,3.56076701346036
2020-04-28,NL,2.23734826953213
2020-04-28,US,1.88763982270888
2020-04-29,AU,2.91669374969979
2020-04-29,CA,2.27078565697662
2020-04-29,DE,1.86354609238742
2020-04-29,FR,2.37061504104272
2020-04-29,GB,3.1163953508361
2020-04-29,IE,5.42846129449861
2020-04-29,IT,3.55404552624721
2020-04-29,NL,2.23770650850597
2020-04-29,US,1.87957961888452
2020-04-30,AU,2.9030669631358
2020-04-30,CA,2.26650583060308
2020-04-30,DE,1.86491751851963
2020-04-30,FR,2.37380103340578
2020-04-30,GB,3.10028594939858
2020-04-30,IE,5.43958351983628
2020-04-30,IT,3.54173323706215
2020-04-30,NL,2.23884858513951
2020-04-30,US,1.87019260372362
2020-05-01,AU,2.8951134723233
2020-05-01,CA,2.26178579317901
2020-05-01,DE,1.8670282977926
2020-05-01,FR,2.38285731479365
2020-05-01,GB,3.09280294594912
2020-05-01,IE,5.4573919483529
2020-05-01,IT,3.55525322975683
2020-05-01,NL,2.23632873051123
2020-05-01,US,1.86099120172989
2020-05-02,AU,2.90765147377018
2020-05-02,CA,2.25613188331008
2020-05-02,DE,1.87011449520552
2020-05-02,FR,2.38912677858883
2020-05-02,GB,3.09021099885333
2020-05-02,IE,5.49454276907877
2020-05-02,IT,3.56960842530003
2020-05-02,NL,2.23383788809363
2020-05-02,US,1.85192973457724
2020-05-03,AU,2.9159701193729
2020-05-03,CA,2.24218554259859
2020-05-03,DE,1.87046089947184
2020-05-03,FR,2.3941181680147
2020-05-03,GB,3.07921559404491
2020-05-03,IE,5.51603825031548
2020-05-03,IT,3.58625030028881
2020-05-03,NL,2.2296974790557
2020-05-03,US,1.84102858248318
2020-05-04,AU,2.92574752799888
2020-05-04,CA,2.23815213167039
2020-05-04,DE,1.87199741728814
2020-05-04,FR,2.39512596878102
2020-05-04,GB,3.07405605445301
2020-05-04,IE,5.51270487410914
2020-05-04,IT,3.59747849696942
2020-05-04,NL,2.22597932379072
2020-05-04,US,1.83367989199985
2020-05-05,AU,2.93095001592236
2020-05-05,CA,2.22291693713701
2020-05-05,DE,1.87351109482342
2020-05-05,FR,2.39596506900292
2020-05-05,GB,3.0691261053642
2020-05-05,IE,5.496638942954
2020-05-05,IT,3.60224001273057
2020-05-05,NL,2.21981961759687
2020-05-05,US,1.82568033776388
2020-05-06,AU,2.92586131456459
2020-05-06,CA,2.21125907929872
2020-05-06,DE,1.87355617815046
2020-05-06,FR,2.38943514956233
2020-05-06,GB,3.06797309784043
2020-05-06,IE,5.49865092382078
2020-05-06,IT,3.61395199970557
2020-05-06,NL,2.21409702294332
2020-05-06,US,1.81819034101057
2020-05-07,AU,2.91628216060468
2020-05-07,CA,2.19597182338043
2020-05-07,DE,1.87594433630848
2020-05-07,FR,2.38537585655702
2020-05-07,GB,3.07259117287556
2020-05-07,IE,5.48900822927439
2020-05-07,IT,3.62201015357105
2020-05-07,NL,2.21047597054184
2020-05-07,US,1.81730874506207
2020-05-08,AU,2.90355079067483
2020-05-08,CA,2.18390268311121
2020-05-08,DE,1.87618610791315
2020-05-08,FR,2.3788654282461
2020-05-08,GB,3.06708530144161
2020-05-08,IE,5.48295601398342
2020-05-08,IT,3.61524768236386
2020-05-08,NL,2.21598106970412
2020-05-08,US,1.81004538909696
2020-05-09,AU,2.88146599268337
2020-05-09,CA,2.18072797694142
2020-05-09,DE,1.87735815797113
2020-05-09,FR,2.37196350324741
2020-05-09,GB,3.06867034970017
2020-05-09,IE,5.49161467190248
2020-05-09,IT,3.61249669437477
2020-05-09,NL,2.22486557928836
2020-05-09,US,1.80361118692587
2020-05-10,AU,2.85959915395798
2020-05-10,CA,2.1813713317955
2020-05-10,DE,1.87854780372603
2020-05-10,FR,2.36775536539323
2020-05-10,GB,3.07183372309437
2020-05-10,IE,5.50336499122474
2020-05-10,IT,3.6137140431077
2020-05-10,NL,2.23323939974701
2020-05-10,US,1.79834267774528
2020-05-11,AU,2.83961753545624
2020-05-11,CA,2.17330565297653
2020-05-11,DE,1.88220856272877
2020-05-11,FR,2.36416491676627
2020-05-11,GB,3.06976899273466
2020-05-11,IE,5.52687072805065
2020-05-11,IT,3.62033078282172
2020-05-11,NL,2.24107651934576
2020-05-11,US,1.7909119891281
2020-05-12,AU,2.82707360707616
2020-05-12,CA,2.16496152487102
2020-05-12,DE,1.87982940287845
2020-05-12,FR,2.35802111123125
2020-05-12,GB,3.061385043985
2020-05-12,IE,5.54523914984917
2020-05-12,IT,3.6165903586251
2020-05-12,NL,2.25133773021977
2020-05-12,US,1.78371014307561
2020-05-13,AU,2.82109783090604
2020-05-13,CA,2.15320796959173
2020-05-13,DE,1.87842706302387
2020-05-13,FR,2.35039854789195
2020-05-13,GB,3.04154626431964
2020-05-13,IE,5.53539148047606
2020-05-13,IT,3.61843743926424
2020-05-13,NL,2.25913007410559
2020-05-13,US,1.77774119006527
2020-05-14,AU,2.82012957884194
2020-05-14,CA,2.14554604344009
2020-05-14,DE,1.87499361607132
2020-05-14,FR,2.34416698745988
2020-05-14,GB,3.02530829420045
2020-05-14,IE,5.55529190783552
2020-05-14,IT,3.6289553265512
2020-05-14,NL,2.26720380262285
2020-05-14,US,1.76626958744169
2020-05-15,AU,2.82096006640852
2020-05-15,CA,2.13775384345321
2020-05-15,DE,1.8737944074183
2020-05-15,FR,2.33091820215426
2020-05-15,GB,3.0119395712799
2020-05-15,IE,5.59665805937163
2020-05-15,IT,3.63427723984063
2020-05-15,NL,2.2663265449877
2020-05-15,US,1.75747731372219
2020-05-16,AU,2.820505806521
2020-05-16,CA,2.13231188271842
2020-05-16,DE,1.871988369549
2020-05-16,FR,2.32706325023124
2020-05-16,GB,2.98213878615533
2020-05-16,IE,5.57420397703008
2020-05-16,IT,3.63177058407629
2020-05-16,NL,2.25874177247728
2020-05-16,US,1.74527530094836
2020-05-17,AU,2.81536366294895
2020-05-17,CA,2.12173141187441
2020-05-17,DE,1.87167290418673
2020-05-17,FR,2.31283171715826
2020-05-17,GB,2.95451061256943
2020-05-17,IE,5.56299964324095
2020-05-17,IT,3.62441469919241
2020-05-17,NL,2.25043409329263
2020-05-17,US,1.73191018184965
2020-05-18,AU,2.81031401051044
2020-05-18,CA,2.11069810531382
2020-05-18,DE,1.86794420150366
2020-05-18,FR,2.30138405888078
2020-05-18,GB,2.92610850394809
2020-05-18,IE,5.54477763146787
2020-05-18,IT,3.61229607737969
2020-05-18,NL,2.24332493576202
2020-05-18,US,1.71793426774603
2020-05-19,AU,2.79541564266677
2020-05-19,CA,2.10604853387059
2020-05-19,DE,1.86899419587379
2020-05-19,FR,2.2891190259647
2020-05-19,GB,2.90140339355589
2020-05-19,IE,5.53977514063461
2020-05-19,IT,3.60538559866851
2020-05-19,NL,2.2336832969661
2020-05-19,US,1.70296679032119
2020-05-20,AU,2.77525200126838
2020-05-20,CA,2.10494940031435
2020-05-20,DE,1.87095807415473
2020-05-20,FR,2.28903367941721
2020-05-20,GB,2.88531514930701
2020-05-20,IE,5.52582100794239
2020-05-20,IT,3.58807609102243
2020-05-20,NL,2.22681956042896
2020-05-20,US,1.69280233586102
2020-05-21,AU,2.75436599748838
2020-05-21,CA,2.10651905046936
2020-05-21,DE,1.87113247904823
2020-05-21,FR,2.29162052787433
2020-05-21,GB,2.86656852754926
2020-05-21,IE,5.49699387959841
2020-05-21,IT,3.58280749580193
2020-05-21,NL,2.22050335611634
2020-05-21,US,1.68334824075263
2020-05-22,AU,2.73745160721299
2020-05-22,CA,2.10837709447825
2020-05-22,DE,1.86983412952505
2020-05-22,FR,2.30187854571883
2020-05-22,GB,2.87635116790836
2020-05-22,IE,5.41736042075039
2020-05-22,IT,3.59262986776781
2020-05-22,NL,2.2071585353605
2020-05-22,US,1.67647337884738
2020-05-23,AU,2.7048297429984
2020-05-23,CA,2.10360126693803
2020-05-23,DE,1.86945510906755
2020-05-23,FR,2.31463670460191
2020-05-23,GB,2.88825446757645
2020-05-23,IE,5.36290320136816
2020-05-23,IT,3.59723857805978
2020-05-23,NL,2.19405523012021
2020-05-23,US,1.67107522896546
2020-05-24,AU,2.67243746456315
2020-05-24,CA,2.09908708681991
2020-05-24,DE,1.86745180201668
2020-05-24,FR,2.32769889424747
2020-05-24,GB,2.89296160128614
2020-05-24,IE,5.32943967981489
2020-05-24,IT,3.60085508067968
2020-05-24,NL,2.18433057550321
2020-05-24,US,1.66518417029738
2020-05-25,AU,2.63712323974236
2020-05-25,CA,2.09418102900821
2020-05-25,DE,1.86534454366172
2020-05-25,FR,2.33776923761685
2020-05-25,GB,2.89888802429576
2020-05-25,IE,5.30274812929616
2020-05-25,IT,3.60556029677753
2020-05-25,NL,2.17027104884419
2020-05-25,US,1.65986832653868
2020-05-26,AU,2.61108166506566
2020-05-26,CA,2.08797450413361
2020-05-26,DE,1.86144275591144
2020-05-26,FR,2.35128180684239
2020-05-26,GB,2.90876517085296
2020-05-26,IE,5.27413432174379
2020-05-26,IT,3.6151404603614
2020-05-26,NL,2.1559596632445
2020-05-26,US,1.65560810725856
2020-05-27,AU,2.60210831908517
2020-05-27,CA,2.07786291211652
2020-05-27,DE,1.85751769160569
2020-05-27,FR,2.35802711641273
2020-05-27,GB,2.93179212816116
2020-05-27,IE,5.30256208330608
2020-05-27,IT,3.64124892200664
2020-05-27,NL,2.1411417949234
2020-05-27,US,1.64884372951215
2020-05-28,AU,2.58995620305347
2020-05-28,CA,2.0666278030662
2020-05-28,DE,1.85330029476028
2020-05-28,FR,2.36013586361999
2020-05-28,GB,2.95191586665024
2020-05-28,IE,5.30611945172007
2020-05-28,IT,3.65209151727878
2020-05-28,NL,2.12376367387385
2020-05-28,US,1.6435496340722
2020-05-29,AU,2.57000596975611
2020-05-29,CA,2.05799208248996
2020-05-29,DE,1.85213279945628
2020-05-29,FR,2.3590394294382
2020-05-29,GB,2.94699290319223
2020-05-29,IE,5.36699318091314
2020-05-29,IT,3.64740931753721
2020-05-29,NL,2.11509518278183
2020-05-29,US,1.63726624990035
2020-05-30,AU,2.57648928373268
2020-05-30,CA,2.06004432384686
2020-05-30,DE,1.85229685981831
2020-05-30,FR,2.35032232937207
2020-05-30,GB,2.96421940477816
2020-05-30,IE,5.44046636261972
2020-05-30,IT,3.65307672017626
2020-05-30,NL,2.11267068870271
2020-05-30,US,1.63934484589805
2020-05-31,AU,2.5716240533485
2020-05-31,CA,2.05671483734455
2020-05-31,DE,1.84985824827252
2020-05-31,FR,2.34362355079706
2020-05-31,GB,2.97391031797568
2020-05-31,IE,5.48235031677276
2020-05-31,IT,3.66292891934895
2020-05-31,NL,2.10287650882815
2020-05-31,US,1.63661492245743
2020-06-01,AU,2.55616456860792
2020-06-01,CA,2.05290248286361
2020-06-01,DE,1.84698016965369
2020-06-01,FR,2.33677180729865
2020-06-01,GB,2.98196593320853
2020-06-01,IE,5.5289110631709
2020-06-01,IT,3.67385317907794
2020-06-01,NL,2.0913672455034
2020-06-01,US,1.63040280000405
2020-06-02,AU,2.55228810303078
2020-06-02,CA,2.05368003483096
2020-06-02,DE,1.84654862290017
2020-06-02,FR,2.32919090408031
2020-06-02,GB,2.99519796169653
2020-06-02,IE,5.5862295402967
2020-06-02,IT,3.67664712979761
2020-06-02,NL,2.08166990445501
2020-06-02,US,1.62824041249513
2020-06-03,AU,2.52867162751726
2020-06-03,CA,2.05203211348703
2020-06-03,DE,1.84528567329376
2020-06-03,FR,2.32254784077388
2020-06-03,GB,2.99772984243622
2020-06-03,IE,5.64052487039922
2020-06-03,IT,3.66591050737548
2020-06-03,NL,2.07196211970532
2020-06-03,US,1.62521631308984
2020-06-04,AU,2.5045181349773
2020-06-04,CA,2.04628482663625
2020-06-04,DE,1.84511467455596
2020-06-04,FR,2.31826044847524
2020-06-04,GB,2.99973637084085
2020-06-04,IE,5.69591777396931
2020-06-04,IT,3.65534001350552
2020-06-04,NL,2.06567387812296
2020-06-04,US,1.61988707134378
2020-06-05,AU,2.47943676781726
2020-06-05,CA,2.04340300881986
2020-06-05,DE,1.84443494653142
2020-06-05,FR,2.31126286559956
2020-06-05,GB,2.99934718154951
2020-06-05,IE,5.67690350563327
2020-06-05,IT,3.65251147955873
2020-06-05,NL,2.06243450578331
2020-06-05,US,1.61763888756215
2020-06-06,AU,2.44244606782117
2020-06-06,CA,2.04104862858665
2020-06-06,DE,1.84033021051022
2020-06-06,FR,2.30491970345526
2020-06-06,GB,2.9870210527432
2020-06-06,IE,5.62799565454158
2020-06-06,IT,3.63988652447763
2020-06-06,NL,2.06385921162473
2020-06-06,US,1.61178521989209
2020-06-07,AU,2.41820317278233
2020-06-07,CA,2.04626956981924
2020-06-07,DE,1.83917701788545
2020-06-07,FR,2.29817060074298
2020-06-07,GB,2.98632460648494
2020-06-07,IE,5.60177782237152
2020-06-07,IT,3.62830952288158
2020-06-07,NL,2.06832838118027
2020-06-07,US,1.61398466046341
2020-06-08,AU,2.39993301741509
2020-06-08,CA,2.05273802381186
2020-06-08,DE,1.84000405123849
2020-06-08,FR,2.29200922306323
2020-06-08,GB,2.98601057821086
2020-06-08,IE,5.57779876692906
2020-06-08,IT,3.61522002357128
2020-06-08,NL,2.07875203455592
2020-06-08,US,1.61610648822073
2020-06-09,AU,2.36394782321184
2020-06-09,CA,2.05366816644665
2020-06-09,DE,1.83896089914898
2020-06-09,FR,2.28399411838813
2020-06-09,GB,2.97350783663316
2020-06-09,IE,5.52418623935372
2020-06-09,IT,3.60760761105542
2020-06-09,NL,2.08697246772121
2020-06-09,US,1.61311988397007
2020-06-10,AU,2.33833905669882
2020-06-10,CA,2.05945652624986
2020-06-10,DE,1.83842975704204
2020-06-10,FR,2.27301224894939
2020-06-10,GB,2.95799778469897
2020-06-10,IE,5.45790451799795
2020-06-10,IT,3.59423018110575
2020-06-10,NL,2.09427891053555
2020-06-10,US,1.61069340026711
2020-06-11,AU,2.31296758192643
2020-06-11,CA,2.06708010978616
2020-06-11,DE,1.8350740932729
2020-06-11,FR,2.26047391550802
2020-06-11,GB,2.94941352402562
2020-06-11,IE,5.39430951057536
2020-06-11,IT,3.5853022597807
2020-06-11,NL,2.09980140363306
2020-06-11,US,1.60944715423187
2020-06-12,AU,2.28841321676307
2020-06-12,CA,2.06820141737229
2020-06-12,DE,1.83033131534358
2020-06-12,FR,2.24784119479976
2020-06-12,GB,2.93699988176226
2020-06-12,IE,5.36440984898287
2020-06-12,IT,3.56780412955548
2020-06-12,NL,2.10375476016286
2020-06-12,US,1.60630142393772
2020-06-13,AU,2.26281512040746
2020-06-13,CA,2.0657377082362
2020-06-13,DE,1.82752732164188
2020-06-13,FR,2.23501543757711
2020-06-13,GB,2.92694270448581
2020-06-13,IE,5.33554586921321
2020-06-13,IT,3.55883787819769
2020-06-13,NL,2.10160659293043
2020-06-13,US,1.59878990062316
2020-06-14,AU,2.2407637047869
2020-06-14,CA,2.06467284452215
2020-06-14,DE,1.82525655771465
2020-06-14,FR,2.22110387802126
2020-06-14,GB,2.91509971236249
2020-06-14,IE,5.28225868331288
2020-06-14,IT,3.54247143252645
2020-06-14,NL,2.09935208112443
2020-06-14,US,1.58821978395963
2020-06-15,AU,2.22160324844495
2020-06-15,CA,2.06328643928249
2020-06-15,DE,1.82324918446176
2020-06-15,FR,2.20645835603763
2020-06-15,GB,2.90542312220754
2020-06-15,IE,5.2373218524437
2020-06-15,IT,3.52946225882969
2020-06-15,NL,2.09291189239878
2020-06-15,US,1.58166369975597
2020-06-16,AU,2.21172481631169
2020-06-16,CA,2.06150283363214
2020-06-16,DE,1.82327879294664
2020-06-16,FR,2.1926828273277
2020-06-16,GB,2.90054124692174
2020-06-16,IE,5.20270308393124
2020-06-16,IT,3.5152628956636
2020-06-16,NL,2.09128002199675
2020-06-16,US,1.57584763942657
2020-06-17,AU,2.20364178062301
2020-06-17,CA,2.05352096564153
2020-06-17,DE,1.82307434321567
2020-06-17,FR,2.18159228091271
2020-06-17,GB,2.89899429877558
2020-06-17,IE,5.18634802656546
2020-06-17,IT,3.50722076061111
2020-06-17,NL,2.09143354440718
2020-06-17,US,1.56843032369861
2020-06-18,AU,2.20475595750314
2020-06-18,CA,2.04570522445616
2020-06-18,DE,1.82453704841317
2020-06-18,FR,2.17488550709986
2020-06-18,GB,2.90115671801503
2020-06-18,IE,5.17862153195439
2020-06-18,IT,3.49827769024468
2020-06-18,NL,2.09176306244161
2020-06-18,US,1.56090539946455
2020-06-19,AU,2.21357478291298
2020-06-19,CA,2.03792667143933
2020-06-19,DE,1.8261289107411
2020-06-19,FR,2.17175119717061
2020-06-19,GB,2.90389444081407
2020-06-19,IE,5.15947409602754
2020-06-19,IT,3.4984731241277
2020-06-19,NL,2.09468347874843
2020-06-19,US,1.55236407760151
2020-06-20,AU,2.22305467213683
2020-06-20,CA,2.03246305142456
2020-06-20,DE,1.82703434796802
2020-06-20,FR,2.17172300053951
2020-06-20,GB,2.90796761774017
2020-06-20,IE,5.14599490554661
2020-06-20,IT,3.4885106212145
2020-06-20,NL,2.09834057609385
2020-06-20,US,1.54611048089273
2020-06-21,AU,2.23036578670513
2020-06-21,CA,2.02551208913976
2020-06-21,DE,1.82732888849604
2020-06-21,FR,2.1712754513671
2020-06-21,GB,2.91572825144147
2020-06-21,IE,5.16911377626525
2020-06-21,IT,3.48428650060114
2020-06-21,NL,2.10202856481512
2020-06-21,US,1.53782018413056
2020-06-22,AU,2.25406648681638
2020-06-22,CA,2.01781611124875
2020-06-22,DE,1.82646195170112
2020-06-22,FR,2.17225948353293
2020-06-22,GB,2.92464776709267
2020-06-22,IE,5.18277192306794
2020-06-22,IT,3.4811061056379
2020-06-22,NL,2.10895041614217
2020-06-22,US,1.5284340521255
2020-06-23,AU,2.27006611105743
2020-06-23,CA,2.01285203635513
2020-06-23,DE,1.82607304839114
2020-06-23,FR,2.17188139244171
2020-06-23,GB,2.92987166764315
2020-06-23,IE,5.19131291318009
2020-06-23,IT,3.48127834262083
2020-06-23,NL,2.11317273548254
2020-06-23,US,1.5235448446047
2020-06-24,AU,2.28406068481183
2020-06-24,CA,2.01178496281883
2020-06-24,DE,1.82484034703398
2020-06-24,FR,2.17034658263962
2020-06-24,GB,2.93719539604384
2020-06-24,IE,5.137625461097
2020-06-24,IT,3.47542595530455
2020-06-24,NL,2.11636200990198
2020-06-24,US,1.51950368590756
2020-06-25,AU,2.2933616735353
2020-06-25,CA,2.01074381958218
2020-06-25,DE,1.82433570124026
2020-06-25,FR,2.1655169567235
2020-06-25,GB,2.93958974436509
2020-06-25,IE,5.13364096701067
2020-06-25,IT,3.46858287082761
2020-06-25,NL,2.12533327798238
2020-06-25,US,1.51727825753724
2020-06-26,AU,2.29770822410835
2020-06-26,CA,2.0102059632744
2020-06-26,DE,1.82557372736557
2020-06-26,FR,2.15292355828469
2020-06-26,GB,2.941978891564
2020-06-26,IE,5.15762190417672
2020-06-26,IT,3.46494108918447
2020-06-26,NL,2.12813608946303
2020-06-26,US,1.51617565832086
2020-06-27,AU,2.31482077108979
2020-06-27,CA,2.00493562996965
2020-06-27,DE,1.82584063374424
2020-06-27,FR,2.14379324312195
2020-06-27,GB,2.93605571397875
2020-06-27,IE,5.15966685372613
2020-06-27,IT,3.46955785461542
2020-06-27,NL,2.12908334272733
2020-06-27,US,1.51642804169377
2020-06-28,AU,2.33313192640243
2020-06-28,CA,1.99913751422758
2020-06-28,DE,1.82698738702356
2020-06-28,FR,2.13523696824361
2020-06-28,GB,2.93102004099849
2020-06-28,IE,5.1556016607221
2020-06-28,IT,3.47377154419862
2020-06-28,NL,2.1296928715369
2020-06-28,US,1.51879193530122
2020-06-29,AU,2.33868615149452
2020-06-29,CA,1.99416391264696
2020-06-29,DE,1.82727470172603
2020-06-29,FR,2.12722732806729
2020-06-29,GB,2.92553422798673
2020-06-29,IE,5.15130458636374
2020-06-29,IT,3.47580417173767
2020-06-29,NL,2.13072181522046
2020-06-29,US,1.52031147979599
2020-06-30,AU,2.35537927127572
2020-06-30,CA,1.99112199471823
2020-06-30,DE,1.82607259763555
2020-06-30,FR,2.12099485428921
2020-06-30,GB,2.92035847247233
2020-06-30,IE,5.16316583809469
2020-06-30,IT,3.47594756097019
2020-06-30,NL,2.12972972183104
2020-06-30,US,1.51823866696788
2020-07-01,AU,2.37160495322243
2020-07-01,CA,1.98860820634048
2020-07-01,DE,1.82564462551714
2020-07-01,FR,2.11407411466296
2020-07-01,GB,2.91509612881025
2020-07-01,IE,5.22011866691066
2020-07-01,IT,3.48176326693258
2020-07-01,NL,2.12526920391908
2020-07-01,US,1.51768985166249
2020-07-02,AU,2.38560236688408
2020-07-02,CA,1.98839398684262
2020-07-02,DE,1.82379605735029
2020-07-02,FR,2.10927902449927
2020-07-02,GB,2.91142799995463
2020-07-02,IE,5.2254594339737
2020-07-02,IT,3.49007992445474
2020-07-02,NL,2.11751920703846
2020-07-02,US,1.51589759073215
2020-07-03,AU,2.4043214945874
2020-07-03,CA,1.9863227527996
2020-07-03,DE,1.82197094535195
2020-07-03,FR,2.10878579784353
2020-07-03,GB,2.90540800693426
2020-07-03,IE,5.19351254186699
2020-07-03,IT,3.48950120241609
2020-07-03,NL,2.10891499525495
2020-07-03,US,1.51371354383781
2020-07-04,AU,2.42387990865689
2020-07-04,CA,1.98744635742586
2020-07-04,DE,1.8217076329373
2020-07-04,FR,2.10674604175
2020-07-04,GB,2.90573584953006
2020-07-04,IE,5.18465552746506
2020-07-04,IT,3.48463363056909
2020-07-04,NL,2.10153940643558
2020-07-04,US,1.51281280853783
2020-07-05,AU,2.44134940305947
2020-07-05,CA,1.98941255588658
2020-07-05,DE,1.81901580802051
2020-07-05,FR,2.10730465854901
2020-07-05,GB,2.90302759426386
2020-07-05,IE,5.17267575500754
2020-07-05,IT,3.48192908904185
2020-07-05,NL,2.0929437402365
2020-07-05,US,1.51134553753138
2020-07-06,AU,2.46109558239425
2020-07-06,CA,1.99148293508412
2020-07-06,DE,1.81586414641701
2020-07-06,FR,2.10954929288497
2020-07-06,GB,2.90225424605054
2020-07-06,IE,5.14972033981769
2020-07-06,IT,3.48190651752042
2020-07-06,NL,2.07937963286133
2020-07-06,US,1.51002883845135
2020-07-07,AU,2.47492462178998
2020-07-07,CA,1.98842689213764
2020-07-07,DE,1.81262390094201
2020-07-07,FR,2.11140069243034
2020-07-07,GB,2.90069441490004
2020-07-07,IE,5.13625484192104
2020-07-07,IT,3.47935336902858
2020-07-07,NL,2.06916925897967
2020-07-07,US,1.51266917355913
2020-07-08,AU,2.48410323088335
2020-07-08,CA,1.98950647532148
2020-07-08,DE,1.81102974419829
2020-07-08,FR,2.12070790855919
2020-07-08,GB,2.89875449557542
2020-07-08,IE,5.10560504861221
2020-07-08,IT,3.46669767820236
2020-07-08,NL,2.06359174154354
2020-07-08,US,1.51052350747332
2020-07-09,AU,2.49704158687202
2020-07-09,CA,1.99211565559595
2020-07-09,DE,1.80879802093808
2020-07-09,FR,2.12871478577802
2020-07-09,GB,2.89535281227889
2020-07-09,IE,5.06031812262682
2020-07-09,IT,3.44655757001862
2020-07-09,NL,2.05358192448275
2020-07-09,US,1.50685316709045
2020-07-10,AU,2.51257389156995
2020-07-10,CA,1.99577095706428
2020-07-10,DE,1.80350010420949
2020-07-10,FR,2.13735637628525
2020-07-10,GB,2.89466855773977
2020-07-10,IE,5.04222539256017
2020-07-10,IT,3.43330781542955
2020-07-10,NL,2.04652077726837
2020-07-10,US,1.50324251653253
2020-07-11,AU,2.52565461557653
2020-07-11,CA,1.999693228331
2020-07-11,DE,1.79866955423107
2020-07-11,FR,2.14935252820736
2020-07-11,GB,2.89407497488583
2020-07-11,IE,5.01222589309171
2020-07-11,IT,3.42953410327505
2020-07-11,NL,2.0317475328633
2020-07-11,US,1.49813226747703
2020-07-12,AU,2.53886365149718
2020-07-12,CA,2.00315842541301
2020-07-12,DE,1.79686678609306
2020-07-12,FR,2.15903891117475
2020-07-12,GB,2.89383014038236
2020-07-12,IE,4.97625318480902
2020-07-12,IT,3.42245624760028
2020-07-12,NL,2.02373940270333
2020-07-12,US,1.49290939943345
2020-07-13,AU,2.55078364836418
2020-07-13,CA,2.00563777129066
2020-07-13,DE,1.79620477671803
2020-07-13,FR,2.16729165190358
2020-07-13,GB,2.89136571804277
2020-07-13,IE,4.94826057109784
2020-07-13,IT,3.41362082019948
2020-07-13,NL,2.0195697205463
2020-07-13,US,1.48924252834839
2020-07-14,AU,2.56573955718504
2020-07-14,CA,2.01093309234292
2020-07-14,DE,1.79303739005387
2020-07-14,FR,2.17596756345753
2020-07-14,GB,2.89159982727285
2020-07-14,IE,4.9074304846998
2020-07-14,IT,3.40420690518866
2020-07-14,NL,2.01498325477947
2020-07-14,US,1.48212153240303
2020-07-15,AU,2.5792644574674
2020-07-15,CA,2.00967493082648
2020-07-15,DE,1.78981659955704
2020-07-15,FR,2.17964495306519
2020-07-15,GB,2.88802794885699
2020-07-15,IE,4.8702599317826
2020-07-15,IT,3.40354958014538
2020-07-15,NL,2.00865330800227
2020-07-15,US,1.47919835099554
2020-07-16,AU,2.5945941163159
2020-07-16,CA,2.00361535294598
2020-07-16,DE,1.78886178581599
2020-07-16,FR,2.18459017171739
2020-07-16,GB,2.8828077156705
2020-07-16,IE,4.8595001365064
2020-07-16,IT,3.40213775339039
2020-07-16,NL,2.00379248979887
2020-07-16,US,1.47718694398209
2020-07-17,AU,2.60533297649241
2020-07-17,CA,1.99920771638365
2020-07-17,DE,1.78934161168587
2020-07-17,FR,2.18695502085389
2020-07-17,GB,2.87911670631635
2020-07-17,IE,4.85414807460007
2020-07-17,IT,3.38940234119012
2020-07-17,NL,2.00076595238139
2020-07-17,US,1.47610413158577
2020-07-18,AU,2.60888936048554
2020-07-18,CA,1.99154420156061
2020-07-18,DE,1.78848835889214
2020-07-18,FR,2.18285963498139
2020-07-18,GB,2.86932499909916
2020-07-18,IE,4.87300280414038
2020-07-18,IT,3.37773680766397
2020-07-18,NL,2.00268163112374
2020-07-18,US,1.47273202896893
2020-07-19,AU,2.61697778095676
2020-07-19,CA,1.98598261726537
2020-07-19,DE,1.78711352484112
2020-07-19,FR,2.18068705713878
2020-07-19,GB,2.86351919058585
2020-07-19,IE,4.90116695024643
2020-07-19,IT,3.36817593049601
2020-07-19,NL,2.00217957678039
2020-07-19,US,1.47377737197372
2020-07-20,AU,2.62183822001281
2020-07-20,CA,1.98247893294241
2020-07-20,DE,1.78544670617995
2020-07-20,FR,2.17825912979798
2020-07-20,GB,2.85616066047705
2020-07-20,IE,4.9265635036031
2020-07-20,IT,3.35408800889988
2020-07-20,NL,2.00132269805942
2020-07-20,US,1.47365401433616
2020-07-21,AU,2.62370316861584
2020-07-21,CA,1.97956128791641
2020-07-21,DE,1.78656786896385
2020-07-21,FR,2.17737850751199
2020-07-21,GB,2.84926365945096
2020-07-21,IE,4.94447325729541
2020-07-21,IT,3.33639546275409
2020-07-21,NL,2.00266851138416
2020-07-21,US,1.47294466017571
2020-07-22,AU,2.62909547761483
2020-07-22,CA,1.9768684032577
2020-07-22,DE,1.78771792634343
2020-07-22,FR,2.17148750865094
2020-07-22,GB,2.84133896231162
2020-07-22,IE,4.96371385192949
2020-07-22,IT,3.32666226402646
2020-07-22,NL,2.00447186649176
2020-07-22,US,1.47074786566732
2020-07-23,AU,2.6328288112582
2020-07-23,CA,1.97663501344108
2020-07-23,DE,1.78780082224592
2020-07-23,FR,2.16325082519613
2020-07-23,GB,2.83512600248208
2020-07-23,IE,4.98354000217277
2020-07-23,IT,3.32381774676841
2020-07-23,NL,2.00805104452215
2020-07-23,US,1.46908641709874
2020-07-24,AU,2.63513286510244
2020-07-24,CA,1.9744493829765
2020-07-24,DE,1.78621874853609
2020-07-24,FR,2.15663162020117
2020-07-24,GB,2.82458898120398
2020-07-24,IE,4.97540283294656
2020-07-24,IT,3.32941094739118
2020-07-24,NL,2.01076768599575
2020-07-24,US,1.46739817007296
2020-07-25,AU,2.6352167479016
2020-07-25,CA,1.97373320181296
2020-07-25,DE,1.78358372497642
2020-07-25,FR,2.15564729390665
2020-07-25,GB,2.81657544575426
2020-07-25,IE,4.9380121219229
2020-07-25,IT,3.3261409436887
2020-07-25,NL,2.01981503312951
2020-07-25,US,1.46880617115974
2020-07-26,AU,2.63131175640107
2020-07-26,CA,1.97113645179546
2020-07-26,DE,1.78083022423814
2020-07-26,FR,2.15462334239971
2020-07-26,GB,2.80694935996904
2020-07-26,IE,4.8948136460642
2020-07-26,IT,3.32423863931176
2020-07-26,NL,2.02718700090914
2020-07-26,US,1.46604297113566
2020-07-27,AU,2.63112997667184
2020-07-27,CA,1.96581630741958
2020-07-27,DE,1.7784413786807
2020-07-27,FR,2.15269492624234
2020-07-27,GB,2.79469802593613
2020-07-27,IE,4.86014030373288
2020-07-27,IT,3.32486902428177
2020-07-27,NL,2.03556583958804
2020-07-27,US,1.4640119377387
2020-07-28,AU,2.62725208120826
2020-07-28,CA,1.9617128665577
2020-07-28,DE,1.77493726770962
2020-07-28,FR,2.15086487110672
2020-07-28,GB,2.78269053813882
2020-07-28,IE,4.8370626559681
2020-07-28,IT,3.33716279336209
2020-07-28,NL,2.04227442432115
2020-07-28,US,1.4622411138242
2020-07-29,AU,2.62363780851537
2020-07-29,CA,1.95721022713398
2020-07-29,DE,1.76971770136038
2020-07-29,FR,2.15290874794414
2020-07-29,GB,2.77162722390783
2020-07-29,IE,4.8153532952255
2020-07-29,IT,3.3379105893262
2020-07-29,NL,2.04878548086065
2020-07-29,US,1.46224741634249
2020-07-30,AU,2.62170348896864
2020-07-30,CA,1.95156114889089
2020-07-30,DE,1.76485637124119
2020-07-30,FR,2.15696041526305
2020-07-30,GB,2.76046282176843
2020-07-30,IE,4.77401132933684
2020-07-30,IT,3.33689727661348
2020-07-30,NL,2.05353259004689
2020-07-30,US,1.46217636210738
2020-07-31,AU,2.6180436355529
2020-07-31,CA,1.94813914948299
2020-07-31,DE,1.75899211933375
2020-07-31,FR,2.15482715378267
2020-07-31,GB,2.75344909011726
2020-07-31,IE,4.751061289734
2020-07-31,IT,3.33843324192679
2020-07-31,NL,2.05566721783159
2020-07-31,US,1.4615970221354
2020-08-01,AU,2.61684587282827
2020-08-01,CA,1.95654290445822
2020-08-01,DE,1.75935008302552
2020-08-01,FR,2.15398624261241
2020-08-01,GB,2.75242939612451
2020-08-01,IE,4.74915089660813
2020-08-01,IT,3.34486891361801
2020-08-01,NL,2.05581865281792
2020-08-01,US,1.46356718670399
2020-08-02,AU,2.6181718482733
2020-08-02,CA,1.95911225897665
2020-08-02,DE,1.75801852666902
2020-08-02,FR,2.15274259686647
2020-08-02,GB,2.74943175333832
2020-08-02,IE,4.74089197758679
2020-08-02,IT,3.34775820399864
2020-08-02,NL,2.05375608540043
2020-08-02,US,1.46524882015197
2020-08-03,AU,2.62094099321697
2020-08-03,CA,1.96368238728436
2020-08-03,DE,1.75967112070699
2020-08-03,FR,2.15219173842556
2020-08-03,GB,2.74973457697193
2020-08-03,IE,4.73346592592281
2020-08-03,IT,3.35638866010091
2020-08-03,NL,2.05226018822448
2020-08-03,US,1.4668719314582
2020-08-04,AU,2.62452297243703
2020-08-04,CA,1.967853723744
2020-08-04,DE,1.76270290077607
2020-08-04,FR,2.15263919028885
2020-08-04,GB,2.7489589755
2020-08-04,IE,4.75176959791486
2020-08-04,IT,3.35949213550142
2020-08-04,NL,2.04957268491267
2020-08-04,US,1.4711405334683
2020-08-05,AU,2.62192965524207
2020-08-05,CA,1.97230431960521
2020-08-05,DE,1.76737555678332
2020-08-05,FR,2.1854535221022
2020-08-05,GB,2.74412606852553
2020-08-05,IE,4.7751240952955
2020-08-05,IT,3.35357204307512
2020-08-05,NL,2.04158375733702
2020-08-05,US,1.47287587432439
2020-08-06,AU,2.6195014799823
2020-08-06,CA,1.97844401823396
2020-08-06,DE,1.77134049451947
2020-08-06,FR,2.21759719915033
2020-08-06,GB,2.73460315458084
2020-08-06,IE,4.79816023544774
2020-08-06,IT,3.34479261608563
2020-08-06,NL,2.03149284305694
2020-08-06,US,1.47638253880371
2020-08-07,AU,2.61370675176083
2020-08-07,CA,1.980045306615
2020-08-07,DE,1.77870377712348
2020-08-07,FR,2.254402810208
2020-08-07,GB,2.72403078812628
2020-08-07,IE,4.80824555992088
2020-08-07,IT,3.33691617415143
2020-08-07,NL,2.02286135461044
2020-08-07,US,1.47922465745168
2020-08-08,AU,2.60394307685417
2020-08-08,CA,1.97397556618288
2020-08-08,DE,1.78430523393375
2020-08-08,FR,2.29119171652685
2020-08-08,GB,2.71066963013017
2020-08-08,IE,4.79636175959669
2020-08-08,IT,3.33220201267742
2020-08-08,NL,2.01343151309083
2020-08-08,US,1.48462725893869
2020-08-09,AU,2.59835331663341
2020-08-09,CA,1.97501339416183
2020-08-09,DE,1.79200010447456
2020-08-09,FR,2.32722709429702
2020-08-09,GB,2.69437818777194
2020-08-09,IE,4.78863721657347
2020-08-09,IT,3.3474677592768
2020-08-09,NL,2.00671274575812
2020-08-09,US,1.49150270619938
2020-08-10,AU,2.58683936480214
2020-08-10,CA,1.97579706870321
2020-08-10,DE,1.79756955380813
2020-08-10,FR,2.36580523645413
2020-08-10,GB,2.67814323810843
2020-08-10,IE,4.78680561495844
2020-08-10,IT,3.35775587875801
2020-08-10,NL,2.00006302839716
2020-08-10,US,1.49843166031724
2020-08-11,AU,2.57851364959137
2020-08-11,CA,1.97260330263342
2020-08-11,DE,1.80440839433796
2020-08-11,FR,2.40137930062457
2020-08-11,GB,2.66235507198824
2020-08-11,IE,4.73739790654917
2020-08-11,IT,3.3698017158502
2020-08-11,NL,1.99172861413073
2020-08-11,US,1.50420333952127
2020-08-12,AU,2.57129876116593
2020-08-12,CA,1.96604913855322
2020-08-12,DE,1.80331803737659
2020-08-12,FR,2.40247692948856
2020-08-12,GB,2.64788221232755
2020-08-12,IE,4.67926634497133
2020-08-12,IT,3.3604430030715
2020-08-12,NL,1.98041625093983
2020-08-12,US,1.50614752834888
2020-08-13,AU,2.56391983783752
2020-08-13,CA,1.95776605548643
2020-08-13,DE,1.80191819801841
2020-08-13,FR,2.40299663361754
2020-08-13,GB,2.63900256696899
2020-08-13,IE,4.63788658380621
2020-08-13,IT,3.35810852152812
2020-08-13,NL,1.97913505943663
2020-08-13,US,1.50638444784915
2020-08-14,AU,2.56047959453293
2020-08-14,CA,1.94965371659853
2020-08-14,DE,1.79894550672392
2020-08-14,FR,2.40229720477847
2020-08-14,GB,2.63385735435051
2020-08-14,IE,4.60721548514193
2020-08-14,IT,3.35697064660308
2020-08-14,NL,1.97688214349858
2020-08-14,US,1.50903001797764
2020-08-15,AU,2.55806180472955
2020-08-15,CA,1.93742491328873
2020-08-15,DE,1.7937319202029
2020-08-15,FR,2.393814275646
2020-08-15,GB,2.61723770928912
2020-08-15,IE,4.59580657457561
2020-08-15,IT,3.35847196020047
2020-08-15,NL,1.97141695744965
2020-08-15,US,1.50364339006013
2020-08-16,AU,2.55821388838863
2020-08-16,CA,1.92755699387296
2020-08-16,DE,1.78715330828989
2020-08-16,FR,2.38555588813044
2020-08-16,GB,2.61039073242947
2020-08-16,IE,4.59662513898006
2020-08-16,IT,3.33738042571127
2020-08-16,NL,1.96557690915627
2020-08-16,US,1.50055316458355
2020-08-17,AU,2.56222374762198
2020-08-17,CA,1.91681666861411
2020-08-17,DE,1.7806265143965
2020-08-17,FR,2.37625553009104
2020-08-17,GB,2.6015727701297
2020-08-17,IE,4.57254704401835
2020-08-17,IT,3.31379291788067
2020-08-17,NL,1.95855241230176
2020-08-17,US,1.49769819723195
2020-08-18,AU,2.56085062568317
2020-08-18,CA,1.91090429438591
2020-08-18,DE,1.77196326743867
2020-08-18,FR,2.3657049270564
2020-08-18,GB,2.59315390038128
2020-08-18,IE,4.56489800166022
2020-08-18,IT,3.2884637104478
2020-08-18,NL,1.95347117356375
2020-08-18,US,1.49350588466227
2020-08-19,AU,2.55934320074887
2020-08-19,CA,1.90658210416946
2020-08-19,DE,1.77043921218658
2020-08-19,FR,2.35699121810242
2020-08-19,GB,2.5909027276707
2020-08-19,IE,4.55931578131463
2020-08-19,IT,3.28983498499651
2020-08-19,NL,1.95863191186786
2020-08-19,US,1.49485328717839
2020-08-20,AU,2.55710138591877
2020-08-20,CA,1.90315876724134
2020-08-20,DE,1.77040201994294
2020-08-20,FR,2.34915469156057
2020-08-20,GB,2.5815350648057
2020-08-20,IE,4.55347153834951
2020-08-20,IT,3.28710674459675
2020-08-20,NL,1.95768439046271
2020-08-20,US,1.49615800397392
2020-08-21,AU,2.55930164813444
2020-08-21,CA,1.90151726971715
2020-08-21,DE,1.77015693015443
2020-08-21,FR,2.34277230628824
2020-08-21,GB,2.5709683962697
2020-08-21,IE,4.56844891367812
2020-08-21,IT,3.27378906097169
2020-08-21,NL,1.95795223649537
2020-08-21,US,1.49613915154384
2020-08-22,AU,2.56594385062868
2020-08-22,CA,1.90226802551466
2020-08-22,DE,1.7704701394042
2020-08-22,FR,2.34074057310099
2020-08-22,GB,2.57153960737104
2020-08-22,IE,4.60222652510853
2020-08-22,IT,3.26155640033053
2020-08-22,NL,1.95794999110212
2020-08-22,US,1.49940565280126
2020-08-23,AU,2.5648754539032
2020-08-23,CA,1.8987227296863
2020-08-23,DE,1.77014599259286
2020-08-23,FR,2.33761982590907
2020-08-23,GB,2.56350427156621
2020-08-23,IE,4.63446162149216
2020-08-23,IT,3.25195566314987
2020-08-23,NL,1.96148858626959
2020-08-23,US,1.50019691201861
2020-08-24,AU,2.56529973619664
2020-08-24,CA,1.89527059382317
2020-08-24,DE,1.76960865845326
2020-08-24,FR,2.33198317544999
2020-08-24,GB,2.55462353623093
2020-08-24,IE,4.68745735782242
2020-08-24,IT,3.24751405474305
2020-08-24,NL,1.96406379104369
2020-08-24,US,1.50012792854316
2020-08-25,AU,2.56694531717551
2020-08-25,CA,1.8880801675175
2020-08-25,DE,1.76903327158808
2020-08-25,FR,2.32511467625272
2020-08-25,GB,2.5487756836011
2020-08-25,IE,4.74727631087562
2020-08-25,IT,3.24275190952372
2020-08-25,NL,1.96378031576774
2020-08-25,US,1.49971613475536
2020-08-26,AU,2.56977999552634
2020-08-26,CA,1.88498699381923
2020-08-26,DE,1.76657194181571
2020-08-26,FR,2.31801984584275
2020-08-26,GB,2.53936152449043
2020-08-26,IE,4.81175124444495
2020-08-26,IT,3.23718377690206
2020-08-26,NL,1.96117241443533
2020-08-26,US,1.50027153677765
2020-08-27,AU,2.57614885152683
2020-08-27,CA,1.88197980899597
2020-08-27,DE,1.76452957212939
2020-08-27,FR,2.29552042907447
2020-08-27,GB,2.53511022236491
2020-08-27,IE,4.87940932947257
2020-08-27,IT,3.22686753133336
2020-08-27,NL,1.95102352752136
2020-08-27,US,1.50216065404026
2020-08-28,AU,2.57564429619514
2020-08-28,CA,1.87857776465271
2020-08-28,DE,1.76259670288851
2020-08-28,FR,2.27673877501728
2020-08-28,GB,2.53027138573483
2020-08-28,IE,4.92767091319578
2020-08-28,IT,3.22330427155465
2020-08-28,NL,1.94503894213975
2020-08-28,US,1.50344969291303
2020-08-29,AU,2.56994915595431
2020-08-29,CA,1.87832735528928
2020-08-29,DE,1.75952149586411
2020-08-29,FR,2.2569687681163
2020-08-29,GB,2.52547637310487
2020-08-29,IE,4.94331649689947
2020-08-29,IT,3.21293685680939
2020-08-29,NL,1.9426892110213
2020-08-29,US,1.50358000269023
2020-08-30,AU,2.56526651636953
2020-08-30,CA,1.87756171880174
2020-08-30,DE,1.7580237802437
2020-08-30,FR,2.23718638720261
2020-08-30,GB,2.52440343095269
2020-08-30,IE,4.96055008729694
2020-08-30,IT,3.20628624476841
2020-08-30,NL,1.93404156353994
2020-08-30,US,1.50337504912924
2020-08-31,AU,2.56142026300137
2020-08-31,CA,1.87858507375173
2020-08-31,DE,1.75558849918303
2020-08-31,FR,2.21950350364988
2020-08-31,GB,2.52426701162331
2020-08-31,IE,4.97918559529611
2020-08-31,IT,3.19316103027233
2020-08-31,NL,1.92803113175588
2020-08-31,US,1.50371280257293
2020-09-01,AU,2.55484370130556
2020-09-01,CA,1.88289287335362
2020-09-01,DE,1.75225456872483
2020-09-01,FR,2.20710344910023
2020-09-01,GB,2.52068624527446
2020-09-01,IE,4.99436626978716
2020-09-01,IT,3.18189528267159
2020-09-01,NL,1.92184860806623
2020-09-01,US,1.50521521114824
2020-09-02,AU,2.55163973763946
2020-09-02,CA,1.88407118767606
2020-09-02,DE,1.75065814462229
2020-09-02,FR,2.19297829258041
2020-09-02,GB,2.5213562116616
2020-09-02,IE,5.00755044343116
2020-09-02,IT,3.17457946799209
2020-09-02,NL,1.91678525575165
2020-09-02,US,1.50733434718451
2020-09-03,AU,2.54027599885348
2020-09-03,CA,1.88599398968634
2020-09-03,DE,1.74797142963422
2020-09-03,FR,2.19162124716022
2020-09-03,GB,2.5199359839386
2020-09-03,IE,5.00755044343116
2020-09-03,IT,3.16995876204221
2020-09-03,NL,1.91758141242893
2020-09-03,US,1.50777248989139
2020-09-04,AU,2.53894984167897
2020-09-04,CA,1.89309615493831
2020-09-04,DE,1.74497629573147
2020-09-04,FR,2.1872931471229
2020-09-04,GB,2.51819134063151
2020-09-04,IE,5.00969241381154
2020-09-04,IT,3.16257415799596
2020-09-04,NL,1.91040287424562
2020-09-04,US,1.5099743767085
2020-09-05,AU,2.53953735242161
2020-09-05,CA,1.89680623669882
2020-09-05,DE,1.74114372293551
2020-09-05,FR,2.18609456284884
2020-09-05,GB,2.51723864465458
2020-09-05,IE,5.01142665966927
2020-09-05,IT,3.15070331830973
2020-09-05,NL,1.89925328816335
2020-09-05,US,1.51300955396987
2020-09-06,AU,2.5411317686366
2020-09-06,CA,1.90432640948906
2020-09-06,DE,1.73676675701428
2020-09-06,FR,2.18395799323042
2020-09-06,GB,2.51478477254066
2020-09-06,IE,5.01886503733633
2020-09-06,IT,3.14026611685807
2020-09-06,NL,1.89271528941264
2020-09-06,US,1.51664361869876
2020-09-07,AU,2.54110722293792
2020-09-07,CA,1.90591829814719
2020-09-07,DE,1.73394425471351
2020-09-07,FR,2.18178201526763
2020-09-07,GB,2.51526020165386
2020-09-07,IE,5.01637775876497
2020-09-07,IT,3.12671207542168
2020-09-07,NL,1.88526653228507
2020-09-07,US,1.52245717604046
2020-09-08,AU,2.54001044453577
2020-09-08,CA,1.90847095732133
2020-09-08,DE,1.73184981446308
2020-09-08,FR,2.17434240813757
2020-09-08,GB,2.51741345777206
2020-09-08,IE,4.99837781124154
2020-09-08,IT,3.11911685538008
2020-09-08,NL,1.8799464632687
2020-09-08,US,1.52612822008697
2020-09-09,AU,2.53515073111392
2020-09-09,CA,1.91376817852857
2020-09-09,DE,1.72937520022674
2020-09-09,FR,2.16857107160119
2020-09-09,GB,2.5125515689995
2020-09-09,IE,4.98431517899064
2020-09-09,IT,3.10458938879814
2020-09-09,NL,1.87392772146266
2020-09-09,US,1.52814299524445
2020-09-10,AU,2.53481692175709
2020-09-10,CA,1.92230934953484
2020-09-10,DE,1.72729376095934
2020-09-10,FR,2.16420735495939
2020-09-10,GB,2.51043407451247
2020-09-10,IE,4.98107066208191
2020-09-10,IT,3.09812787262683
2020-09-10,NL,1.86444500064667
2020-09-10,US,1.52933724083958
2020-09-11,AU,2.52384630082555
2020-09-11,CA,1.92683234527463
2020-09-11,DE,1.72544606944352
2020-09-11,FR,2.15924153214355
2020-09-11,GB,2.50804436536411
2020-09-11,IE,4.96825848118944
2020-09-11,IT,3.08824335105553
2020-09-11,NL,1.85984040626423
2020-09-11,US,1.52962909564553
2020-09-12,AU,2.51561464148107
2020-09-12,CA,1.93210338223683
2020-09-12,DE,1.72653683957139
2020-09-12,FR,2.15454720816312
2020-09-12,GB,2.50540855603909
2020-09-12,IE,4.96298355562598
2020-09-12,IT,3.07955549157993
2020-09-12,NL,1.85858860247748
2020-09-12,US,1.531628829936
2020-09-13,AU,2.50648769357831
2020-09-13,CA,1.93780919450501
2020-09-13,DE,1.72613581053221
2020-09-13,FR,2.14986555427364
2020-09-13,GB,2.50119102227064
2020-09-13,IE,4.94692119205654
2020-09-13,IT,3.06492490056782
2020-09-13,NL,1.85680041260706
2020-09-13,US,1.5335279318848
2020-09-14,AU,2.49547761157408
2020-09-14,CA,1.94740480502409
2020-09-14,DE,1.72490236293545
2020-09-14,FR,2.14317873274077
2020-09-14,GB,2.49681403828499
2020-09-14,IE,4.92836494416161
2020-09-14,IT,3.06107090090146
2020-09-14,NL,1.8536244890104
2020-09-14,US,1.53399676542395
2020-09-15,AU,2.49122637035873
2020-09-15,CA,1.95380768884302
2020-09-15,DE,1.7256599963798
2020-09-15,FR,2.14172825574006
2020-09-15,GB,2.49394944837164
2020-09-15,IE,4.91219738289172
2020-09-15,IT,3.05107019430504
2020-09-15,NL,1.85309731787779
2020-09-15,US,1.53552472884662
2020-09-16,AU,2.48835807343736
2020-09-16,CA,1.95913551176796
2020-09-16,DE,1.72840502844058
2020-09-16,FR,2.13916812492123
2020-09-16,GB,2.49792204136977
2020-09-16,IE,4.90064831398978
2020-09-16,IT,3.05184280211644
2020-09-16,NL,1.85277962876423
2020-09-16,US,1.53803488429266
2020-09-17,AU,2.48839477319604
2020-09-17,CA,1.96397233895569
2020-09-17,DE,1.73005212685012
2020-09-17,FR,2.13778469117594
2020-09-17,GB,2.50389113473918
2020-09-17,IE,4.87847354436577
2020-09-17,IT,3.03709790872835
2020-09-17,NL,1.85419660375184
2020-09-17,US,1.54209875534148
2020-09-18,AU,2.49389224671595
2020-09-18,CA,1.96651160530281
2020-09-18,DE,1.73260034518176
2020-09-18,FR,2.13623175622424
2020-09-18,GB,2.50782024365567
2020-09-18,IE,4.83032071171928
2020-09-18,IT,3.05072103046941
2020-09-18,NL,1.85203719159172
2020-09-18,US,1.54455739761037
2020-09-19,AU,2.49697112582338
2020-09-19,CA,1.96542140873876
2020-09-19,DE,1.73234820473583
2020-09-19,FR,2.13235278330254
2020-09-19,GB,2.50955291978434
2020-09-19,IE,4.79441055334865
2020-09-19,IT,3.06637789173044
2020-09-19,NL,1.84840254929619
2020-09-19,US,1.54672231310508
2020-09-20,AU,2.49723718848575
2020-09-20,CA,1.96481346381084
2020-09-20,DE,1.73456695140896
2020-09-20,FR,2.1288244443324
2020-09-20,GB,2.51491398043507
2020-09-20,IE,4.76215509312741
2020-09-20,IT,3.0829025495792
2020-09-20,NL,1.84375002156235
2020-09-20,US,1.5494766565464
2020-09-21,AU,2.49418142090316
2020-09-21,CA,1.96617575667214
2020-09-21,DE,1.74080326822015
2020-09-21,FR,2.12767682001693
2020-09-21,GB,2.52139453104695
2020-09-21,IE,4.74858081249168
2020-09-21,IT,3.09644658808729
2020-09-21,NL,1.84080091759513
2020-09-21,US,1.55189095012578
2020-09-22,AU,2.49034367435206
2020-09-22,CA,1.96840898436899
2020-09-22,DE,1.74301748456319
2020-09-22,FR,2.12318313114704
2020-09-22,GB,2.52955610478495
2020-09-22,IE,4.74901140628185
2020-09-22,IT,3.10741235097007
2020-09-22,NL,1.83415974856832
2020-09-22,US,1.55372871338838
2020-09-23,AU,2.48864419097041
2020-09-23,CA,1.97255049473285
2020-09-23,DE,1.74438275261773
2020-09-23,FR,2.12238185870733
2020-09-23,GB,2.5368041762254
2020-09-23,IE,4.76032764841095
2020-09-23,IT,3.12201661161805
2020-09-23,NL,1.82704480476255
2020-09-23,US,1.55570881382453
2020-09-24,AU,2.47937270275705
2020-09-24,CA,1.97218606779736
2020-09-24,DE,1.74762236796348
2020-09-24,FR,2.12126625843348
2020-09-24,GB,2.54438219593012
2020-09-24,IE,4.78240853919614
2020-09-24,IT,3.14450381574882
2020-09-24,NL,1.82302636947105
2020-09-24,US,1.55857425452471
2020-09-25,AU,2.46602995181309
2020-09-25,CA,1.97498167812008
2020-09-25,DE,1.75248014550955
2020-09-25,FR,2.12162653747495
2020-09-25,GB,2.55760838347623
2020-09-25,IE,4.83203442388001
2020-09-25,IT,3.14881285658389
2020-09-25,NL,1.82706439984749
2020-09-25,US,1.56278366052098
2020-09-26,AU,2.45341190837202
2020-09-26,CA,1.98114289038959
2020-09-26,DE,1.75606625829677
2020-09-26,FR,2.12258294788572
2020-09-26,GB,2.56993190629107
2020-09-26,IE,4.86496641570572
2020-09-26,IT,3.1468357925522
2020-09-26,NL,1.83077343817636
2020-09-26,US,1.56614245948411
2020-09-27,AU,2.43748725008154
2020-09-27,CA,1.98539531745976
2020-09-27,DE,1.75960605735447
2020-09-27,FR,2.1217088382459
2020-09-27,GB,2.58051970196806
2020-09-27,IE,4.89392893599018
2020-09-27,IT,3.14759232092741
2020-09-27,NL,1.83550780562148
2020-09-27,US,1.56957395167748
2020-09-28,AU,2.43539784024327
2020-09-28,CA,1.9888253375991
2020-09-28,DE,1.75829227380913
2020-09-28,FR,2.12253700881187
2020-09-28,GB,2.59079991654347
2020-09-28,IE,4.91057999262322
2020-09-28,IT,3.1404445665119
2020-09-28,NL,1.83535328080565
2020-09-28,US,1.57185051411373
2020-09-29,AU,2.43414709951807
2020-09-29,CA,1.99149612740422
2020-09-29,DE,1.7615733454281
2020-09-29,FR,2.1273719632377
2020-09-29,GB,2.60354701161902
2020-09-29,IE,4.92814715990692
2020-09-29,IT,3.13774570607195
2020-09-29,NL,1.84140215674991
2020-09-29,US,1.57564351209904
2020-09-30,AU,2.43403794761699
2020-09-30,CA,1.99334689276215
2020-09-30,DE,1.76262573596087
2020-09-30,FR,2.13049121826811
2020-09-30,GB,2.61522274960336
2020-09-30,IE,4.92699796343157
2020-09-30,IT,3.13283933240118
2020-09-30,NL,1.84918698205181
2020-09-30,US,1.57935838965724
2020-10-01,AU,2.44412165673108
2020-10-01,CA,1.99907370489739
2020-10-01,DE,1.76251868581879
2020-10-01,FR,2.14049101808327
2020-10-01,GB,2.6327906590219
2020-10-01,IE,4.91852305279527
2020-10-01,IT,3.13651516738123
2020-10-01,NL,1.85815843056868
2020-10-01,US,1.58344737978965
2020-10-02,AU,2.45683000596675
2020-10-02,CA,2.0046425144651
2020-10-02,DE,1.76010512817019
2020-10-02,FR,2.15143561502995
2020-10-02,GB,2.6400751156289
2020-10-02,IE,4.9052273516052
2020-10-02,IT,3.12848689634246
2020-10-02,NL,1.8617166584284
2020-10-02,US,1.58847339165299
2020-10-03,AU,2.46842319642086
2020-10-03,CA,2.01046827997459
2020-10-03,DE,1.7582437821575
2020-10-03,FR,2.16114277908586
2020-10-03,GB,2.64752800673842
2020-10-03,IE,4.88341567577863
2020-10-03,IT,3.12445758857213
2020-10-03,NL,1.86444073989544
2020-10-03,US,1.5934486233328
2020-10-04,AU,2.48584481126059
2020-10-04,CA,2.01634299134278
2020-10-04,DE,1.7569205643949
2020-10-04,FR,2.17550699753199
2020-10-04,GB,2.65718858535811
2020-10-04,IE,4.86845812098121
2020-10-04,IT,3.11989293338445
2020-10-04,NL,1.86988145785164
2020-10-04,US,1.59701801120089
2020-10-05,AU,2.49029191734205
2020-10-05,CA,2.02118843826671
2020-10-05,DE,1.75640176967131
2020-10-05,FR,2.18633067318348
2020-10-05,GB,2.66543405504295
2020-10-05,IE,4.85081889502043
2020-10-05,IT,3.12054134071202
2020-10-05,NL,1.88026132767768
2020-10-05,US,1.60089010485337
2020-10-06,AU,2.50057802771135
2020-10-06,CA,2.02620623695776
2020-10-06,DE,1.75198777338154
2020-10-06,FR,2.1950636823736
2020-10-06,GB,2.66253373028227
2020-10-06,IE,4.82768904340545
2020-10-06,IT,3.12276015909252
2020-10-06,NL,1.88592825286338
2020-10-06,US,1.6042090800054
2020-10-07,AU,2.49450859798837
2020-10-07,CA,2.03281823195269
2020-10-07,DE,1.74745291447923
2020-10-07,FR,2.20288581939851
2020-10-07,GB,2.6603234490606
2020-10-07,IE,4.80453361003462
2020-10-07,IT,3.12182424355046
2020-10-07,NL,1.89177077534817
2020-10-07,US,1.60895598017628
2020-10-08,AU,2.48676865398505
2020-10-08,CA,2.03906600225288
2020-10-08,DE,1.74565307640534
2020-10-08,FR,2.20533103354472
2020-10-08,GB,2.65439775291522
2020-10-08,IE,4.79179636178776
2020-10-08,IT,3.12021137851855
2020-10-08,NL,1.89809139272442
2020-10-08,US,1.61093014081599
2020-10-09,AU,2.47701994146066
2020-10-09,CA,2.04805885756613
2020-10-09,DE,1.74377680970639
2020-10-09,FR,2.20770916294823
2020-10-09,GB,2.65283264029731
2020-10-09,IE,4.78084873412239
2020-10-09,IT,3.12584279673488
2020-10-09,NL,1.90564796005957
2020-10-09,US,1.61142612672315
2020-10-10,AU,2.46590590237753
2020-10-10,CA,2.06321242416976
2020-10-10,DE,1.74448023393825
2020-10-10,FR,2.2151366297557
2020-10-10,GB,2.65249434653423
2020-10-10,IE,4.77613415310151
2020-10-10,IT,3.1313989006107
2020-10-10,NL,1.91033058358455
2020-10-10,US,1.60926392783156
2020-10-11,AU,2.45509604202208
2020-10-11,CA,2.07932190841988
2020-10-11,DE,1.74273344595708
2020-10-11,FR,2.21890901766638
2020-10-11,GB,2.65289774516779
2020-10-11,IE,4.76516772782714
2020-10-11,IT,3.13453006750032
2020-10-11,NL,1.9152239741297
2020-10-11,US,1.60962245274739
2020-10-12,AU,2.44521189364535
2020-10-12,CA,2.09627973949628
2020-10-12,DE,1.74057224564986
2020-10-12,FR,2.2247328178588
2020-10-12,GB,2.65638922383109
2020-10-12,IE,4.75964888116545
2020-10-12,IT,3.14168802173165
2020-10-12,NL,1.91900319054478
2020-10-12,US,1.61027147351434
2020-10-13,AU,2.43185986519365
2020-10-13,CA,2.11416221856828
2020-10-13,DE,1.74027094049546
2020-10-13,FR,2.23112341347527
2020-10-13,GB,2.66700030776178
2020-10-13,IE,4.75466731876528
2020-10-13,IT,3.14693920874248
2020-10-13,NL,1.9235241172143
2020-10-13,US,1.61175688548657
2020-10-14,AU,2.43206254415908
2020-10-14,CA,2.1322372527101
2020-10-14,DE,1.74207040272843
2020-10-14,FR,2.23605297575405
2020-10-14,GB,2.67608389974291
2020-10-14,IE,4.75046225597851
2020-10-14,IT,3.155643950699
2020-10-14,NL,1.9273674838823
2020-10-14,US,1.61194076216233
2020-10-15,AU,2.42962090429566
2020-10-15,CA,2.14627561551012
2020-10-15,DE,1.74398183510622
2020-10-15,FR,2.23876630226733
2020-10-15,GB,2.68142117025431
2020-10-15,IE,4.75311322557916
2020-10-15,IT,3.15427415977789
2020-10-15,NL,1.92515630716633
2020-10-15,US,1.61391994089231
2020-10-16,AU,2.43331482855082
2020-10-16,CA,2.16190847629494
2020-10-16,DE,1.75144738071553
2020-10-16,FR,2.24585602771709
2020-10-16,GB,2.68947416832504
2020-10-16,IE,4.78484868874526
2020-10-16,IT,3.15992506330707
2020-10-16,NL,1.92266748965096
2020-10-16,US,1.61666802368838
2020-10-17,AU,2.44271351177311
2020-10-17,CA,2.16993069047674
2020-10-17,DE,1.75840025623137
2020-10-17,FR,2.24864240388303
2020-10-17,GB,2.70542237252325
2020-10-17,IE,4.83802671536538
2020-10-17,IT,3.17080021669676
2020-10-17,NL,1.92966413578154
2020-10-17,US,1.62301401120447
2020-10-18,AU,2.44505587369728
2020-10-18,CA,2.17918730993311
2020-10-18,DE,1.76661699644042
2020-10-18,FR,2.25113629389946
2020-10-18,GB,2.71328308613488
2020-10-18,IE,4.88274965924685
2020-10-18,IT,3.17831245531142
2020-10-18,NL,1.92965026685647
2020-10-18,US,1.62605502196543
2020-10-19,AU,2.44586140659538
2020-10-19,CA,2.18717976331189
2020-10-19,DE,1.77441537641981
2020-10-19,FR,2.25568606885557
2020-10-19,GB,2.7175051241425
2020-10-19,IE,4.92450565384294
2020-10-19,IT,3.18563067151431
2020-10-19,NL,1.93039074668426
2020-10-19,US,1.62961146987239
2020-10-20,AU,2.44375004019693
2020-10-20,CA,2.18878665621804
2020-10-20,DE,1.78431562254462
2020-10-20,FR,2.25815779916604
2020-10-20,GB,2.7190432521861
2020-10-20,IE,4.95452871426969
2020-10-20,IT,3.19602463521267
2020-10-20,NL,1.93321964121384
2020-10-20,US,1.63251517304888
2020-10-21,AU,2.45083975655308
2020-10-21,CA,2.18809158341884
2020-10-21,DE,1.79206284941987
2020-10-21,FR,2.26124387106939
2020-10-21,GB,2.71849950869372
2020-10-21,IE,4.98654725033163
2020-10-21,IT,3.19340821225289
2020-10-21,NL,1.9383543197828
2020-10-21,US,1.63428694208735
2020-10-22,AU,2.45540333095061
2020-10-22,CA,2.19014732081862
2020-10-22,DE,1.79867739158572
2020-10-22,FR,2.2702650192164
2020-10-22,GB,2.72140991487986
2020-10-22,IE,5.01425218966281
2020-10-22,IT,3.19897848103019
2020-10-22,NL,1.95092190820893
2020-10-22,US,1.63520578244277
2020-10-23,AU,2.46030853233691
2020-10-23,CA,2.18569747665422
2020-10-23,DE,1.79995558202243
2020-10-23,FR,2.27868903042795
2020-10-23,GB,2.72361424091546
2020-10-23,IE,5.02773157302981
2020-10-23,IT,3.19437317944352
2020-10-23,NL,1.96288168531034
2020-10-23,US,1.63709827484791
2020-10-24,AU,2.46452543756582
2020-10-24,CA,2.18252592976917
2020-10-24,DE,1.80221850353756
2020-10-24,FR,2.28878211994608
2020-10-24,GB,2.7161944790861
2020-10-24,IE,5.03760890147095
2020-10-24,IT,3.18753838034903
2020-10-24,NL,1.9728442736137
2020-10-24,US,1.63735308719694
2020-10-25,AU,2.47235620629041
2020-10-25,CA,2.17649288720649
2020-10-25,DE,1.80386442095233
2020-10-25,FR,2.3001191029633
2020-10-25,GB,2.71724586700614
2020-10-25,IE,5.05100961236011
2020-10-25,IT,3.18360627370974
2020-10-25,NL,1.98712192717135
2020-10-25,US,1.6388734828597
2020-10-26,AU,2.47940305265807
2020-10-26,CA,2.17335493800532
2020-10-26,DE,1.80774378505929
2020-10-26,FR,2.30943550261639
2020-10-26,GB,2.71883940339519
2020-10-26,IE,5.05763149092208
2020-10-26,IT,3.17747931270649
2020-10-26,NL,2.00163231703331
2020-10-26,US,1.64051501388
2020-10-27,AU,2.48575023618657
2020-10-27,CA,2.17331016031171
2020-10-27,DE,1.80567312325682
2020-10-27,FR,2.31547762103309
2020-10-27,GB,2.71812898090136
2020-10-27,IE,5.08875780616203
2020-10-27,IT,3.16617906260192
2020-10-27,NL,2.01255500732366
2020-10-27,US,1.64373112230525
2020-10-28,AU,2.48064500374694
2020-10-28,CA,2.17403252074264
2020-10-28,DE,1.80620217733254
2020-10-28,FR,2.32875032310241
2020-10-28,GB,2.72490890015629
2020-10-28,IE,5.13480417783375
2020-10-28,IT,3.16957866928539
2020-10-28,NL,2.02125785148087
2020-10-28,US,1.64803289907337
2020-10-29,AU,2.47216371116262
2020-10-29,CA,2.17387505837786
2020-10-29,DE,1.80638231912071
2020-10-29,FR,2.33952074805663
2020-10-29,GB,2.72227556363985
2020-10-29,IE,5.16806989489249
2020-10-29,IT,3.16711467042537
2020-10-29,NL,2.0315690702345
2020-10-29,US,1.65271904326255
2020-10-30,AU,2.46065792997009
2020-10-30,CA,2.17733459321568
2020-10-30,DE,1.80671002486379
2020-10-30,FR,2.34867231972526
2020-10-30,GB,2.72140246627157
2020-10-30,IE,5.17606640265462
2020-10-30,IT,3.17070970076689
2020-10-30,NL,2.04461413255931
2020-10-30,US,1.65449721329019
2020-10-31,AU,2.44956615094801
2020-10-31,CA,2.18096112166274
2020-10-31,DE,1.80818588985915
2020-10-31,FR,2.35782296938853
2020-10-31,GB,2.73142382779521
2020-10-31,IE,5.19432006992966
2020-10-31,IT,3.19361790538115
2020-10-31,NL,2.05025220060854
2020-10-31,US,1.65898544320325
2020-11-01,AU,2.43891991049696
2020-11-01,CA,2.18630028641976
2020-11-01,DE,1.81103522656556
2020-11-01,FR,2.36648863226923
2020-11-01,GB,2.74217626548499
2020-11-01,IE,5.20915340119874
2020-11-01,IT,3.20955530661628
2020-11-01,NL,2.05497993484444
2020-11-01,US,1.66400189988736
2020-11-02,AU,2.43391726790733
2020-11-02,CA,2.1913011213515
2020-11-02,DE,1.81067995448998
2020-11-02,FR,2.37599360822278
2020-11-02,GB,2.76390903865533
2020-11-02,IE,5.23219407566249
2020-11-02,IT,3.22406549818024
2020-11-02,NL,2.05946440442009
2020-11-02,US,1.66892947621075
2020-11-03,AU,2.43340026926715
2020-11-03,CA,2.19882816447165
2020-11-03,DE,1.81666349491288
2020-11-03,FR,2.39822376240979
2020-11-03,GB,2.7957232561725
2020-11-03,IE,5.25147613751017
2020-11-03,IT,3.24180103660643
2020-11-03,NL,2.06565619914045
2020-11-03,US,1.67187884033031
2020-11-04,AU,2.44079004614252
2020-11-04,CA,2.20748311444094
2020-11-04,DE,1.82206432054812
2020-11-04,FR,2.41577837038803
2020-11-04,GB,2.8237168182946
2020-11-04,IE,5.24814545951114
2020-11-04,IT,3.2588774017968
2020-11-04,NL,2.07291620416368
2020-11-04,US,1.67454182952632
2020-11-05,AU,2.45258725268223
2020-11-05,CA,2.21762354727233
2020-11-05,DE,1.83365522025852
2020-11-05,FR,2.4305351186595
2020-11-05,GB,2.85403703730674
2020-11-05,IE,5.2590940493291
2020-11-05,IT,3.27914861172335
2020-11-05,NL,2.07416584729405
2020-11-05,US,1.67817643410902
2020-11-06,AU,2.46689432994561
2020-11-06,CA,2.22629455037669
2020-11-06,DE,1.8357609124767
2020-11-06,FR,2.44851481147541
2020-11-06,GB,2.88726437770347
2020-11-06,IE,5.28428473946687
2020-11-06,IT,3.29631609687881
2020-11-06,NL,2.07309287028437
2020-11-06,US,1.6838646307319
2020-11-07,AU,2.48311582931656
2020-11-07,CA,2.23669283518144
2020-11-07,DE,1.83744355491224
2020-11-07,FR,2.46134913580393
2020-11-07,GB,2.91708047899834
2020-11-07,IE,5.28517482046743
2020-11-07,IT,3.30794282355376
2020-11-07,NL,2.07502497356538
2020-11-07,US,1.69113812450964
2020-11-08,AU,2.49694924671679
2020-11-08,CA,2.24316137003534
2020-11-08,DE,1.83802437500913
2020-11-08,FR,2.4739112285417
2020-11-08,GB,2.94317082196707
2020-11-08,IE,5.28272087031094
2020-11-08,IT,3.32594460523064
2020-11-08,NL,2.07576185937004
2020-11-08,US,1.69610945981255
2020-11-09,AU,2.50713962085171
2020-11-09,CA,2.24682383310714
2020-11-09,DE,1.84215886339811
2020-11-09,FR,2.48727436847086
2020-11-09,GB,2.96428468337155
2020-11-09,IE,5.28725792137634
2020-11-09,IT,3.34607136322686
2020-11-09,NL,2.07919590459076
2020-11-09,US,1.70092670111244
2020-11-10,AU,2.51709512761328
2020-11-10,CA,2.24844550516508
2020-11-10,DE,1.84463317359549
2020-11-10,FR,2.49010529789273
2020-11-10,GB,2.97388481790306
2020-11-10,IE,5.28337930481987
2020-11-10,IT,3.35699130210487
2020-11-10,NL,2.07838030818745
2020-11-10,US,1.70552442168514
2020-11-11,AU,2.52504376375481
2020-11-11,CA,2.25355648631738
2020-11-11,DE,1.85686086974409
2020-11-11,FR,2.4938600734472
2020-11-11,GB,2.9792964387619
2020-11-11,IE,5.30177359625768
2020-11-11,IT,3.37199574343233
2020-11-11,NL,2.07725893786735
2020-11-11,US,1.70996920589703
2020-11-12,AU,2.53364017837424
2020-11-12,CA,2.25456237879335
2020-11-12,DE,1.85523644966501
2020-11-12,FR,2.50060780906201
2020-11-12,GB,2.9942090898067
2020-11-12,IE,5.307873292693
2020-11-12,IT,3.38299395726122
2020-11-12,NL,2.07721926731817
2020-11-12,US,1.71404761313293
2020-11-13,AU,2.53932397538174
2020-11-13,CA,2.25799350675332
2020-11-13,DE,1.86123185695495
2020-11-13,FR,2.50549639642175
2020-11-13,GB,3.00368046108309
2020-11-13,IE,5.32825923813025
2020-11-13,IT,3.38642841234083
2020-11-13,NL,2.07900176518324
2020-11-13,US,1.71848980254189
2020-11-14,AU,2.54138138839821
2020-11-14,CA,2.2536402090481
2020-11-14,DE,1.86604278608423
2020-11-14,FR,2.51580151076838
2020-11-14,GB,2.99723462400553
2020-11-14,IE,5.35624503876938
2020-11-14,IT,3.39064333011515
2020-11-14,NL,2.08063945855383
2020-11-14,US,1.72203227647576
2020-11-15,AU,2.54968832935193
2020-11-15,CA,2.25908983643539
2020-11-15,DE,1.87134493193801
2020-11-15,FR,2.52525570574187
2020-11-15,GB,2.99704547072203
2020-11-15,IE,5.38892025973205
2020-11-15,IT,3.39702255804292
2020-11-15,NL,2.08537430993062
2020-11-15,US,1.73116659597268
2020-11-16,AU,2.55624876860037
2020-11-16,CA,2.26619605571413
2020-11-16,DE,1.87562022606229
2020-11-16,FR,2.53241492499308
2020-11-16,GB,2.99286150665038
2020-11-16,IE,5.41491772271215
2020-11-16,IT,3.40496846182075
2020-11-16,NL,2.084711918476
2020-11-16,US,1.74108752490986
2020-11-17,AU,2.55618013772222
2020-11-17,CA,2.27575578227117
2020-11-17,DE,1.87959770286974
2020-11-17,FR,2.5357991965222
2020-11-17,GB,2.99189196283335
2020-11-17,IE,5.43325087327566
2020-11-17,IT,3.42604487028268
2020-11-17,NL,2.09129932289955
2020-11-17,US,1.75154875820743
2020-11-18,AU,2.55730669299707
2020-11-18,CA,2.2816472903084
2020-11-18,DE,1.87914162152938
2020-11-18,FR,2.5394554046011
2020-11-18,GB,2.99142428631095
2020-11-18,IE,5.42488943639287
2020-11-18,IT,3.45376366251447
2020-11-18,NL,2.09347517463653
2020-11-18,US,1.76535849895473
2020-11-19,AU,2.55872012622476
2020-11-19,CA,2.28911648715189
2020-11-19,DE,1.87935882514162
2020-11-19,FR,2.5456364822782
2020-11-19,GB,2.98653551007108
2020-11-19,IE,5.41970630669394
2020-11-19,IT,3.47891487374183
2020-11-19,NL,2.09873799364502
2020-11-19,US,1.77749879071146
2020-11-20,AU,2.56135996407331
2020-11-20,CA,2.29395994167916
2020-11-20,DE,1.8834268206398
2020-11-20,FR,2.55651550399513
2020-11-20,GB,2.98177427868338
2020-11-20,IE,5.42547793679721
2020-11-20,IT,3.51185918115972
2020-11-20,NL,2.10721295942895
2020-11-20,US,1.79124054102885
2020-11-21,AU,2.56394616839448
2020-11-21,CA,2.30444569860806
2020-11-21,DE,1.8874805120445
2020-11-21,FR,2.56605687178684
2020-11-21,GB,2.99330474576217
2020-11-21,IE,5.41962837086494
2020-11-21,IT,3.53003545375849
2020-11-21,NL,2.11537126566174
2020-11-21,US,1.80205707145466
2020-11-22,AU,2.56589144313253
2020-11-22,CA,2.30791552702555
2020-11-22,DE,1.89148505862453
2020-11-22,FR,2.57446729373337
2020-11-22,GB,2.99895387602936
2020-11-22,IE,5.40319921868545
2020-11-22,IT,3.55058632094722
2020-11-22,NL,2.1188940116719
2020-11-22,US,1.80770822970072
2020-11-23,AU,2.56755594831274
2020-11-23,CA,2.31065997964988
2020-11-23,DE,1.89472096428162
2020-11-23,FR,2.58203602213117
2020-11-23,GB,3.00761911716515
2020-11-23,IE,5.37006298811683
2020-11-23,IT,3.56791247821613
2020-11-23,NL,2.1232857070255
2020-11-23,US,1.81343075349351
2020-11-24,AU,2.57382459214977
2020-11-24,CA,2.3103911952336
2020-11-24,DE,1.89962986591478
2020-11-24,FR,2.59292026256155
2020-11-24,GB,3.0168685381989
2020-11-24,IE,5.34213752401166
2020-11-24,IT,3.55967670027348
2020-11-24,NL,2.12301891423284
2020-11-24,US,1.81883775987569
2020-11-25,AU,2.58511483915613
2020-11-25,CA,2.31200453380146
2020-11-25,DE,1.89602972482543
2020-11-25,FR,2.60109606188444
2020-11-25,GB,3.02673908435821
2020-11-25,IE,5.31785708251626
2020-11-25,IT,3.55488486045568
2020-11-25,NL,2.12751651358929
2020-11-25,US,1.82122776715533
2020-11-26,AU,2.59652651128225
2020-11-26,CA,2.31487623118944
2020-11-26,DE,1.89949801791605
2020-11-26,FR,2.60128938054935
2020-11-26,GB,3.03644614926381
2020-11-26,IE,5.29897351666109
2020-11-26,IT,3.55705922639198
2020-11-26,NL,2.13081341346285
2020-11-26,US,1.82453666595839
2020-11-27,AU,2.60692393588604
2020-11-27,CA,2.31974688696344
2020-11-27,DE,1.9011803380433
2020-11-27,FR,2.59119265473023
2020-11-27,GB,3.03544533142548
2020-11-27,IE,5.25553978580312
2020-11-27,IT,3.56023816090116
2020-11-27,NL,2.12808602953088
2020-11-27,US,1.82610189787333
2020-11-28,AU,2.62144118793185
2020-11-28,CA,2.32638802356522
2020-11-28,DE,1.90225166322193
2020-11-28,FR,2.58510363078536
2020-11-28,GB,3.03624753158018
2020-11-28,IE,5.23362492912903
2020-11-28,IT,3.56308413393812
2020-11-28,NL,2.12886637572959
2020-11-28,US,1.82779646380598
2020-11-29,AU,2.63610054358305
2020-11-29,CA,2.33147405761041
2020-11-29,DE,1.90513365813663
2020-11-29,FR,2.57834978981414
2020-11-29,GB,3.0342162540483
2020-11-29,IE,5.21341958315469
2020-11-29,IT,3.55944123701921
2020-11-29,NL,2.13057092304219
2020-11-29,US,1.83094003825246
2020-11-30,AU,2.6541964873285
2020-11-30,CA,2.33690974450744
2020-11-30,DE,1.9055599784476
2020-11-30,FR,2.57064178450816
2020-11-30,GB,3.0303197491234
2020-11-30,IE,5.20853096787149
2020-11-30,IT,3.5605310825487
2020-11-30,NL,2.13695621467178
2020-11-30,US,1.83256071500053
2020-12-01,AU,2.66793024777701
2020-12-01,CA,2.34545608027632
2020-12-01,DE,1.90542758720451
2020-12-01,FR,2.56422356233358
2020-12-01,GB,3.03097282279772
2020-12-01,IE,5.19005301179
2020-12-01,IT,3.58157387417315
2020-12-01,NL,2.14705547639235
2020-12-01,US,1.83096156752544
2020-12-02,AU,2.67992529876746
2020-12-02,CA,2.35516630867009
2020-12-02,DE,1.90819580764916
2020-12-02,FR,2.55851974136415
2020-12-02,GB,3.03479377858208
2020-12-02,IE,5.169247955893
2020-12-02,IT,3.5821406418478
2020-12-02,NL,2.15498659687836
2020-12-02,US,1.83337109203585
2020-12-03,AU,2.68382384624768
2020-12-03,CA,2.36633294069767
2020-12-03,DE,1.91145294886606
2020-12-03,FR,2.55448780653659
2020-12-03,GB,3.0360551202096
2020-12-03,IE,5.15035174407387
2020-12-03,IT,3.58489713458801
2020-12-03,NL,2.15913845924515
2020-12-03,US,1.83708904231936
2020-12-04,AU,2.68746746375292
2020-12-04,CA,2.37756220608352
2020-12-04,DE,1.91527324380566
2020-12-04,FR,2.55167097891773
2020-12-04,GB,3.04598106983904
2020-12-04,IE,5.13670830159475
2020-12-04,IT,3.59003008058335
2020-12-04,NL,2.16082869643825
2020-12-04,US,1.84298330157358
2020-12-05,AU,2.69088236798975
2020-12-05,CA,2.39005571049756
2020-12-05,DE,1.91835179668302
2020-12-05,FR,2.54661208538807
2020-12-05,GB,3.05411819834791
2020-12-05,IE,5.12036520687669
2020-12-05,IT,3.59969500434031
2020-12-05,NL,2.16285556991381
2020-12-05,US,1.85043401290944
2020-12-06,AU,2.68890370876006
2020-12-06,CA,2.40046546911074
2020-12-06,DE,1.92032146051119
2020-12-06,FR,2.54276277179477
2020-12-06,GB,3.05912075392301
2020-12-06,IE,5.1110519684247
2020-12-06,IT,3.6151978438889
2020-12-06,NL,2.16959838864956
2020-12-06,US,1.85729915053549
2020-12-07,AU,2.68346973805435
2020-12-07,CA,2.41093595855302
2020-12-07,DE,1.9224999762936
2020-12-07,FR,2.54112638266063
2020-12-07,GB,3.06277644097674
2020-12-07,IE,5.09986885659751
2020-12-07,IT,3.62764445948827
2020-12-07,NL,2.17146588514334
2020-12-07,US,1.86664117976542
2020-12-08,AU,2.68304063646647
2020-12-08,CA,2.41983553663856
2020-12-08,DE,1.92297826603874
2020-12-08,FR,2.53809021884348
2020-12-08,GB,3.06093068639976
2020-12-08,IE,5.10846922337425
2020-12-08,IT,3.63900354663164
2020-12-08,NL,2.16890818815801
2020-12-08,US,1.87803739148284
2020-12-09,AU,2.67345831398357
2020-12-09,CA,2.42607979112516
2020-12-09,DE,1.92392076693781
2020-12-09,FR,2.53439715515112
2020-12-09,GB,3.05410538664024
2020-12-09,IE,5.1184222564492
2020-12-09,IT,3.66163521787275
2020-12-09,NL,2.15782128558442
2020-12-09,US,1.88537722341251
2020-12-10,AU,2.67195836907622
2020-12-10,CA,2.42932716999781
2020-12-10,DE,1.927597166447
2020-12-10,FR,2.53362253301318
2020-12-10,GB,3.04281193681634
2020-12-10,IE,5.10626293430625
2020-12-10,IT,3.673601882891
2020-12-10,NL,2.16172012674633
2020-12-10,US,1.88851123415092
2020-12-11,AU,2.67161374298057
2020-12-11,CA,2.43727080832227
2020-12-11,DE,1.93238590215271
2020-12-11,FR,2.53654339524112
2020-12-11,GB,3.04128548902527
2020-12-11,IE,5.11782921784836
2020-12-11,IT,3.69125527724582
2020-12-11,NL,2.16789873314232
2020-12-11,US,1.89367091502477
2020-12-12,AU,2.66669327499413
2020-12-12,CA,2.44494393216499
2020-12-12,DE,1.93884048750632
2020-12-12,FR,2.53489526597587
2020-12-12,GB,3.03096202381084
2020-12-12,IE,5.1188931201624
2020-12-12,IT,3.70949418078554
2020-12-12,NL,2.17021272593573
2020-12-12,US,1.89573349862755
2020-12-13,AU,2.66483491762601
2020-12-13,CA,2.45684221923634
2020-12-13,DE,1.94516302138956
2020-12-13,FR,2.53231018822057
2020-12-13,GB,3.03371573063623
2020-12-13,IE,5.1199155215817
2020-12-13,IT,3.72582833162105
2020-12-13,NL,2.17199007122901
2020-12-13,US,1.90045974780501
2020-12-14,AU,2.66741433778076
2020-12-14,CA,2.47108091987739
2020-12-14,DE,1.95093586778178
2020-12-14,FR,2.53270347389894
2020-12-14,GB,3.03539159018116
2020-12-14,IE,5.11937702605567
2020-12-14,IT,3.73910956333405
2020-12-14,NL,2.17789761840881
2020-12-14,US,1.90390217793827
2020-12-15,AU,2.66917477659994
2020-12-15,CA,2.48906191881824
2020-12-15,DE,1.95844628409648
2020-12-15,FR,2.53523479367326
2020-12-15,GB,3.03995779856241
2020-12-15,IE,5.11355344850748
2020-12-15,IT,3.76313629474114
2020-12-15,NL,2.18796699485543
2020-12-15,US,1.90806163890621
2020-12-16,AU,2.67786095751282
2020-12-16,CA,2.5055150154643
2020-12-16,DE,1.96696214526433
2020-12-16,FR,2.5380022632977
2020-12-16,GB,3.04986177552862
2020-12-16,IE,5.13976837139859
2020-12-16,IT,3.78190452101205
2020-12-16,NL,2.20566793651547
2020-12-16,US,1.91416770417236
2020-12-17,AU,2.68581051722531
2020-12-17,CA,2.52659586311424
2020-12-17,DE,1.97001840668497
2020-12-17,FR,2.53795102007984
2020-12-17,GB,3.0677303461878
2020-12-17,IE,5.18684754193344
2020-12-17,IT,3.80327412865932
2020-12-17,NL,2.21420242184332
2020-12-17,US,1.92272000361198
2020-12-18,AU,2.69664365256437
2020-12-18,CA,2.54400367157104
2020-12-18,DE,1.97203090491282
2020-12-18,FR,2.5332338829369
2020-12-18,GB,3.08351277711258
2020-12-18,IE,5.20777824247922
2020-12-18,IT,3.82130679358868
2020-12-18,NL,2.22647951146655
2020-12-18,US,1.92765149587856
2020-12-19,AU,2.71526886800115
2020-12-19,CA,2.56240872446172
2020-12-19,DE,1.97496417786922
2020-12-19,FR,2.5317303222829
2020-12-19,GB,3.10564311372606
2020-12-19,IE,5.24698045757381
2020-12-19,IT,3.83174449244128
2020-12-19,NL,2.24193847815629
2020-12-19,US,1.93453482317824
2020-12-20,AU,2.73132786540748
2020-12-20,CA,2.57940476500463
2020-12-20,DE,1.97734794661452
2020-12-20,FR,2.53296409151909
2020-12-20,GB,3.12129363966451
2020-12-20,IE,5.28926125320547
2020-12-20,IT,3.8398232347305
2020-12-20,NL,2.25512429518332
2020-12-20,US,1.93815518836858
2020-12-21,AU,2.74787760537748
2020-12-21,CA,2.59613983156358
2020-12-21,DE,1.98264063966215
2020-12-21,FR,2.53024689931763
2020-12-21,GB,3.13684770116588
2020-12-21,IE,5.34312159772742
2020-12-21,IT,3.85104220714922
2020-12-21,NL,2.2662012181619
2020-12-21,US,1.94128148756257
2020-12-22,AU,2.77985721662838
2020-12-22,CA,2.61077120754469
2020-12-22,DE,1.98628848219692
2020-12-22,FR,2.52300916725647
2020-12-22,GB,3.16079608058693
2020-12-22,IE,5.39381482304146
2020-12-22,IT,3.85552851544126
2020-12-22,NL,2.27744529355546
2020-12-22,US,1.94528074547874
2020-12-23,AU,2.81012063262335
2020-12-23,CA,2.62926376251302
2020-12-23,DE,1.99022634826519
2020-12-23,FR,2.51860092217992
2020-12-23,GB,3.19052367285305
2020-12-23,IE,5.4336783096295
2020-12-23,IT,3.86269594170669
2020-12-23,NL,2.29602625959739
2020-12-23,US,1.94843080495425
2020-12-24,AU,2.84509669615968
2020-12-24,CA,2.64528700458516
2020-12-24,DE,1.99556316572868
2020-12-24,FR,2.51112573584687
2020-12-24,GB,3.21955852134324
2020-12-24,IE,5.46434190117121
2020-12-24,IT,3.8757639352948
2020-12-24,NL,2.31047562335336
2020-12-24,US,1.9534216320953
2020-12-25,AU,2.8741280951977
2020-12-25,CA,2.66028174847748
2020-12-25,DE,2.00101155451226
2020-12-25,FR,2.50864659229582
2020-12-25,GB,3.24191332106215
2020-12-25,IE,5.50176546982046
2020-12-25,IT,3.88650946886421
2020-12-25,NL,2.32322969585521
2020-12-25,US,1.95800192701127
2020-12-26,AU,2.90155340515129
2020-12-26,CA,2.67638496433979
2020-12-26,DE,2.00546832750772
2020-12-26,FR,2.51025082127649
2020-12-26,GB,3.26775277165786
2020-12-26,IE,5.54479789200354
2020-12-26,IT,3.90425601315045
2020-12-26,NL,2.3411283727099
2020-12-26,US,1.96331750705871
2020-12-27,AU,2.93070232973384
2020-12-27,CA,2.69155855211888
2020-12-27,DE,2.00977125854096
2020-12-27,FR,2.50992187092113
2020-12-27,GB,3.29297540904298
2020-12-27,IE,5.59833406386781
2020-12-27,IT,3.92405076596151
2020-12-27,NL,2.35269079166129
2020-12-27,US,1.9678287437855
2020-12-28,AU,2.95876602966068
2020-12-28,CA,2.70572555348683
2020-12-28,DE,2.01274669855116
2020-12-28,FR,2.50813626029401
2020-12-28,GB,3.31863381648557
2020-12-28,IE,5.61645515228724
2020-12-28,IT,3.94298494301924
2020-12-28,NL,2.36851995302508
2020-12-28,US,1.9718691077326
2020-12-29,AU,2.97666692557624
2020-12-29,CA,2.71999107379654
2020-12-29,DE,2.01890679298164
2020-12-29,FR,2.51187620150454
2020-12-29,GB,3.34173227316268
2020-12-29,IE,5.64283243938913
2020-12-29,IT,3.96124067916567
2020-12-29,NL,2.38056469100137
2020-12-29,US,1.9767866991243
2020-12-30,AU,2.99587648227189
2020-12-30,CA,2.73075707607764
2020-12-30,DE,2.02188456087729
2020-12-30,FR,2.51171594488751
2020-12-30,GB,3.35035473711369
2020-12-30,IE,5.6672521048383
2020-12-30,IT,3.9768321985677
2020-12-30,NL,2.38312507314263
2020-12-30,US,1.97798982874192
2020-12-31,AU,3.01018007407798
2020-12-31,CA,2.74399318343197
2020-12-31,DE,2.02779843211122
2020-12-31,FR,2.51858357259978
2020-12-31,GB,3.36226840714249
2020-12-31,IE,5.69202087564777
2020-12-31,IT,3.985361581559
2020-12-31,NL,2.38935005876463
2020-12-31,US,1.97832289703808
2021-01-01,AU,3.03199590739707
2021-01-01,CA,2.75795966020853
2021-01-01,DE,2.03481141554857
2021-01-01,FR,2.52136181476891
2021-01-01,GB,3.37745514918658
2021-01-01,IE,5.71466629603901
2021-01-01,IT,3.98332579143053
2021-01-01,NL,2.39000499333903
2021-01-01,US,1.97997740092882
2021-01-02,AU,3.05277495924825
2021-01-02,CA,2.77127918210677
2021-01-02,DE,2.04094418638484
2021-01-02,FR,2.52136713842509
2021-01-02,GB,3.39270255933361
2021-01-02,IE,5.74399167762968
2021-01-02,IT,3.97860101363259
2021-01-02,NL,2.39086446013602
2021-01-02,US,1.98090967975297
2021-01-03,AU,3.07175883081484
2021-01-03,CA,2.78210135970482
2021-01-03,DE,2.04603690893242
2021-01-03,FR,2.5214403398955
2021-01-03,GB,3.40945728022602
2021-01-03,IE,5.75930130524429
2021-01-03,IT,3.97354164904753
2021-01-03,NL,2.39212576177264
2021-01-03,US,1.98179022360106
2021-01-04,AU,3.09159013946539
2021-01-04,CA,2.79270565267255
2021-01-04,DE,2.05065410774746
2021-01-04,FR,2.52466284336436
2021-01-04,GB,3.42875006946178
2021-01-04,IE,5.80951081044181
2021-01-04,IT,3.97080131840876
2021-01-04,NL,2.39044139697395
2021-01-04,US,1.98226497144517
2021-01-05,AU,3.09790293994319
2021-01-05,CA,2.79984393955659
2021-01-05,DE,2.05280181148744
2021-01-05,FR,2.52559859031213
2021-01-05,GB,3.43664859420336
2021-01-05,IE,5.81623151374607
2021-01-05,IT,3.96228190445928
2021-01-05,NL,2.38817726666476
2021-01-05,US,1.97931014798452
2021-01-06,AU,3.09679891242336
2021-01-06,CA,2.80351025039595
2021-01-06,DE,2.05570517564391
2021-01-06,FR,2.52502322513521
2021-01-06,GB,3.44603110052622
2021-01-06,IE,5.80607017215184
2021-01-06,IT,3.95426083863422
2021-01-06,NL,2.38825767865582
2021-01-06,US,1.97809743467517
2021-01-07,AU,3.08939477925912
2021-01-07,CA,2.80417401388642
2021-01-07,DE,2.05928302410998
2021-01-07,FR,2.52054844221614
2021-01-07,GB,3.45146662322657
2021-01-07,IE,5.79937955639909
2021-01-07,IT,3.95106428303821
2021-01-07,NL,2.38438085753486
2021-01-07,US,1.97752922019259
2021-01-08,AU,3.06944130760382
2021-01-08,CA,2.80174984344703
2021-01-08,DE,2.05823622717483
2021-01-08,FR,2.5160606966552
2021-01-08,GB,3.45931056865632
2021-01-08,IE,5.78913014652995
2021-01-08,IT,3.95420363750312
2021-01-08,NL,2.38668386066376
2021-01-08,US,1.97108051010068
2021-01-09,AU,3.04783155976303
2021-01-09,CA,2.7961459729807
2021-01-09,DE,2.05891801261984
2021-01-09,FR,2.50652681391982
2021-01-09,GB,3.46306548259704
2021-01-09,IE,5.76702930365221
2021-01-09,IT,3.94926521736278
2021-01-09,NL,2.38115879061126
2021-01-09,US,1.96230540383363
2021-01-10,AU,3.02609127747874
2021-01-10,CA,2.79397711415313
2021-01-10,DE,2.06314466760653
2021-01-10,FR,2.49797947421183
2021-01-10,GB,3.46736522550782
2021-01-10,IE,5.74273226724623
2021-01-10,IT,3.95084572405515
2021-01-10,NL,2.38353522344211
2021-01-10,US,1.95593618437105
2021-01-11,AU,3.00074430705137
2021-01-11,CA,2.79220817580835
2021-01-11,DE,2.06379416071711
2021-01-11,FR,2.4898394424128
2021-01-11,GB,3.46986007067826
2021-01-11,IE,5.71079115200951
2021-01-11,IT,3.95177950885702
2021-01-11,NL,2.38665369598527
2021-01-11,US,1.9506176774881
2021-01-12,AU,2.97728448395937
2021-01-12,CA,2.79212580821822
2021-01-12,DE,2.06492671075436
2021-01-12,FR,2.48063320959615
2021-01-12,GB,3.47806350540703
2021-01-12,IE,5.73351564932229
2021-01-12,IT,3.95528248513553
2021-01-12,NL,2.38960905880038
2021-01-12,US,1.94953636110197
2021-01-13,AU,2.95822653425481
2021-01-13,CA,2.79497292820454
2021-01-13,DE,2.06844244005345
2021-01-13,FR,2.47184934292518
2021-01-13,GB,3.49122578568793
2021-01-13,IE,5.75632807808007
2021-01-13,IT,3.95634645821303
2021-01-13,NL,2.39260150785697
2021-01-13,US,1.94737022908595
2021-01-14,AU,2.94391024565664
2021-01-14,CA,2.79635598345707
2021-01-14,DE,2.06831195588896
2021-01-14,FR,2.46199407914968
2021-01-14,GB,3.5031643773159
2021-01-14,IE,5.77830990426771
2021-01-14,IT,3.9516474318981
2021-01-14,NL,2.39955589928176
2021-01-14,US,1.94450319616608
2021-01-15,AU,2.93487060837876
2021-01-15,CA,2.79914864046289
2021-01-15,DE,2.0739031296325
2021-01-15,FR,2.45604737066594
2021-01-15,GB,3.51795410791806
2021-01-15,IE,5.80862311423958
2021-01-15,IT,3.94863397898186
2021-01-15,NL,2.40219970243227
2021-01-15,US,1.9474041522454
2021-01-16,AU,2.92660904463514
2021-01-16,CA,2.80540745402823
2021-01-16,DE,2.07794253982813
2021-01-16,FR,2.45369814443712
2021-01-16,GB,3.53058295000076
2021-01-16,IE,5.8364718059869
2021-01-16,IT,3.94654082893044
2021-01-16,NL,2.40790864659608
2021-01-16,US,1.95365914347013
2021-01-17,AU,2.92022451431747
2021-01-17,CA,2.81049091064924
2021-01-17,DE,2.07832967472909
2021-01-17,FR,2.45170729064334
2021-01-17,GB,3.5417218592041
2021-01-17,IE,5.86681164937164
2021-01-17,IT,3.93908797501632
2021-01-17,NL,2.41310279316115
2021-01-17,US,1.95864042104582
2021-01-18,AU,2.91169171116633
2021-01-18,CA,2.81587479494955
2021-01-18,DE,2.08241654197313
2021-01-18,FR,2.44794159725906
2021-01-18,GB,3.55344395450953
2021-01-18,IE,5.89038548512098
2021-01-18,IT,3.93129029203363
2021-01-18,NL,2.41442706910132
2021-01-18,US,1.96298612430885
2021-01-19,AU,2.91089948222819
2021-01-19,CA,2.8212202713426
2021-01-19,DE,2.08632742727351
2021-01-19,FR,2.44396167411047
2021-01-19,GB,3.56099593538837
2021-01-19,IE,5.89771312860673
2021-01-19,IT,3.92214684060392
2021-01-19,NL,2.41070413857983
2021-01-19,US,1.96524298071745
2021-01-20,AU,2.90951389656942
2021-01-20,CA,2.82913958354498
2021-01-20,DE,2.08983132007427
2021-01-20,FR,2.44141599938164
2021-01-20,GB,3.56928057644746
2021-01-20,IE,5.92371126357825
2021-01-20,IT,3.91561255043351
2021-01-20,NL,2.4101065716046
2021-01-20,US,1.96840165644883
2021-01-21,AU,2.90776404062261
2021-01-21,CA,2.84211665439191
2021-01-21,DE,2.09264199375068
2021-01-21,FR,2.43704449394174
2021-01-21,GB,3.57549300382722
2021-01-21,IE,5.98045359898447
2021-01-21,IT,3.91445158193605
2021-01-21,NL,2.40574304187702
2021-01-21,US,1.97309028297615
2021-01-22,AU,2.90991660673171
2021-01-22,CA,2.85537719010931
2021-01-22,DE,2.09102809764487
2021-01-22,FR,2.42713161068634
2021-01-22,GB,3.57625692648325
2021-01-22,IE,6.01181083542769
2021-01-22,IT,3.91068904525085
2021-01-22,NL,2.40234420561191
2021-01-22,US,1.97754535515938
2021-01-23,AU,2.89512134750107
2021-01-23,CA,2.85813364002432
2021-01-23,DE,2.08758705051373
2021-01-23,FR,2.41608829321344
2021-01-23,GB,3.5622732863043
2021-01-23,IE,6.00385038880026
2021-01-23,IT,3.90710077322181
2021-01-23,NL,2.39583838289408
2021-01-23,US,1.97659211617256
2021-01-24,AU,2.89142337489968
2021-01-24,CA,2.86917022754723
2021-01-24,DE,2.08965695305168
2021-01-24,FR,2.40750415158949
2021-01-24,GB,3.55732996330388
2021-01-24,IE,5.99052471042165
2021-01-24,IT,3.90681117903366
2021-01-24,NL,2.39747258829929
2021-01-24,US,1.98242480748228
2021-01-25,AU,2.8898704774885
2021-01-25,CA,2.87672283396768
2021-01-25,DE,2.09272751786699
2021-01-25,FR,2.39780477675605
2021-01-25,GB,3.55494286718945
2021-01-25,IE,6.01890764312975
2021-01-25,IT,3.90591720569133
2021-01-25,NL,2.4027550090139
2021-01-25,US,1.98899560664384
2021-01-26,AU,2.88651770020676
2021-01-26,CA,2.88652150727497
2021-01-26,DE,2.09686727045855
2021-01-26,FR,2.38567424263649
2021-01-26,GB,3.55619023404788
2021-01-26,IE,6.0342278527972
2021-01-26,IT,3.90263615074387
2021-01-26,NL,2.41690681481016
2021-01-26,US,1.9988289255043
2021-01-27,AU,2.88580779418577
2021-01-27,CA,2.89129624536999
2021-01-27,DE,2.09547781777299
2021-01-27,FR,2.37473242470881
2021-01-27,GB,3.55349332622954
2021-01-27,IE,6.05770814005132
2021-01-27,IT,3.90486776161652
2021-01-27,NL,2.43477496696023
2021-01-27,US,2.01074372188912
2021-01-28,AU,2.88249607809623
2021-01-28,CA,2.89525549675563
2021-01-28,DE,2.09716568081583
2021-01-28,FR,2.36599105401076
2021-01-28,GB,3.55801557770719
2021-01-28,IE,6.0558545005944
2021-01-28,IT,3.9042911577118
2021-01-28,NL,2.44965172830169
2021-01-28,US,2.02043565182112
2021-01-29,AU,2.87398455860134
2021-01-29,CA,2.90163180896374
2021-01-29,DE,2.10004877033157
2021-01-29,FR,2.36178797451528
2021-01-29,GB,3.56686590038446
2021-01-29,IE,6.08297043442173
2021-01-29,IT,3.90176759973775
2021-01-29,NL,2.46710088457878
2021-01-29,US,2.03033543442955
2021-01-30,AU,2.87842975012656
2021-01-30,CA,2.91395337105526
2021-01-30,DE,2.10730297704624
2021-01-30,FR,2.35507052903818
2021-01-30,GB,3.58697104963357
2021-01-30,IE,6.1443794392546
2021-01-30,IT,3.90596681726908
2021-01-30,NL,2.48450004493496
2021-01-30,US,2.04285006975959
2021-01-31,AU,2.87120295174515
2021-01-31,CA,2.91851175948026
2021-01-31,DE,2.1085129558579
2021-01-31,FR,2.34685519056054
2021-01-31,GB,3.59938322421554
2021-01-31,IE,6.20143748571238
2021-01-31,IT,3.90633363299333
2021-01-31,NL,2.49326554636505
2021-01-31,US,2.04875179364219
2021-02-01,AU,2.86457818556355
2021-02-01,CA,2.92675813267787
2021-02-01,DE,2.1105983873929
2021-02-01,FR,2.34064862570058
2021-02-01,GB,3.60857086275723
2021-02-01,IE,6.20518060775918
2021-02-01,IT,3.90204673649075
2021-02-01,NL,2.49509544925576
2021-02-01,US,2.05442763841421
2021-02-02,AU,2.86494557192495
2021-02-02,CA,2.93312094723159
2021-02-02,DE,2.11465219649209
2021-02-02,FR,2.33765408924869
2021-02-02,GB,3.61615080220258
2021-02-02,IE,6.21771015609498
2021-02-02,IT,3.89756662166592
2021-02-02,NL,2.50083340145174
2021-02-02,US,2.05659632954047
2021-02-03,AU,2.85708794564313
2021-02-03,CA,2.94845420720837
2021-02-03,DE,2.12301681335153
2021-02-03,FR,2.33589087144055
2021-02-03,GB,3.62662208160002
2021-02-03,IE,6.20978235885772
2021-02-03,IT,3.8829306096081
2021-02-03,NL,2.50244489026439
2021-02-03,US,2.05994568882402
2021-02-04,AU,2.8543991293314
2021-02-04,CA,2.9630681674985
2021-02-04,DE,2.12901268586981
2021-02-04,FR,2.33230523245789
2021-02-04,GB,3.62900370372919
2021-02-04,IE,6.19597698941693
2021-02-04,IT,3.87960949799494
2021-02-04,NL,2.50805105599944
2021-02-04,US,2.06669420152912
2021-02-05,AU,2.85759884143179
2021-02-05,CA,2.96545267544808
2021-02-05,DE,2.13484061975553
2021-02-05,FR,2.32678016996194
2021-02-05,GB,3.62285262589309
2021-02-05,IE,6.16887586681099
2021-02-05,IT,3.88308375464586
2021-02-05,NL,2.51713974669205
2021-02-05,US,2.06991300897293
2021-02-06,AU,2.86280664304182
2021-02-06,CA,2.96608832389669
2021-02-06,DE,2.13934508561174
2021-02-06,FR,2.32039079029699
2021-02-06,GB,3.61620930320543
2021-02-06,IE,6.14295327156426
2021-02-06,IT,3.87771915966548
2021-02-06,NL,2.52621246565135
2021-02-06,US,2.07678354357965
2021-02-07,AU,2.87038917299628
2021-02-07,CA,2.95744824173286
2021-02-07,DE,2.14639642302146
2021-02-07,FR,2.31468838033332
2021-02-07,GB,3.60957870759896
2021-02-07,IE,6.1472434395979
2021-02-07,IT,3.87021727096055
2021-02-07,NL,2.53701025011607
2021-02-07,US,2.08837041216911
2021-02-08,AU,2.87632543956195
2021-02-08,CA,2.94880865748255
2021-02-08,DE,2.15017318175795
2021-02-08,FR,2.30739803542722
2021-02-08,GB,3.60417452388772
2021-02-08,IE,6.16678294148022
2021-02-08,IT,3.86864146687965
2021-02-08,NL,2.54958865532911
2021-02-08,US,2.09799632921566
2021-02-09,AU,2.87293132011939
2021-02-09,CA,2.93633992246251
2021-02-09,DE,2.15707284610042
2021-02-09,FR,2.30228770257498
2021-02-09,GB,3.59721955647848
2021-02-09,IE,6.18045344458495
2021-02-09,IT,3.87821611013066
2021-02-09,NL,2.55912061695087
2021-02-09,US,2.10923217005652
2021-02-10,AU,2.876039633514
2021-02-10,CA,2.9128422667272
2021-02-10,DE,2.16669242914358
2021-02-10,FR,2.29520216191167
2021-02-10,GB,3.58909193459124
2021-02-10,IE,6.17821269119745
2021-02-10,IT,3.88738048571972
2021-02-10,NL,2.56636629703661
2021-02-10,US,2.11704922750229
2021-02-11,AU,2.88469256330194
2021-02-11,CA,2.88830512957667
2021-02-11,DE,2.17512177533205
2021-02-11,FR,2.29303120075852
2021-02-11,GB,3.58753528160122
2021-02-11,IE,6.17420964369506
2021-02-11,IT,3.88504853701931
2021-02-11,NL,2.5712422955995
2021-02-11,US,2.1245394421125
2021-02-12,AU,2.88811586315864
2021-02-12,CA,2.87267975114614
2021-02-12,DE,2.18641057999277
2021-02-12,FR,2.28968255653289
2021-02-12,GB,3.58741929503248
2021-02-12,IE,6.18317830028109
2021-02-12,IT,3.87688990880957
2021-02-12,NL,2.57421409379327
2021-02-12,US,2.13549548129896
2021-02-13,AU,2.88960092505652
2021-02-13,CA,2.85723723980091
2021-02-13,DE,2.19869455361182
2021-02-13,FR,2.28757198391832
2021-02-13,GB,3.59268468694393
2021-02-13,IE,6.17677828867287
2021-02-13,IT,3.87582510433084
2021-02-13,NL,2.5777743847508
2021-02-13,US,2.14743967953217
2021-02-14,AU,2.88347629986122
2021-02-14,CA,2.85000323353536
2021-02-14,DE,2.20916818033062
2021-02-14,FR,2.28437862668309
2021-02-14,GB,3.59161252087818
2021-02-14,IE,6.14709994777285
2021-02-14,IT,3.88112068298875
2021-02-14,NL,2.57838338886442
2021-02-14,US,2.15210418031769
2021-02-15,AU,2.8972740349472
2021-02-15,CA,2.84076807389782
2021-02-15,DE,2.22147987627523
2021-02-15,FR,2.28183573063661
2021-02-15,GB,3.59029702344635
2021-02-15,IE,6.12771911828078
2021-02-15,IT,3.87285126329489
2021-02-15,NL,2.5863161731133
2021-02-15,US,2.15837912135527
2021-02-16,AU,2.92411379853994
2021-02-16,CA,2.84025092982861
2021-02-16,DE,2.2317260605664
2021-02-16,FR,2.27995413766005
2021-02-16,GB,3.59353162478721
2021-02-16,IE,6.12055187485303
2021-02-16,IT,3.86714787804413
2021-02-16,NL,2.58951727552546
2021-02-16,US,2.16543567392669
2021-02-17,AU,2.94760486277382
2021-02-17,CA,2.84204138306479
2021-02-17,DE,2.24257462248421
2021-02-17,FR,2.27522848529349
2021-02-17,GB,3.60088413857136
2021-02-17,IE,6.12814500371661
2021-02-17,IT,3.86302657060638
2021-02-17,NL,2.59679372505994
2021-02-17,US,2.17279758711978
2021-02-18,AU,2.96397366190018
2021-02-18,CA,2.84058441028758
2021-02-18,DE,2.25087762344347
2021-02-18,FR,2.26710389002976
2021-02-18,GB,3.6120594996943
2021-02-18,IE,6.17398632477986
2021-02-18,IT,3.86140226214107
2021-02-18,NL,2.6050508222516
2021-02-18,US,2.17815344920736
2021-02-19,AU,2.98261424266411
2021-02-19,CA,2.84027555633858
2021-02-19,DE,2.25501826034356
2021-02-19,FR,2.259638399358
2021-02-19,GB,3.61935916537404
2021-02-19,IE,6.21088987365268
2021-02-19,IT,3.8660659822533
2021-02-19,NL,2.61146425861301
2021-02-19,US,2.18014039842802
2021-02-20,AU,3.00984624310393
2021-02-20,CA,2.83739465042776
2021-02-20,DE,2.25926817938425
2021-02-20,FR,2.25068967001311
2021-02-20,GB,3.62076641686501
2021-02-20,IE,6.25981852887438
2021-02-20,IT,3.86688856766851
2021-02-20,NL,2.61389673303085
2021-02-20,US,2.17733806707102
2021-02-21,AU,3.04107971449213
2021-02-21,CA,2.83529462639208
2021-02-21,DE,2.26671152047365
2021-02-21,FR,2.24476278015234
2021-02-21,GB,3.63225181585523
2021-02-21,IE,6.31870178535808
2021-02-21,IT,3.86653388169754
2021-02-21,NL,2.62193590077683
2021-02-21,US,2.18030210294676
2021-02-22,AU,3.05829704547366
2021-02-22,CA,2.83599200749342
2021-02-22,DE,2.27302329478115
2021-02-22,FR,2.23867356208248
2021-02-22,GB,3.64566218167224
2021-02-22,IE,6.37168043681044
2021-02-22,IT,3.88155326657268
2021-02-22,NL,2.62571363249367
2021-02-22,US,2.18279949209086
2021-02-23,AU,3.06901573423526
2021-02-23,CA,2.83236434476786
2021-02-23,DE,2.27200395180261
2021-02-23,FR,2.23269315658468
2021-02-23,GB,3.6507486363772
2021-02-23,IE,6.43666110308977
2021-02-23,IT,3.89420167445663
2021-02-23,NL,2.62858488685096
2021-02-23,US,2.18688100735376
2021-02-24,AU,3.083559138137
2021-02-24,CA,2.82569945387557
2021-02-24,DE,2.27078017455549
2021-02-24,FR,2.22742075167986
2021-02-24,GB,3.65395879877836
2021-02-24,IE,6.49321035296907
2021-02-24,IT,3.90252179224143
2021-02-24,NL,2.62927223556075
2021-02-24,US,2.19096727960874
2021-02-25,AU,3.09432284817203
2021-02-25,CA,2.8202223391234
2021-02-25,DE,2.27522128522992
2021-02-25,FR,2.22414343147347
2021-02-25,GB,3.64573022977276
2021-02-25,IE,6.51906309157116
2021-02-25,IT,3.91974323563334
2021-02-25,NL,2.63385247713493
2021-02-25,US,2.19382073370314
2021-02-26,AU,3.10754066608502
2021-02-26,CA,2.81081868477698
2021-02-26,DE,2.28227069693208
2021-02-26,FR,2.22234589396972
2021-02-26,GB,3.6373570507078
2021-02-26,IE,6.53366654644086
2021-02-26,IT,3.93604443567983
2021-02-26,NL,2.63723763550582
2021-02-26,US,2.19952482786057
2021-02-27,AU,3.11310318345125
2021-02-27,CA,2.80526747753254
2021-02-27,DE,2.2874312336565
2021-02-27,FR,2.2190752938038
2021-02-27,GB,3.62930388001381
2021-02-27,IE,6.55610278194232
2021-02-27,IT,3.95204533091233
2021-02-27,NL,2.63793181468514
2021-02-27,US,2.2064745192779
2021-02-28,AU,3.12630713371024
2021-02-28,CA,2.80191615598081
2021-02-28,DE,2.28951664562707
2021-02-28,FR,2.21607959899722
2021-02-28,GB,3.61848493430592
2021-02-28,IE,6.55976250535417
2021-02-28,IT,3.96696793593467
2021-02-28,NL,2.63872026024052
2021-02-28,US,2.21175878325753
2021-03-01,AU,3.13885247723871
2021-03-01,CA,2.79897227992973
2021-03-01,DE,2.29519622910383
2021-03-01,FR,2.21412381166176
2021-03-01,GB,3.60973536531088
2021-03-01,IE,6.57418519936182
2021-03-01,IT,3.98991216616748
2021-03-01,NL,2.63809381701609
2021-03-01,US,2.21825030791348
2021-03-02,AU,3.14234674645059
2021-03-02,CA,2.79407293715114
2021-03-02,DE,2.30384045009909
2021-03-02,FR,2.21283943033623
2021-03-02,GB,3.6112148502275
2021-03-02,IE,6.5587434297173
2021-03-02,IT,4.00469866892233
2021-03-02,NL,2.64354156918421
2021-03-02,US,2.22073562956432
2021-03-03,AU,3.14828057479875
2021-03-03,CA,2.79122262395143
2021-03-03,DE,2.31154916431968
2021-03-03,FR,2.20864920202389
2021-03-03,GB,3.60469337075252
2021-03-03,IE,6.53348644297175
2021-03-03,IT,4.02602626655771
2021-03-03,NL,2.64827675922215
2021-03-03,US,2.22224500498645
2021-03-04,AU,3.16008553525522
2021-03-04,CA,2.78555673705756
2021-03-04,DE,2.31315448995503
2021-03-04,FR,2.20777581340302
2021-03-04,GB,3.60555984250853
2021-03-04,IE,6.50626552352305
2021-03-04,IT,4.03579121786552
2021-03-04,NL,2.65290191949129
2021-03-04,US,2.22423208637103
2021-03-05,AU,3.16613403809627
2021-03-05,CA,2.78025170565289
2021-03-05,DE,2.31900160885004
2021-03-05,FR,2.20564902439227
2021-03-05,GB,3.60410498250272
2021-03-05,IE,6.48460323177993
2021-03-05,IT,4.04812321069101
2021-03-05,NL,2.65624733795892
2021-03-05,US,2.22459226757863
2021-03-06,AU,3.1760665237001
2021-03-06,CA,2.77213043600134
2021-03-06,DE,2.3239597988942
2021-03-06,FR,2.20917640797479
2021-03-06,GB,3.59889024274336
2021-03-06,IE,6.45125319180243
2021-03-06,IT,4.06108479509852
2021-03-06,NL,2.66562238916193
2021-03-06,US,2.22110558981636
2021-03-07,AU,3.17700569001667
2021-03-07,CA,2.76413320362236
2021-03-07,DE,2.33006903714557
2021-03-07,FR,2.21108012843792
2021-03-07,GB,3.59666542752668
2021-03-07,IE,6.43940328783463
2021-03-07,IT,4.07388227418589
2021-03-07,NL,2.67305928394245
2021-03-07,US,2.2233164383986
2021-03-08,AU,3.18173657290069
2021-03-08,CA,2.75398670885458
2021-03-08,DE,2.33379039936825
2021-03-08,FR,2.21158664205562
2021-03-08,GB,3.59305959402573
2021-03-08,IE,6.42822282551475
2021-03-08,IT,4.07726593086444
2021-03-08,NL,2.67949274463669
2021-03-08,US,2.22279628443158
2021-03-09,AU,3.18623052803773
2021-03-09,CA,2.74442335955464
2021-03-09,DE,2.34226862649007
2021-03-09,FR,2.21368214892685
2021-03-09,GB,3.58243514587446
2021-03-09,IE,6.41483287875469
2021-03-09,IT,4.0822743013068
2021-03-09,NL,2.68264349696383
2021-03-09,US,2.22218784672477
2021-03-10,AU,3.18446958567608
2021-03-10,CA,2.73937752626429
2021-03-10,DE,2.34612707850013
2021-03-10,FR,2.2213978431606
2021-03-10,GB,3.5734400376779
2021-03-10,IE,6.4009935457607
2021-03-10,IT,4.08079142008147
2021-03-10,NL,2.68658718592507
2021-03-10,US,2.22419362257832
2021-03-11,AU,3.17908022038318
2021-03-11,CA,2.73444037672004
2021-03-11,DE,2.35192095930081
2021-03-11,FR,2.21312178254479
2021-03-11,GB,3.55330432210453
2021-03-11,IE,6.44911902910159
2021-03-11,IT,4.08093755402366
2021-03-11,NL,2.68092854026252
2021-03-11,US,2.22507047643017
2021-03-12,AU,3.17379809430517
2021-03-12,CA,2.72490397765343
2021-03-12,DE,2.35455007852826
2021-03-12,FR,2.21664962598511
2021-03-12,GB,3.53123298890096
2021-03-12,IE,6.48936919732454
2021-03-12,IT,4.07772002991134
2021-03-12,NL,2.67547171572209
2021-03-12,US,2.22668173326394
2021-03-13,AU,3.16540829851099
2021-03-13,CA,2.71571488760593
2021-03-13,DE,2.35783447804236
2021-03-13,FR,2.20899399435839
2021-03-13,GB,3.51854324450932
2021-03-13,IE,6.54057803412919
2021-03-13,IT,4.08241394169173
2021-03-13,NL,2.67131339012063
2021-03-13,US,2.23308783626495
2021-03-14,AU,3.15874029486383
2021-03-14,CA,2.70589952970439
2021-03-14,DE,2.36077743274965
2021-03-14,FR,2.20658356393795
2021-03-14,GB,3.49522782058265
2021-03-14,IE,6.56921564534319
2021-03-14,IT,4.08857988346129
2021-03-14,NL,2.66481856577592
2021-03-14,US,2.23131810335713
2021-03-15,AU,3.14784783175423
2021-03-15,CA,2.69569076499989
2021-03-15,DE,2.36342702385416
2021-03-15,FR,2.20518098996877
2021-03-15,GB,3.4679810992278
2021-03-15,IE,6.58463411540715
2021-03-15,IT,4.09832612672462
2021-03-15,NL,2.6607775977289
2021-03-15,US,2.23057157426934
2021-03-16,AU,3.12479332404161
2021-03-16,CA,2.68384303253451
2021-03-16,DE,2.36359529279989
2021-03-16,FR,2.19659668743446
2021-03-16,GB,3.43795856744106
2021-03-16,IE,6.6220240700328
2021-03-16,IT,4.10851791296605
2021-03-16,NL,2.65450776803756
2021-03-16,US,2.23102357699777
2021-03-17,AU,3.10075125174747
2021-03-17,CA,2.66863036255934
2021-03-17,DE,2.36547560492979
2021-03-17,FR,2.19427867153743
2021-03-17,GB,3.40916702626966
2021-03-17,IE,6.66627662941096
2021-03-17,IT,4.1211353307569
2021-03-17,NL,2.64201646275199
2021-03-17,US,2.229460923635
2021-03-18,AU,3.09023280251103
2021-03-18,CA,2.65585489343239
2021-03-18,DE,2.36991484551818
2021-03-18,FR,2.20505670964341
2021-03-18,GB,3.38107426520749
2021-03-18,IE,6.65480724256967
2021-03-18,IT,4.12942992188807
2021-03-18,NL,2.63865355887696
2021-03-18,US,2.22857008406444
2021-03-19,AU,3.0806859660421
2021-03-19,CA,2.64896869875982
2021-03-19,DE,2.37118193405009
2021-03-19,FR,2.20273126001486
2021-03-19,GB,3.36047644734519
2021-03-19,IE,6.65864695984284
2021-03-19,IT,4.15359223937454
2021-03-19,NL,2.63469197899993
2021-03-19,US,2.22610134002579
2021-03-20,AU,3.06027721481995
2021-03-20,CA,2.64122727558772
2021-03-20,DE,2.38396527097191
2021-03-20,FR,2.2048615767679
2021-03-20,GB,3.32658743081494
2021-03-20,IE,6.65002686940182
2021-03-20,IT,4.16818301225401
2021-03-20,NL,2.62944486842083
2021-03-20,US,2.22331214620737
2021-03-21,AU,3.04771654185978
2021-03-21,CA,2.6352825982565
2021-03-21,DE,2.39532597025346
2021-03-21,FR,2.20202395035239
2021-03-21,GB,3.30070662396368
2021-03-21,IE,6.68219482886535
2021-03-21,IT,4.17266421439354
2021-03-21,NL,2.62383776294171
2021-03-21,US,2.22031613292265
2021-03-22,AU,3.0416589958846
2021-03-22,CA,2.63111572012365
2021-03-22,DE,2.40694111193427
2021-03-22,FR,2.19875645001399
2021-03-22,GB,3.2762758099865
2021-03-22,IE,6.71656991973673
2021-03-22,IT,4.18595011154363
2021-03-22,NL,2.61836030949651
2021-03-22,US,2.21807515686352
2021-03-23,AU,3.04876710801456
2021-03-23,CA,2.62407214840623
2021-03-23,DE,2.41610471844587
2021-03-23,FR,2.20120694755482
2021-03-23,GB,3.25365945572524
2021-03-23,IE,6.73736167578017
2021-03-23,IT,4.19889212753345
2021-03-23,NL,2.61469545924545
2021-03-23,US,2.21241555551167
2021-03-24,AU,3.0597440359422
2021-03-24,CA,2.61628896629575
2021-03-24,DE,2.42585733356516
2021-03-24,FR,2.19415567300708
2021-03-24,GB,3.23281291191754
2021-03-24,IE,6.78773748299913
2021-03-24,IT,4.21632400499126
2021-03-24,NL,2.61399580654291
2021-03-24,US,2.20770157611804
2021-03-25,AU,3.06097825639135
2021-03-25,CA,2.61214463252271
2021-03-25,DE,2.43586318582053
2021-03-25,FR,2.18914340331994
2021-03-25,GB,3.21624256790097
2021-03-25,IE,6.8250493515966
2021-03-25,IT,4.23873946060991
2021-03-25,NL,2.60740368313153
2021-03-25,US,2.20245529979965
2021-03-26,AU,3.06147215261615
2021-03-26,CA,2.60911679431009
2021-03-26,DE,2.4497126183968
2021-03-26,FR,2.18598153042009
2021-03-26,GB,3.20052941625962
2021-03-26,IE,6.87428752232615
2021-03-26,IT,4.24532780877917
2021-03-26,NL,2.6044751518477
2021-03-26,US,2.19682857937638
2021-03-27,AU,3.06922175994087
2021-03-27,CA,2.60750494809798
2021-03-27,DE,2.45108106514482
2021-03-27,FR,2.18889009102815
2021-03-27,GB,3.19215251554503
2021-03-27,IE,6.91960637701314
2021-03-27,IT,4.25289816587142
2021-03-27,NL,2.60034857362526
2021-03-27,US,2.19114716646828
2021-03-28,AU,3.07415845846644
2021-03-28,CA,2.60480903866146
2021-03-28,DE,2.4539325528231
2021-03-28,FR,2.18961586118743
2021-03-28,GB,3.17949705523751
2021-03-28,IE,6.92659751034495
2021-03-28,IT,4.27298571327723
2021-03-28,NL,2.59942029365113
2021-03-28,US,2.1859059647332
2021-03-29,AU,3.06598315899916
2021-03-29,CA,2.60019929850328
2021-03-29,DE,2.45899516148901
2021-03-29,FR,2.19066203394836
2021-03-29,GB,3.16329719018808
2021-03-29,IE,6.93191712075357
2021-03-29,IT,4.27578315320231
2021-03-29,NL,2.60003880403015
2021-03-29,US,2.18100091552865
2021-03-30,AU,3.06091209471422
2021-03-30,CA,2.59988095575541
2021-03-30,DE,2.4635393905486
2021-03-30,FR,2.18973693746816
2021-03-30,GB,3.15147095426816
2021-03-30,IE,6.96219503884864
2021-03-30,IT,4.2779185650515
2021-03-30,NL,2.60268515627127
2021-03-30,US,2.17774798602215
2021-03-31,AU,3.05621878243504
2021-03-31,CA,2.60577095550451
2021-03-31,DE,2.46983098047068
2021-03-31,FR,2.19189762893223
2021-03-31,GB,3.14041889912491
2021-03-31,IE,6.97330565802191
2021-03-31,IT,4.27171778442738
2021-03-31,NL,2.60894814082899
2021-03-31,US,2.17279514004978
2021-04-01,AU,3.01492126285566
2021-04-01,CA,2.60844827767614
2021-04-01,DE,2.4723639547949
2021-04-01,FR,2.19355267377248
2021-04-01,GB,3.13367295353777
2021-04-01,IE,6.97582156238984
2021-04-01,IT,4.2697217813152
2021-04-01,NL,2.60993590016309
2021-04-01,US,2.16784090964869
2021-04-02,AU,2.98435045164552
2021-04-02,CA,2.6128208972495
2021-04-02,DE,2.4741939498493
2021-04-02,FR,2.19666842591993
2021-04-02,GB,3.12213884870863
2021-04-02,IE,6.96670959284261
2021-04-02,IT,4.27431539634153
2021-04-02,NL,2.61077093026723
2021-04-02,US,2.16388305979193
2021-04-03,AU,2.95529565966311
2021-04-03,CA,2.61851058978582
2021-04-03,DE,2.47531106568459
2021-04-03,FR,2.197671867725
2021-04-03,GB,3.1142632800388
2021-04-03,IE,6.97893670508568
2021-04-03,IT,4.27550861185375
2021-04-03,NL,2.60851219564058
2021-04-03,US,2.15821426320887
2021-04-04,AU,2.9258134565292
2021-04-04,CA,2.62545582761199
2021-04-04,DE,2.47784962839986
2021-04-04,FR,2.19774681141908
2021-04-04,GB,3.1067363767181
2021-04-04,IE,6.99808571954199
2021-04-04,IT,4.27682951288793
2021-04-04,NL,2.60753302773091
2021-04-04,US,2.15429516967511
2021-04-05,AU,2.90245591817806
2021-04-05,CA,2.63239452665775
2021-04-05,DE,2.47767295790442
2021-04-05,FR,2.19616138362352
2021-04-05,GB,3.09784150481656
2021-04-05,IE,7.01307998198233
2021-04-05,IT,4.28081588459996
2021-04-05,NL,2.60207553006153
2021-04-05,US,2.14975482859615
2021-04-06,AU,2.88280961000168
2021-04-06,CA,2.64021093818581
2021-04-06,DE,2.47848260348655
2021-04-06,FR,2.19561460759858
2021-04-06,GB,3.0946018317358
2021-04-06,IE,7.0194388774611
2021-04-06,IT,4.29227034070387
2021-04-06,NL,2.58873760660248
2021-04-06,US,2.14552010070828
2021-04-07,AU,2.85770466525487
2021-04-07,CA,2.64856290161736
2021-04-07,DE,2.46838632818425
2021-04-07,FR,2.19408973243226
2021-04-07,GB,3.0931126281654
2021-04-07,IE,7.04003462047409
2021-04-07,IT,4.27981518138161
2021-04-07,NL,2.57577662133452
2021-04-07,US,2.13922230380883
2021-04-08,AU,2.85973484299449
2021-04-08,CA,2.65665349998845
2021-04-08,DE,2.46215533563736
2021-04-08,FR,2.19281525725429
2021-04-08,GB,3.08530205501461
2021-04-08,IE,7.06928369486077
2021-04-08,IT,4.26229853905107
2021-04-08,NL,2.57489032979252
2021-04-08,US,2.13152633613217
2021-04-09,AU,2.84821951623102
2021-04-09,CA,2.66073013699014
2021-04-09,DE,2.45135496147597
2021-04-09,FR,2.1904651481395
2021-04-09,GB,3.08056358886279
2021-04-09,IE,7.09160110381306
2021-04-09,IT,4.23813425281181
2021-04-09,NL,2.5728558028294
2021-04-09,US,2.12188964668946
2021-04-10,AU,2.85007206072323
2021-04-10,CA,2.66412710491141
2021-04-10,DE,2.44488574512959
2021-04-10,FR,2.18843560722784
2021-04-10,GB,3.06990393122626
2021-04-10,IE,7.0978567868182
2021-04-10,IT,4.22011314848496
2021-04-10,NL,2.57590631749132
2021-04-10,US,2.10672386912665
2021-04-11,AU,2.85884792583646
2021-04-11,CA,2.66740590243259
2021-04-11,DE,2.4373445680643
2021-04-11,FR,2.19169536405349
2021-04-11,GB,3.06903777732595
2021-04-11,IE,7.11547818558891
2021-04-11,IT,4.20928184027212
2021-04-11,NL,2.57361104760217
2021-04-11,US,2.09331183205769
2021-04-12,AU,2.86665510478406
2021-04-12,CA,2.6702668200735
2021-04-12,DE,2.43104225652209
2021-04-12,FR,2.19610825559391
2021-04-12,GB,3.06714358454528
2021-04-12,IE,7.1301961037956
2021-04-12,IT,4.19569213072605
2021-04-12,NL,2.57730952603887
2021-04-12,US,2.0797150567796
2021-04-13,AU,2.87276142555997
2021-04-13,CA,2.67204875768159
2021-04-13,DE,2.42934137178709
2021-04-13,FR,2.19856781560598
2021-04-13,GB,3.05978284784579
2021-04-13,IE,7.12921720365424
2021-04-13,IT,4.16973355884622
2021-04-13,NL,2.58414926731417
2021-04-13,US,2.06620817404909
2021-04-14,AU,2.87451950097118
2021-04-14,CA,2.66900549031632
2021-04-14,DE,2.43618090128785
2021-04-14,FR,2.20266800979191
2021-04-14,GB,3.05224032333674
2021-04-14,IE,7.11985006619468
2021-04-14,IT,4.17201677060778
2021-04-14,NL,2.58283838123031
2021-04-14,US,2.0550212535598
2021-04-15,AU,2.88532415529683
2021-04-15,CA,2.6693502533861
2021-04-15,DE,2.44191743513331
2021-04-15,FR,2.20428099521036
2021-04-15,GB,3.04967945565561
2021-04-15,IE,7.10555917697434
2021-04-15,IT,4.17762824653546
2021-04-15,NL,2.59143531868084
2021-04-15,US,2.04638702279936
2021-04-16,AU,2.90292997785678
2021-04-16,CA,2.67307071336589
2021-04-16,DE,2.44070608689087
2021-04-16,FR,2.20882809592304
2021-04-16,GB,3.0521367723109
2021-04-16,IE,7.08525061938684
2021-04-16,IT,4.17768442230368
2021-04-16,NL,2.59850796722966
2021-04-16,US,2.04014568972304
2021-04-17,AU,2.90538212928043
2021-04-17,CA,2.67649610658104
2021-04-17,DE,2.44333222928186
2021-04-17,FR,2.21510663471253
2021-04-17,GB,3.06112557823371
2021-04-17,IE,7.06228368946194
2021-04-17,IT,4.16882542614571
2021-04-17,NL,2.60829163901358
2021-04-17,US,2.04023417397638
2021-04-18,AU,2.90035407318873
2021-04-18,CA,2.68100030536889
2021-04-18,DE,2.44666922238299
2021-04-18,FR,2.21725800216644
2021-04-18,GB,3.06070924628041
2021-04-18,IE,7.02532240908681
2021-04-18,IT,4.15323374097804
2021-04-18,NL,2.61729923783233
2021-04-18,US,2.03734146261192
2021-04-19,AU,2.89554062122782
2021-04-19,CA,2.68424571949734
2021-04-19,DE,2.44837433142371
2021-04-19,FR,2.22056526931203
2021-04-19,GB,3.0607330990666
2021-04-19,IE,6.99342723387912
2021-04-19,IT,4.13973138094048
2021-04-19,NL,2.62366556673468
2021-04-19,US,2.03510105957182
2021-04-20,AU,2.88836502439254
2021-04-20,CA,2.69023177332708
2021-04-20,DE,2.44675022123472
2021-04-20,FR,2.22330609367371
2021-04-20,GB,3.05483550829519
2021-04-20,IE,6.93203265320954
2021-04-20,IT,4.13031558118655
2021-04-20,NL,2.63111975665029
2021-04-20,US,2.0331978850414
2021-04-21,AU,2.91884810986476
2021-04-21,CA,2.69883852980667
2021-04-21,DE,2.44567068954886
2021-04-21,FR,2.22742578948915
2021-04-21,GB,3.0473663447568
2021-04-21,IE,6.85062411952862
2021-04-21,IT,4.11953233861589
2021-04-21,NL,2.6442271279505
2021-04-21,US,2.03268503092426
2021-04-22,AU,2.94686907275867
2021-04-22,CA,2.70319397919484
2021-04-22,DE,2.43659033198549
2021-04-22,FR,2.23445045491289
2021-04-22,GB,3.03389739163456
2021-04-22,IE,6.76182469750505
2021-04-22,IT,4.10798564598383
2021-04-22,NL,2.64626460718766
2021-04-22,US,2.0323797240125
2021-04-23,AU,2.96977036286039
2021-04-23,CA,2.70713416437069
2021-04-23,DE,2.4424827648182
2021-04-23,FR,2.2355217169554
2021-04-23,GB,3.01397047307399
2021-04-23,IE,6.6817122514647
2021-04-23,IT,4.09804241544384
2021-04-23,NL,2.64792627972632
2021-04-23,US,2.03129394560171
2021-04-24,AU,2.99856446752408
2021-04-24,CA,2.71294527296312
2021-04-24,DE,2.44117986826923
2021-04-24,FR,2.2367590071685
2021-04-24,GB,2.99238590601498
2021-04-24,IE,6.60549800880416
2021-04-24,IT,4.0898497336542
2021-04-24,NL,2.6437545382326
2021-04-24,US,2.03273275674022
2021-04-25,AU,3.0293878161771
2021-04-25,CA,2.71602628313714
2021-04-25,DE,2.43944080127514
2021-04-25,FR,2.23958210852948
2021-04-25,GB,2.9691530123447
2021-04-25,IE,6.53590485528626
2021-04-25,IT,4.07745559755145
2021-04-25,NL,2.64261207665462
2021-04-25,US,2.03374488722621
2021-04-26,AU,3.05752264721272
2021-04-26,CA,2.72103827326574
2021-04-26,DE,2.437428040157
2021-04-26,FR,2.24091782858388
2021-04-26,GB,2.94812448790759
2021-04-26,IE,6.46822510799014
2021-04-26,IT,4.06905850357279
2021-04-26,NL,2.63943366045308
2021-04-26,US,2.03484565995079
2021-04-27,AU,3.09308324368711
2021-04-27,CA,2.7256080294644
2021-04-27,DE,2.43564789316731
2021-04-27,FR,2.24418864121842
2021-04-27,GB,2.92844264275154
2021-04-27,IE,6.44002774981079
2021-04-27,IT,4.04841207007618
2021-04-27,NL,2.63472974730055
2021-04-27,US,2.03753081354388
2021-04-28,AU,3.10323092456679
2021-04-28,CA,2.73005036355821
2021-04-28,DE,2.42118446357387
2021-04-28,FR,2.24651311140487
2021-04-28,GB,2.90823110194942
2021-04-28,IE,6.43498729279251
2021-04-28,IT,4.03102111090191
2021-04-28,NL,2.63745841272961
2021-04-28,US,2.0400976082432
2021-04-29,AU,3.11671208249265
2021-04-29,CA,2.73995870252562
2021-04-29,DE,2.41526102233816
2021-04-29,FR,2.24519323792327
2021-04-29,GB,2.89124980754207
2021-04-29,IE,6.42872368858072
2021-04-29,IT,4.00672206456635
2021-04-29,NL,2.63905058851574
2021-04-29,US,2.0419417870178
2021-04-30,AU,3.11443663529822
2021-04-30,CA,2.74782517285893
2021-04-30,DE,2.40348110513329
2021-04-30,FR,2.24369166489727
2021-04-30,GB,2.87277230700018
2021-04-30,IE,6.42349860545821
2021-04-30,IT,3.97767595955688
2021-04-30,NL,2.63755789187441
2021-04-30,US,2.04329621234138
2021-05-01,AU,3.10339528246248
2021-05-01,CA,2.75180657937416
2021-05-01,DE,2.38875393928771
2021-05-01,FR,2.2399921087998
2021-05-01,GB,2.85402697456078
2021-05-01,IE,6.42128103386739
2021-05-01,IT,3.94511489078226
2021-05-01,NL,2.63750098513005
2021-05-01,US,2.04391109388671
2021-05-02,AU,3.09175640268445
2021-05-02,CA,2.76263059311178
2021-05-02,DE,2.375096014398
2021-05-02,FR,2.2358084101513
2021-05-02,GB,2.84331019639954
2021-05-02,IE,6.43200089031252
2021-05-02,IT,3.91473326741996
2021-05-02,NL,2.63528087153226
2021-05-02,US,2.04657442813067
2021-05-03,AU,3.0872548209534
2021-05-03,CA,2.77002972272529
2021-05-03,DE,2.36267454731969
2021-05-03,FR,2.23100772737951
2021-05-03,GB,2.82813350367543
2021-05-03,IE,6.42271229782653
2021-05-03,IT,3.88082953116995
2021-05-03,NL,2.63368928419238
2021-05-03,US,2.04887663399103
2021-05-04,AU,3.06915130171582
2021-05-04,CA,2.78125377017661
2021-05-04,DE,2.34821345101786
2021-05-04,FR,2.22431794504298
2021-05-04,GB,2.82263817721263
2021-05-04,IE,6.4171421667501
2021-05-04,IT,3.85665232877679
2021-05-04,NL,2.63729122673908
2021-05-04,US,2.05145263828652
2021-05-05,AU,3.04776601451523
2021-05-05,CA,2.79119316930062
2021-05-05,DE,2.34741694141962
2021-05-05,FR,2.21712581948289
2021-05-05,GB,2.82056665322708
2021-05-05,IE,6.39505657460834
2021-05-05,IT,3.83323250092385
2021-05-05,NL,2.63174406069541
2021-05-05,US,2.05196086213678
2021-05-06,AU,3.01897670806066
2021-05-06,CA,2.79774231437254
2021-05-06,DE,2.3463507278708
2021-05-06,FR,2.21072924321204
2021-05-06,GB,2.81819154152702
2021-05-06,IE,6.37354402651465
2021-05-06,IT,3.81016869450935
2021-05-06,NL,2.62180541594773
2021-05-06,US,2.05277776091765
2021-05-07,AU,3.01301287222547
2021-05-07,CA,2.80630675393871
2021-05-07,DE,2.34356121103294
2021-05-07,FR,2.20610196859763
2021-05-07,GB,2.81683710857054
2021-05-07,IE,6.34717661950799
2021-05-07,IT,3.79007262039655
2021-05-07,NL,2.61323588450914
2021-05-07,US,2.05925050734
2021-05-08,AU,3.0062872958114
2021-05-08,CA,2.8173649495288
2021-05-08,DE,2.34616453537331
2021-05-08,FR,2.1993811181525
2021-05-08,GB,2.8154364887703
2021-05-08,IE,6.31190992421984
2021-05-08,IT,3.78306381597902
2021-05-08,NL,2.6055106148384
2021-05-08,US,2.06232968173079
2021-05-09,AU,2.99417595892147
2021-05-09,CA,2.82179130651687
2021-05-09,DE,2.34690132404077
2021-05-09,FR,2.19531736931652
2021-05-09,GB,2.80772494439791
2021-05-09,IE,6.26182030614938
2021-05-09,IT,3.77645764280293
2021-05-09,NL,2.60069954939278
2021-05-09,US,2.06172350692972
2021-05-10,AU,2.97851773019919
2021-05-10,CA,2.83124991111511
2021-05-10,DE,2.34503919549837
2021-05-10,FR,2.19130861566471
2021-05-10,GB,2.80244442005372
2021-05-10,IE,6.23104517157152
2021-05-10,IT,3.77006303467021
2021-05-10,NL,2.5952237715093
2021-05-10,US,2.06207198426383
2021-05-11,AU,2.97060654508887
2021-05-11,CA,2.83724713564696
2021-05-11,DE,2.35060020394037
2021-05-11,FR,2.19232686853958
2021-05-11,GB,2.78962112614246
2021-05-11,IE,6.18361230007885
2021-05-11,IT,3.7650377049045
2021-05-11,NL,2.58083663906326
2021-05-11,US,2.06124777450858
2021-05-12,AU,2.96888321429101
2021-05-12,CA,2.8427069852399
2021-05-12,DE,2.36606869637116
2021-05-12,FR,2.19074061825247
2021-05-12,GB,2.77780379709299
2021-05-12,IE,6.1549747979462
2021-05-12,IT,3.7756884800282
2021-05-12,NL,2.57299542672578
2021-05-12,US,2.07081089451485
2021-05-13,AU,2.97405916718591
2021-05-13,CA,2.84607487581664
2021-05-13,DE,2.38377836584
2021-05-13,FR,2.18795319061267
2021-05-13,GB,2.76865764435068
2021-05-13,IE,6.1414772190729
2021-05-13,IT,3.7858574049699
2021-05-13,NL,2.56771550630316
2021-05-13,US,2.08050810108377
2021-05-14,AU,2.97956114334006
2021-05-14,CA,2.8478812041906
2021-05-14,DE,2.40487740600088
2021-05-14,FR,2.18856941769286
2021-05-14,GB,2.76163069557229
2021-05-14,IE,6.14146941096486
2021-05-14,IT,3.79689249221212
2021-05-14,NL,2.57021843428369
2021-05-14,US,2.08677805659315
2021-05-15,AU,2.98467866301452
2021-05-15,CA,2.84690047685006
2021-05-15,DE,2.42246731312934
2021-05-15,FR,2.19104825461398
2021-05-15,GB,2.75413484956004
2021-05-15,IE,6.1446176666917
2021-05-15,IT,3.79756725890027
2021-05-15,NL,2.56960765337741
2021-05-15,US,2.09493366164632
2021-05-16,AU,2.99322119718286
2021-05-16,CA,2.85007421120833
2021-05-16,DE,2.44020611998977
2021-05-16,FR,2.19038965679047
2021-05-16,GB,2.7439954484636
2021-05-16,IE,6.15629424182658
2021-05-16,IT,3.79881807662383
2021-05-16,NL,2.56559667731875
2021-05-16,US,2.10621796464567
2021-05-17,AU,3.00489776171774
2021-05-17,CA,2.85165537110951
2021-05-17,DE,2.45453479853829
2021-05-17,FR,2.19142290099579
2021-05-17,GB,2.73749478866048
2021-05-17,IE,6.17190920826801
2021-05-17,IT,3.80315517639918
2021-05-17,NL,2.56336892588959
2021-05-17,US,2.11799979801834
2021-05-18,AU,3.01504141621983
2021-05-18,CA,2.85082795505144
2021-05-18,DE,2.46903223283384
2021-05-18,FR,2.18676812493195
2021-05-18,GB,2.7272356916635
2021-05-18,IE,6.18927231995163
2021-05-18,IT,3.80315087843122
2021-05-18,NL,2.56535343397193
2021-05-18,US,2.12715821935546
2021-05-19,AU,3.01058801303613
2021-05-19,CA,2.85049958534932
2021-05-19,DE,2.47070521639503
2021-05-19,FR,2.18234802141922
2021-05-19,GB,2.70958751146443
2021-05-19,IE,6.18147064521243
2021-05-19,IT,3.78575214050456
2021-05-19,NL,2.56011250348857
2021-05-19,US,2.1266410040232
2021-05-20,AU,3.00900287062284
2021-05-20,CA,2.85109393379571
2021-05-20,DE,2.4718170461791
2021-05-20,FR,2.17726243638462
2021-05-20,GB,2.69201098414234
2021-05-20,IE,6.16920486838293
2021-05-20,IT,3.77236983284075
2021-05-20,NL,2.55498054524043
2021-05-20,US,2.12876174707894
2021-05-21,AU,3.01393353638766
2021-05-21,CA,2.85286112028549
2021-05-21,DE,2.47256919341828
2021-05-21,FR,2.16748906872008
2021-05-21,GB,2.67833179495337
2021-05-21,IE,6.14438031309493
2021-05-21,IT,3.76319399963675
2021-05-21,NL,2.54796860451366
2021-05-21,US,2.13030085334306
2021-05-22,AU,3.02158949796121
2021-05-22,CA,2.85243527505674
2021-05-22,DE,2.47178862773617
2021-05-22,FR,2.15632686026935
2021-05-22,GB,2.65685173406136
2021-05-22,IE,6.11167311303591
2021-05-22,IT,3.73822772482731
2021-05-22,NL,2.54453352668783
2021-05-22,US,2.12658733506645
2021-05-23,AU,3.03817561376471
2021-05-23,CA,2.85118327745837
2021-05-23,DE,2.46922268795367
2021-05-23,FR,2.14816263642487
2021-05-23,GB,2.64735038810127
2021-05-23,IE,6.0880491175898
2021-05-23,IT,3.71228575433446
2021-05-23,NL,2.54315724597238
2021-05-23,US,2.12653753797286
2021-05-24,AU,3.05220021356736
2021-05-24,CA,2.85061306749399
2021-05-24,DE,2.47774415621445
2021-05-24,FR,2.13624777749419
2021-05-24,GB,2.63642646948967
2021-05-24,IE,6.05829108081636
2021-05-24,IT,3.68347181917131
2021-05-24,NL,2.54075602511335
2021-05-24,US,2.1260389921522
2021-05-25,AU,3.06568271633052
2021-05-25,CA,2.8507237957216
2021-05-25,DE,2.47441937475529
2021-05-25,FR,2.12818269926946
2021-05-25,GB,2.63467316223812
2021-05-25,IE,6.03348707975192
2021-05-25,IT,3.65068500388467
2021-05-25,NL,2.53757318626403
2021-05-25,US,2.12591805112865
2021-05-26,AU,3.08675064030714
2021-05-26,CA,2.84761373921524
2021-05-26,DE,2.47144178397553
2021-05-26,FR,2.12052108450304
2021-05-26,GB,2.63239474862553
2021-05-26,IE,6.01999613028217
2021-05-26,IT,3.61834432234928
2021-05-26,NL,2.53168807759714
2021-05-26,US,2.12330204356317
2021-05-27,AU,3.09492606864619
2021-05-27,CA,2.84443028008577
2021-05-27,DE,2.46623824457874
2021-05-27,FR,2.11644009041432
2021-05-27,GB,2.6372683934946
2021-05-27,IE,6.01146754996121
2021-05-27,IT,3.59122514411986
2021-05-27,NL,2.53445868140981
2021-05-27,US,2.11778393785291
2021-05-28,AU,3.09983418224576
2021-05-28,CA,2.84186183980844
2021-05-28,DE,2.45682107171435
2021-05-28,FR,2.11688800506803
2021-05-28,GB,2.64019201036432
2021-05-28,IE,6.01102823918083
2021-05-28,IT,3.57074214573865
2021-05-28,NL,2.53288062358494
2021-05-28,US,2.11281165974093
2021-05-29,AU,3.09990031822836
2021-05-29,CA,2.84125586710506
2021-05-29,DE,2.4484885323841
2021-05-29,FR,2.11575468414167
2021-05-29,GB,2.65385581025635
2021-05-29,IE,6.01838026340185
2021-05-29,IT,3.57038231565693
2021-05-29,NL,2.52976808253356
2021-05-29,US,2.1150789101049
2021-05-30,AU,3.09159581746138
2021-05-30,CA,2.83751926523859
2021-05-30,DE,2.4419684431421
2021-05-30,FR,2.11333195135191
2021-05-30,GB,2.65807966722768
2021-05-30,IE,6.01815705456053
2021-05-30,IT,3.57002111044489
2021-05-30,NL,2.52621966173862
2021-05-30,US,2.11309340323594
2021-05-31,AU,3.08168628751078
2021-05-31,CA,2.83382697937724
2021-05-31,DE,2.4310050422329
2021-05-31,FR,2.11196462046578
2021-05-31,GB,2.66061165452098
2021-05-31,IE,6.01459812650361
2021-05-31,IT,3.56859678886482
2021-05-31,NL,2.52245454059921
2021-05-31,US,2.11096231215298
2021-06-01,AU,3.07652242906962
2021-06-01,CA,2.83106226201202
2021-06-01,DE,2.42228740494871
2021-06-01,FR,2.10967685786081
2021-06-01,GB,2.66730705525256
2021-06-01,IE,6.0175792879017
2021-06-01,IT,3.57597305066395
2021-06-01,NL,2.52125945255958
2021-06-01,US,2.10762882103018
2021-06-02,AU,3.07241245009767
2021-06-02,CA,2.83183229060313
2021-06-02,DE,2.4183277045156
2021-06-02,FR,2.11086433879102
2021-06-02,GB,2.67777672104865
2021-06-02,IE,6.01974605406499
2021-06-02,IT,3.58119781953198
2021-06-02,NL,2.52632882705094
2021-06-02,US,2.11394878152691
2021-06-03,AU,3.07620506033981
2021-06-03,CA,2.82867675077949
2021-06-03,DE,2.41661379021262
2021-06-03,FR,2.10837182715424
2021-06-03,GB,2.68010831061789
2021-06-03,IE,6.03016084499353
2021-06-03,IT,3.58486492228712
2021-06-03,NL,2.52029467625947
2021-06-03,US,2.11887341371291
2021-06-04,AU,3.07229845867993
2021-06-04,CA,2.82286783781524
2021-06-04,DE,2.41682569495611
2021-06-04,FR,2.10429047621584
2021-06-04,GB,2.67845605493275
2021-06-04,IE,6.03039906038207
2021-06-04,IT,3.58275944138597
2021-06-04,NL,2.51529756346144
2021-06-04,US,2.13073657434193
2021-06-05,AU,3.07318880328026
2021-06-05,CA,2.8177249209971
2021-06-05,DE,2.41919762558467
2021-06-05,FR,2.10075087806062
2021-06-05,GB,2.67338690836245
2021-06-05,IE,6.03996453480537
2021-06-05,IT,3.57688394836977
2021-06-05,NL,2.50832807262444
2021-06-05,US,2.13978872459243
2021-06-06,AU,3.07681773260361
2021-06-06,CA,2.81546319685474
2021-06-06,DE,2.42206753989608
2021-06-06,FR,2.09858131469963
2021-06-06,GB,2.66825372678432
2021-06-06,IE,6.04581567732444
2021-06-06,IT,3.57373694430963
2021-06-06,NL,2.50200663478934
2021-06-06,US,2.14908885460909
2021-06-07,AU,3.08002093416962
2021-06-07,CA,2.81354614335866
2021-06-07,DE,2.42514383208001
2021-06-07,FR,2.09788877336072
2021-06-07,GB,2.66560702997968
2021-06-07,IE,6.0418223784089
2021-06-07,IT,3.57564705105142
2021-06-07,NL,2.4955314431285
2021-06-07,US,2.161372011271
2021-06-08,AU,3.08057225908377
2021-06-08,CA,2.80838521103436
2021-06-08,DE,2.4245705638401
2021-06-08,FR,2.09536241677041
2021-06-08,GB,2.65849900705872
2021-06-08,IE,6.05240878640958
2021-06-08,IT,3.57109463224111
2021-06-08,NL,2.48997171549037
2021-06-08,US,2.16670793633888
2021-06-09,AU,3.08785456019873
2021-06-09,CA,2.80330384520165
2021-06-09,DE,2.42419569844394
2021-06-09,FR,2.09208255600193
2021-06-09,GB,2.65402690062266
2021-06-09,IE,6.05774679915576
2021-06-09,IT,3.57163820113642
2021-06-09,NL,2.48217869190815
2021-06-09,US,2.17312375791031
2021-06-10,AU,3.10216000981334
2021-06-10,CA,2.79938126661172
2021-06-10,DE,2.42491214909534
2021-06-10,FR,2.08976490952511
2021-06-10,GB,2.64837781056197
2021-06-10,IE,6.05055688445207
2021-06-10,IT,3.56514885223134
2021-06-10,NL,2.47860821637774
2021-06-10,US,2.18018933074409
2021-06-11,AU,3.11811231063407
2021-06-11,CA,2.7959602346078
2021-06-11,DE,2.42379659713274
2021-06-11,FR,2.08499675917351
2021-06-11,GB,2.649442931566
2021-06-11,IE,6.03869938052903
2021-06-11,IT,3.56613888273931
2021-06-11,NL,2.47140380790668
2021-06-11,US,2.1799422750414
2021-06-12,AU,3.13015850373079
2021-06-12,CA,2.78857553518861
2021-06-12,DE,2.42061960162694
2021-06-12,FR,2.08157448793927
2021-06-12,GB,2.65178426349317
2021-06-12,IE,6.02257134260134
2021-06-12,IT,3.58263822183174
2021-06-12,NL,2.46693553779678
2021-06-12,US,2.17983341580256
2021-06-13,AU,3.1432435575564
2021-06-13,CA,2.78140278868281
2021-06-13,DE,2.41936051824272
2021-06-13,FR,2.07801663906783
2021-06-13,GB,2.65826945259492
2021-06-13,IE,6.00662048449685
2021-06-13,IT,3.59880506650597
2021-06-13,NL,2.46444440095807
2021-06-13,US,2.18145952291966
2021-06-14,AU,3.15568996940596
2021-06-14,CA,2.77180871477257
2021-06-14,DE,2.41545408433401
2021-06-14,FR,2.07554372071056
2021-06-14,GB,2.66200693116556
2021-06-14,IE,6.01036914667687
2021-06-14,IT,3.61071096554458
2021-06-14,NL,2.46019985603557
2021-06-14,US,2.18015546824946
2021-06-15,AU,3.17485315042988
2021-06-15,CA,2.76559981285337
2021-06-15,DE,2.41683976979215
2021-06-15,FR,2.07226666562264
2021-06-15,GB,2.66379775671935
2021-06-15,IE,5.97957462467148
2021-06-15,IT,3.62708198067209
2021-06-15,NL,2.45742594602247
2021-06-15,US,2.18820636562311
2021-06-16,AU,3.18488377593511
2021-06-16,CA,2.76018771342316
2021-06-16,DE,2.4176940708086
2021-06-16,FR,2.06636714790632
2021-06-16,GB,2.66704403934233
2021-06-16,IE,5.9589963779512
2021-06-16,IT,3.63015337974824
2021-06-16,NL,2.45387669435784
2021-06-16,US,2.18995326434489
2021-06-17,AU,3.18637065599077
2021-06-17,CA,2.75748164170897
2021-06-17,DE,2.4144850982726
2021-06-17,FR,2.06095037387944
2021-06-17,GB,2.67297588430758
2021-06-17,IE,5.93298386946951
2021-06-17,IT,3.63555581521591
2021-06-17,NL,2.44797172468202
2021-06-17,US,2.19315432007709
2021-06-18,AU,3.18669424269651
2021-06-18,CA,2.75409880843634
2021-06-18,DE,2.41489019224094
2021-06-18,FR,2.05522948706114
2021-06-18,GB,2.67726924527185
2021-06-18,IE,5.91919770663674
2021-06-18,IT,3.63456075478274
2021-06-18,NL,2.44387677457077
2021-06-18,US,2.19228704224769
2021-06-19,AU,3.19288079163862
2021-06-19,CA,2.7549695906706
2021-06-19,DE,2.41561315773285
2021-06-19,FR,2.05017588311033
2021-06-19,GB,2.6867679219388
2021-06-19,IE,5.90798318371034
2021-06-19,IT,3.62229810562955
2021-06-19,NL,2.44194769696238
2021-06-19,US,2.19243943563322
2021-06-20,AU,3.19743909249609
2021-06-20,CA,2.75566145220866
2021-06-20,DE,2.41386631074587
2021-06-20,FR,2.04478298470706
2021-06-20,GB,2.69159123225457
2021-06-20,IE,5.89870931546001
2021-06-20,IT,3.61000518801406
2021-06-20,NL,2.4382008472141
2021-06-20,US,2.18851714382002
2021-06-21,AU,3.20497990885986
2021-06-21,CA,2.7581181087731
2021-06-21,DE,2.41474065634453
2021-06-21,FR,2.03767688037094
2021-06-21,GB,2.69759222263811
2021-06-21,IE,5.87865096730714
2021-06-21,IT,3.59806993946385
2021-06-21,NL,2.43561230333305
2021-06-21,US,2.18506543190704
2021-06-22,AU,3.20207970179365
2021-06-22,CA,2.75427227339509
2021-06-22,DE,2.41758262227096
2021-06-22,FR,2.03200999531957
2021-06-22,GB,2.70498011523684
2021-06-22,IE,5.86496805186112
2021-06-22,IT,3.59212121049321
2021-06-22,NL,2.43238700512279
2021-06-22,US,2.18205642670869
2021-06-23,AU,3.21101719081617
2021-06-23,CA,2.75017901547759
2021-06-23,DE,2.41769403971525
2021-06-23,FR,2.02897373478239
2021-06-23,GB,2.70848349932037
2021-06-23,IE,5.84977341016979
2021-06-23,IT,3.59118145174586
2021-06-23,NL,2.43210645228966
2021-06-23,US,2.17919300444861
2021-06-24,AU,3.21530094241306
2021-06-24,CA,2.74460570737884
2021-06-24,DE,2.42005514109936
2021-06-24,FR,2.02504550749345
2021-06-24,GB,2.71153445335602
2021-06-24,IE,5.8410667498443
2021-06-24,IT,3.59404303083291
2021-06-24,NL,2.42901778454874
2021-06-24,US,2.17337549306196
2021-06-25,AU,3.22249917902029
2021-06-25,CA,2.74065448792166
2021-06-25,DE,2.42177968094367
2021-06-25,FR,2.02018684349545
2021-06-25,GB,2.71618759725754
2021-06-25,IE,5.82374483411856
2021-06-25,IT,3.6003702852403
2021-06-25,NL,2.43125912242534
2021-06-25,US,2.16900744660176
2021-06-26,AU,3.23164408698361
2021-06-26,CA,2.7401548643596
2021-06-26,DE,2.4218742409903
2021-06-26,FR,2.01351644122862
2021-06-26,GB,2.71244184942939
2021-06-26,IE,5.81631023613237
2021-06-26,IT,3.5955215898405
2021-06-26,NL,2.42834772999598
2021-06-26,US,2.17476966773885
2021-06-27,AU,3.24014549133909
2021-06-27,CA,2.73792235535659
2021-06-27,DE,2.42091380049962
2021-06-27,FR,2.00762570136199
2021-06-27,GB,2.70863825342049
2021-06-27,IE,5.79844394221546
2021-06-27,IT,3.59017219039353
2021-06-27,NL,2.42728497984884
2021-06-27,US,2.18203121322083
2021-06-28,AU,3.24582425899193
2021-06-28,CA,2.73589362681493
2021-06-28,DE,2.42083738812165
2021-06-28,FR,2.00185394010204
2021-06-28,GB,2.70571821486637
2021-06-28,IE,5.78627426623519
2021-06-28,IT,3.58269213917572
2021-06-28,NL,2.42783802914731
2021-06-28,US,2.18771325249193
2021-06-29,AU,3.25704568501912
2021-06-29,CA,2.73960954884424
2021-06-29,DE,2.41918142627126
2021-06-29,FR,1.99744963639131
2021-06-29,GB,2.69996648471395
2021-06-29,IE,5.77866689651967
2021-06-29,IT,3.56226289943088
2021-06-29,NL,2.42923247784296
2021-06-29,US,2.19361866318586
2021-06-30,AU,3.26573105115697
2021-06-30,CA,2.74179096053201
2021-06-30,DE,2.41947547087781
2021-06-30,FR,1.99153142170339
2021-06-30,GB,2.70623827493262
2021-06-30,IE,5.77766426403947
2021-06-30,IT,3.54593443150204
2021-06-30,NL,2.42757584984101
2021-06-30,US,2.19728469125254
2021-07-01,AU,3.28259126507315
2021-07-01,CA,2.74852143771091
2021-07-01,DE,2.41713265703212
2021-07-01,FR,1.98731397769571
2021-07-01,GB,2.71364114099387
2021-07-01,IE,5.77625195636508
2021-07-01,IT,3.52543721923811
2021-07-01,NL,2.42478282753732
2021-07-01,US,2.202755047954
2021-07-02,AU,3.29881393509675
2021-07-02,CA,2.75809130665564
2021-07-02,DE,2.41650399017678
2021-07-02,FR,1.98740452088873
2021-07-02,GB,2.71407260359934
2021-07-02,IE,5.78646956365
2021-07-02,IT,3.48661699533585
2021-07-02,NL,2.41526632990836
2021-07-02,US,2.21023748181654
2021-07-03,AU,3.31342057420001
2021-07-03,CA,2.76543168106924
2021-07-03,DE,2.41477845023895
2021-07-03,FR,1.98835948725179
2021-07-03,GB,2.71978283922353
2021-07-03,IE,5.77705125460596
2021-07-03,IT,3.4585092003861
2021-07-03,NL,2.40999217505334
2021-07-03,US,2.20932421778542
2021-07-04,AU,3.32766148935151
2021-07-04,CA,2.77412257664025
2021-07-04,DE,2.41494484605127
2021-07-04,FR,1.98565233055185
2021-07-04,GB,2.72787347147561
2021-07-04,IE,5.77355723790863
2021-07-04,IT,3.42958843871698
2021-07-04,NL,2.39906021420115
2021-07-04,US,2.20841790572153
2021-07-05,AU,3.34819266031405
2021-07-05,CA,2.78261620613299
2021-07-05,DE,2.41492696633881
2021-07-05,FR,1.98832124035336
2021-07-05,GB,2.73511665730949
2021-07-05,IE,5.77537983390723
2021-07-05,IT,3.40298298517404
2021-07-05,NL,2.39146417498347
2021-07-05,US,2.20781277921761
2021-07-06,AU,3.36553375307787
2021-07-06,CA,2.78803021571888
2021-07-06,DE,2.41473985623321
2021-07-06,FR,1.99037809681907
2021-07-06,GB,2.74324939436673
2021-07-06,IE,5.78717332871141
2021-07-06,IT,3.3820935061099
2021-07-06,NL,2.38168991663435
2021-07-06,US,2.20856914851652
2021-07-07,AU,3.37058150905197
2021-07-07,CA,2.79335895153859
2021-07-07,DE,2.41289501689166
2021-07-07,FR,1.99588944913308
2021-07-07,GB,2.7420769617191
2021-07-07,IE,5.79300490139474
2021-07-07,IT,3.3960503694693
2021-07-07,NL,2.37145594244236
2021-07-07,US,2.21243061260506
2021-07-08,AU,3.3780993294526
2021-07-08,CA,2.79428636842578
2021-07-08,DE,2.41152774704897
2021-07-08,FR,2.00328972938812
2021-07-08,GB,2.73785474779792
2021-07-08,IE,5.79658495890972
2021-07-08,IT,3.41244273867155
2021-07-08,NL,2.36758704530823
2021-07-08,US,2.21330123606473
2021-07-09,AU,3.38420944890493
2021-07-09,CA,2.79145081250901
2021-07-09,DE,2.40824684771491
2021-07-09,FR,2.01012998763878
2021-07-09,GB,2.73727687747658
2021-07-09,IE,5.78557080030354
2021-07-09,IT,3.47461442269486
2021-07-09,NL,2.36568577711021
2021-07-09,US,2.21407758407965
2021-07-10,AU,3.38768487023982
2021-07-10,CA,2.78536325612768
2021-07-10,DE,2.40888731663993
2021-07-10,FR,2.01351210269358
2021-07-10,GB,2.73196104403023
2021-07-10,IE,5.78905370530273
2021-07-10,IT,3.53378257640341
2021-07-10,NL,2.36298680346578
2021-07-10,US,2.21465467217882
2021-07-11,AU,3.38965688974612
2021-07-11,CA,2.77986671914754
2021-07-11,DE,2.4084282163246
2021-07-11,FR,2.02231481922569
2021-07-11,GB,2.72718348053636
2021-07-11,IE,5.79353849215021
2021-07-11,IT,3.5909746903383
2021-07-11,NL,2.36209695042977
2021-07-11,US,2.2155902592751
2021-07-12,AU,3.39162754601131
2021-07-12,CA,2.77394179181308
2021-07-12,DE,2.40640812796879
2021-07-12,FR,2.02542101450562
2021-07-12,GB,2.72217336972025
2021-07-12,IE,5.79102640440491
2021-07-12,IT,3.65097763913233
2021-07-12,NL,2.36368287037169
2021-07-12,US,2.21666602173872
2021-07-13,AU,3.39429117988682
2021-07-13,CA,2.76744100772371
2021-07-13,DE,2.40473415429977
2021-07-13,FR,2.02757151118146
2021-07-13,GB,2.71577733634656
2021-07-13,IE,5.78247888527462
2021-07-13,IT,3.71553097673174
2021-07-13,NL,2.36609823109917
2021-07-13,US,2.21643284816334
2021-07-14,AU,3.40527077767541
2021-07-14,CA,2.7613062322325
2021-07-14,DE,2.40465595779066
2021-07-14,FR,2.02621760853989
2021-07-14,GB,2.70909544967119
2021-07-14,IE,5.76803778443307
2021-07-14,IT,3.74086528300168
2021-07-14,NL,2.3731160100526
2021-07-14,US,2.21623114600259
2021-07-15,AU,3.41141476624461
2021-07-15,CA,2.75560161851568
2021-07-15,DE,2.40570461439113
2021-07-15,FR,2.02476412807828
2021-07-15,GB,2.70316402740343
2021-07-15,IE,5.75798649934582
2021-07-15,IT,3.7734433051243
2021-07-15,NL,2.378790663649
2021-07-15,US,2.21737641722502
2021-07-16,AU,3.40829112098551
2021-07-16,CA,2.74908739964393
2021-07-16,DE,2.40777899226714
2021-07-16,FR,2.02475436655977
2021-07-16,GB,2.69818742705694
2021-07-16,IE,5.73820279618341
2021-07-16,IT,3.77728776108936
2021-07-16,NL,2.38260566170402
2021-07-16,US,2.21842998383785
2021-07-17,AU,3.40379370466981
2021-07-17,CA,2.73861928348626
2021-07-17,DE,2.40676266234202
2021-07-17,FR,2.0226759701527
2021-07-17,GB,2.69079181743316
2021-07-17,IE,5.70310757363519
2021-07-17,IT,3.7766555052928
2021-07-17,NL,2.38733093627325
2021-07-17,US,2.21508360212895
2021-07-18,AU,3.40195930314141
2021-07-18,CA,2.73112870752988
2021-07-18,DE,2.40716334928536
2021-07-18,FR,2.02201035197409
2021-07-18,GB,2.68323818312904
2021-07-18,IE,5.67231130076964
2021-07-18,IT,3.77874393103502
2021-07-18,NL,2.39188765100795
2021-07-18,US,2.21372236706045
2021-07-19,AU,3.410812158827
2021-07-19,CA,2.72019710746737
2021-07-19,DE,2.4078679143156
2021-07-19,FR,2.0229013619305
2021-07-19,GB,2.67567817817479
2021-07-19,IE,5.64013452270261
2021-07-19,IT,3.77417216742816
2021-07-19,NL,2.39263558118829
2021-07-19,US,2.21243250589458
2021-07-20,AU,3.42257615270586
2021-07-20,CA,2.71211392303562
2021-07-20,DE,2.40936233211296
2021-07-20,FR,2.02340328058169
2021-07-20,GB,2.66881007811791
2021-07-20,IE,5.6071088882094
2021-07-20,IT,3.7717833974688
2021-07-20,NL,2.39372296156091
2021-07-20,US,2.21156800511897
2021-07-21,AU,3.43093888982686
2021-07-21,CA,2.7016913792706
2021-07-21,DE,2.40985587912885
2021-07-21,FR,2.02690916873667
2021-07-21,GB,2.6607896194248
2021-07-21,IE,5.58369771597941
2021-07-21,IT,3.77351632196422
2021-07-21,NL,2.39154691606271
2021-07-21,US,2.21316447799044
2021-07-22,AU,3.43689134760829
2021-07-22,CA,2.69500977490061
2021-07-22,DE,2.41045530032218
2021-07-22,FR,2.02833391273991
2021-07-22,GB,2.6553107891043
2021-07-22,IE,5.55950627495339
2021-07-22,IT,3.77451797573366
2021-07-22,NL,2.3922051805833
2021-07-22,US,2.21967641714303
2021-07-23,AU,3.44580739322491
2021-07-23,CA,2.68994794588442
2021-07-23,DE,2.40714156141522
2021-07-23,FR,2.02680603337656
2021-07-23,GB,2.64834281591177
2021-07-23,IE,5.55434706661233
2021-07-23,IT,3.78697343537436
2021-07-23,NL,2.39689446392025
2021-07-23,US,2.22943715177654
2021-07-24,AU,3.45480249463186
2021-07-24,CA,2.6899719951473
2021-07-24,DE,2.40581978495303
2021-07-24,FR,2.02624205434811
2021-07-24,GB,2.64806591163442
2021-07-24,IE,5.54480233973548
2021-07-24,IT,3.80828840717305
2021-07-24,NL,2.3976920944269
2021-07-24,US,2.2426990995361
2021-07-25,AU,3.46212678120144
2021-07-25,CA,2.68568729112233
2021-07-25,DE,2.40557893073145
2021-07-25,FR,2.02594821476337
2021-07-25,GB,2.64418197905875
2021-07-25,IE,5.53635931284296
2021-07-25,IT,3.82889581001105
2021-07-25,NL,2.40135183848648
2021-07-25,US,2.25494238542929
2021-07-26,AU,3.44760387936653
2021-07-26,CA,2.68154259880555
2021-07-26,DE,2.40412062498486
2021-07-26,FR,2.02587783870069
2021-07-26,GB,2.63997802561907
2021-07-26,IE,5.5313561191305
2021-07-26,IT,3.85943154514474
2021-07-26,NL,2.40450530464659
2021-07-26,US,2.2680046987247
2021-07-27,AU,3.43421243784071
2021-07-27,CA,2.67703259270707
2021-07-27,DE,2.40382322975422
2021-07-27,FR,2.02747379975607
2021-07-27,GB,2.63500490630156
2021-07-27,IE,5.51445468704723
2021-07-27,IT,3.89556796623766
2021-07-27,NL,2.40832093684997
2021-07-27,US,2.28123838216898
2021-07-28,AU,3.42089907442003
2021-07-28,CA,2.67446287705027
2021-07-28,DE,2.4036590822165
2021-07-28,FR,2.027152510784
2021-07-28,GB,2.63260240591501
2021-07-28,IE,5.49774362391248
2021-07-28,IT,3.93033014544647
2021-07-28,NL,2.40905059809712
2021-07-28,US,2.29300841597121
2021-07-29,AU,3.41347015279086
2021-07-29,CA,2.66864878161882
2021-07-29,DE,2.40548420174557
2021-07-29,FR,2.02769884338435
2021-07-29,GB,2.63059306423079
2021-07-29,IE,5.48274928468159
2021-07-29,IT,3.96440598107053
2021-07-29,NL,2.41298136227419
2021-07-29,US,2.30293716974263
2021-07-30,AU,3.40680401889157
2021-07-30,CA,2.66451424027822
2021-07-30,DE,2.41127988606223
2021-07-30,FR,2.02719784451804
2021-07-30,GB,2.6255441328387
2021-07-30,IE,5.45249973196993
2021-07-30,IT,3.97991402971021
2021-07-30,NL,2.41580270648954
2021-07-30,US,2.30936677951029
2021-07-31,AU,3.4094980995001
2021-07-31,CA,2.66524008162023
2021-07-31,DE,2.4179800645938
2021-07-31,FR,2.02982062465438
2021-07-31,GB,2.62346304903384
2021-07-31,IE,5.44067879144955
2021-07-31,IT,4.0087282137762
2021-07-31,NL,2.42302479690355
2021-07-31,US,2.3156401733087
2021-08-01,AU,3.41072298822295
2021-08-01,CA,2.66017630194257
2021-08-01,DE,2.42228724794038
2021-08-01,FR,2.0277644129783
2021-08-01,GB,2.62280571776211
2021-08-01,IE,5.41814759237556
2021-08-01,IT,4.03072107726083
2021-08-01,NL,2.42550553033558
2021-08-01,US,2.31943897712011
2021-08-02,AU,3.42214407470611
2021-08-02,CA,2.66022491320365
2021-08-02,DE,2.42891049266821
2021-08-02,FR,2.02757058843482
2021-08-02,GB,2.62274098440664
2021-08-02,IE,5.39332199698424
2021-08-02,IT,4.04574824972038
2021-08-02,NL,2.42683920271192
2021-08-02,US,2.32257481715581
2021-08-03,AU,3.42294379264102
2021-08-03,CA,2.66143648290845
2021-08-03,DE,2.43357016014557
2021-08-03,FR,2.02828917612255
2021-08-03,GB,2.6223475132976
2021-08-03,IE,5.39890256957896
2021-08-03,IT,4.05568088678773
2021-08-03,NL,2.42929630348612
2021-08-03,US,2.32765446208173
2021-08-04,AU,3.42503486416491
2021-08-04,CA,2.65939773044088
2021-08-04,DE,2.44370211537932
2021-08-04,FR,2.02796194158337
2021-08-04,GB,2.61923705955995
2021-08-04,IE,5.39427609633531
2021-08-04,IT,4.05458015587899
2021-08-04,NL,2.43890822380038
2021-08-04,US,2.32992663395555
2021-08-05,AU,3.42730926428645
2021-08-05,CA,2.6587098128414
2021-08-05,DE,2.45088611409358
2021-08-05,FR,2.02624887781502
2021-08-05,GB,2.61352202050078
2021-08-05,IE,5.38110226457544
2021-08-05,IT,4.05358778472155
2021-08-05,NL,2.44080054233962
2021-08-05,US,2.32966351843458
2021-08-06,AU,3.4316104140157
2021-08-06,CA,2.65430720766838
2021-08-06,DE,2.45629559116906
2021-08-06,FR,2.02812573055494
2021-08-06,GB,2.61016954763777
2021-08-06,IE,5.36712338865264
2021-08-06,IT,4.05944764771583
2021-08-06,NL,2.43593526637342
2021-08-06,US,2.32673690626432
2021-08-07,AU,3.4251400554769
2021-08-07,CA,2.64651865345715
2021-08-07,DE,2.45956237317258
2021-08-07,FR,2.02672536391119
2021-08-07,GB,2.6004771829814
2021-08-07,IE,5.32359373672531
2021-08-07,IT,4.05347097831869
2021-08-07,NL,2.4319764281219
2021-08-07,US,2.31787047837067
2021-08-08,AU,3.42264822472922
2021-08-08,CA,2.64785374930747
2021-08-08,DE,2.46522074418937
2021-08-08,FR,2.02979209071782
2021-08-08,GB,2.5962388433388
2021-08-08,IE,5.29500974392829
2021-08-08,IT,4.05795918783133
2021-08-08,NL,2.43091762292346
2021-08-08,US,2.31774594979191
2021-08-09,AU,3.42383637048055
2021-08-09,CA,2.64702842344113
2021-08-09,DE,2.46976292466259
2021-08-09,FR,2.03368996255003
2021-08-09,GB,2.58999066482329
2021-08-09,IE,5.26727825242779
2021-08-09,IT,4.06331882330936
2021-08-09,NL,2.43056206383724
2021-08-09,US,2.3174388961301
2021-08-10,AU,3.43766989475474
2021-08-10,CA,2.64688486961952
2021-08-10,DE,2.47492884369836
2021-08-10,FR,2.03466207011242
2021-08-10,GB,2.58302044172447
2021-08-10,IE,5.21751854609887
2021-08-10,IT,4.06201755682971
2021-08-10,NL,2.42869016398216
2021-08-10,US,2.3153349969829
2021-08-11,AU,3.45299789548111
2021-08-11,CA,2.65043407091369
2021-08-11,DE,2.47571235329335
2021-08-11,FR,2.03704338489679
2021-08-11,GB,2.57901733863875
2021-08-11,IE,5.18079317708348
2021-08-11,IT,4.0797060463162
2021-08-11,NL,2.42136171138159
2021-08-11,US,2.31642406750548
2021-08-12,AU,3.4693863981638
2021-08-12,CA,2.65338487510275
2021-08-12,DE,2.47692235928583
2021-08-12,FR,2.04172871055492
2021-08-12,GB,2.57526183702249
2021-08-12,IE,5.14666178644412
2021-08-12,IT,4.08993669477092
2021-08-12,NL,2.41495942627276
2021-08-12,US,2.32031942819259
2021-08-13,AU,3.49147319889317
2021-08-13,CA,2.65577409400588
2021-08-13,DE,2.48133534044574
2021-08-13,FR,2.04445756741663
2021-08-13,GB,2.57058141661873
2021-08-13,IE,5.12774077971779
2021-08-13,IT,4.09592597156863
2021-08-13,NL,2.4171062477219
2021-08-13,US,2.32732769823125
2021-08-14,AU,3.53253362623591
2021-08-14,CA,2.66459042097507
2021-08-14,DE,2.48668631665463
2021-08-14,FR,2.04914745662911
2021-08-14,GB,2.57365649162211
2021-08-14,IE,5.13475697294793
2021-08-14,IT,4.10485574284044
2021-08-14,NL,2.41925504475994
2021-08-14,US,2.34303510024572
2021-08-15,AU,3.56692160241779
2021-08-15,CA,2.66795003445055
2021-08-15,DE,2.49133138678829
2021-08-15,FR,2.05151282511574
2021-08-15,GB,2.56954659620083
2021-08-15,IE,5.13610144766084
2021-08-15,IT,4.1102982562245
2021-08-15,NL,2.42190998571003
2021-08-15,US,2.35186438425356
2021-08-16,AU,3.59824939132736
2021-08-16,CA,2.67415778365146
2021-08-16,DE,2.49454430084797
2021-08-16,FR,2.05005128924639
2021-08-16,GB,2.56625908428013
2021-08-16,IE,5.13491164695185
2021-08-16,IT,4.11822134128933
2021-08-16,NL,2.42240905803695
2021-08-16,US,2.35998236289038
2021-08-17,AU,3.62479268179206
2021-08-17,CA,2.67754205658802
2021-08-17,DE,2.49994762025462
2021-08-17,FR,2.0522571389258
2021-08-17,GB,2.56554144596321
2021-08-17,IE,5.14251071554602
2021-08-17,IT,4.13108421038937
2021-08-17,NL,2.42470526228253
2021-08-17,US,2.36863385709656
2021-08-18,AU,3.64690840128349
2021-08-18,CA,2.67762037640768
2021-08-18,DE,2.4982416180129
2021-08-18,FR,2.05214257257059
2021-08-18,GB,2.55871161417778
2021-08-18,IE,5.13406204251921
2021-08-18,IT,4.13582568102342
2021-08-18,NL,2.43002095462708
2021-08-18,US,2.36938707454429
2021-08-19,AU,3.6705890143714
2021-08-19,CA,2.68131324070445
2021-08-19,DE,2.49878120966155
2021-08-19,FR,2.04996191671266
2021-08-19,GB,2.55712260506866
2021-08-19,IE,5.13986045641562
2021-08-19,IT,4.14190957944817
2021-08-19,NL,2.43386433296927
2021-08-19,US,2.37356584122182
2021-08-20,AU,3.695721718879
2021-08-20,CA,2.68397573316681
2021-08-20,DE,2.49829693430412
2021-08-20,FR,2.04913100228166
2021-08-20,GB,2.55930026714374
2021-08-20,IE,5.13471010484636
2021-08-20,IT,4.14764499314714
2021-08-20,NL,2.43879823813969
2021-08-20,US,2.37883370167644
2021-08-21,AU,3.70296047276865
2021-08-21,CA,2.67974484411222
2021-08-21,DE,2.49791516435189
2021-08-21,FR,2.04759167094351
2021-08-21,GB,2.5593536190441
2021-08-21,IE,5.12128719770534
2021-08-21,IT,4.1467501963821
2021-08-21,NL,2.4418544190448
2021-08-21,US,2.39841639374238
2021-08-22,AU,3.717891985982
2021-08-22,CA,2.67478894030066
2021-08-22,DE,2.49520211949964
2021-08-22,FR,2.04626245334915
2021-08-22,GB,2.55903203165895
2021-08-22,IE,5.10602709291299
2021-08-22,IT,4.15039427341132
2021-08-22,NL,2.44337019001522
2021-08-22,US,2.41739916143459
2021-08-23,AU,3.7355487977106
2021-08-23,CA,2.6704752153717
2021-08-23,DE,2.49570098584829
2021-08-23,FR,2.04711559616514
2021-08-23,GB,2.55922442786287
2021-08-23,IE,5.08412909189293
2021-08-23,IT,4.15381005101884
2021-08-23,NL,2.4462762848701
2021-08-23,US,2.43833142382757
2021-08-24,AU,3.75041192568307
2021-08-24,CA,2.66824515794426
2021-08-24,DE,2.49272177610279
2021-08-24,FR,2.04281426881972
2021-08-24,GB,2.55869764821036
2021-08-24,IE,5.05513832841687
2021-08-24,IT,4.14991519836258
2021-08-24,NL,2.44403361799227
2021-08-24,US,2.45828460903527
2021-08-25,AU,3.7634372369018
2021-08-25,CA,2.66763821548806
2021-08-25,DE,2.49797173466919
2021-08-25,FR,2.0416929418667
2021-08-25,GB,2.56464458004963
2021-08-25,IE,5.05158974494147
2021-08-25,IT,4.14837451100191
2021-08-25,NL,2.4401560037116
2021-08-25,US,2.48364086771516
2021-08-26,AU,3.77819234331924
2021-08-26,CA,2.66302290224448
2021-08-26,DE,2.50085236911514
2021-08-26,FR,2.03886214394055
2021-08-26,GB,2.56538957346773
2021-08-26,IE,5.03832179770505
2021-08-26,IT,4.14514951863906
2021-08-26,NL,2.43960288081048
2021-08-26,US,2.50514963975711
2021-08-27,AU,3.78658640291944
2021-08-27,CA,2.65829756037148
2021-08-27,DE,2.50314489272336
2021-08-27,FR,2.03319396000321
2021-08-27,GB,2.5664372487707
2021-08-27,IE,5.03942465015575
2021-08-27,IT,4.13482379178719
2021-08-27,NL,2.4373269916649
2021-08-27,US,2.52314119760013
2021-08-28,AU,3.7976753737819
2021-08-28,CA,2.65803104005811
2021-08-28,DE,2.50547775056016
2021-08-28,FR,2.02726348035061
2021-08-28,GB,2.56549144219983
2021-08-28,IE,5.03953193675977
2021-08-28,IT,4.12614293061722
2021-08-28,NL,2.43459654336254
2021-08-28,US,2.52508292893794
2021-08-29,AU,3.80453370282285
2021-08-29,CA,2.65687108064085
2021-08-29,DE,2.50895343357623
2021-08-29,FR,2.02284348241351
2021-08-29,GB,2.56825403443078
2021-08-29,IE,5.03843543640842
2021-08-29,IT,4.12030159943455
2021-08-29,NL,2.43285883113367
2021-08-29,US,2.5262897512304
2021-08-30,AU,3.80177641224809
2021-08-30,CA,2.65369112143181
2021-08-30,DE,2.51131433218458
2021-08-30,FR,2.01768632884599
2021-08-30,GB,2.56994216991934
2021-08-30,IE,5.04637675871367
2021-08-30,IT,4.10852453802297
2021-08-30,NL,2.42855277360063
2021-08-30,US,2.52805597680933
2021-08-31,AU,3.79345481201813
2021-08-31,CA,2.65228909465596
2021-08-31,DE,2.51189953149243
2021-08-31,FR,2.01487495730021
2021-08-31,GB,2.57617191002287
2021-08-31,IE,5.059991829193
2021-08-31,IT,4.09965293736766
2021-08-31,NL,2.42542659815154
2021-08-31,US,2.52551043575167
2021-09-01,AU,3.78206536624121
2021-09-01,CA,2.65155253160676
2021-09-01,DE,2.50765342042301
2021-09-01,FR,2.00972598568031
2021-09-01,GB,2.58427182726621
2021-09-01,IE,5.05843049844303
2021-09-01,IT,4.08768879531894
2021-09-01,NL,2.42238939717376
2021-09-01,US,2.51996793771956
2021-09-02,AU,3.77159490412229
2021-09-02,CA,2.65442026191052
2021-09-02,DE,2.50292732931449
2021-09-02,FR,2.00723671943446
2021-09-02,GB,2.59463884114952
2021-09-02,IE,5.05740640346735
2021-09-02,IT,4.07767592064962
2021-09-02,NL,2.41592976732611
2021-09-02,US,2.51655929384731
2021-09-03,AU,3.76526746569823
2021-09-03,CA,2.66369685351052
2021-09-03,DE,2.49822948058524
2021-09-03,FR,2.00733468602625
2021-09-03,GB,2.60375302814088
2021-09-03,IE,5.05745265146028
2021-09-03,IT,4.08000290109654
2021-09-03,NL,2.40733855580531
2021-09-03,US,2.51711189765739
2021-09-04,AU,3.75614936495887
2021-09-04,CA,2.66488487761045
2021-09-04,DE,2.49293231227599
2021-09-04,FR,2.00621217365638
2021-09-04,GB,2.60503679573479
2021-09-04,IE,5.04952001960522
2021-09-04,IT,4.08429922698321
2021-09-04,NL,2.40064193082592
2021-09-04,US,2.51419650587473
2021-09-05,AU,3.74280742650843
2021-09-05,CA,2.67327903755841
2021-09-05,DE,2.48939753449458
2021-09-05,FR,2.00599078798422
2021-09-05,GB,2.60891041997025
2021-09-05,IE,5.05289550950774
2021-09-05,IT,4.08132765013111
2021-09-05,NL,2.39650511907797
2021-09-05,US,2.51376522608276
2021-09-06,AU,3.73498248606754
2021-09-06,CA,2.67839336175504
2021-09-06,DE,2.48423716982305
2021-09-06,FR,2.00443954797904
2021-09-06,GB,2.61235686137868
2021-09-06,IE,5.05975162193586
2021-09-06,IT,4.08283394367811
2021-09-06,NL,2.39581054668833
2021-09-06,US,2.51227220930247
2021-09-07,AU,3.72869387246593
2021-09-07,CA,2.681107170005
2021-09-07,DE,2.48192434144486
2021-09-07,FR,2.00314496753984
2021-09-07,GB,2.60900308488554
2021-09-07,IE,5.07146387074082
2021-09-07,IT,4.08799234699235
2021-09-07,NL,2.39494624356966
2021-09-07,US,2.5183858918239
2021-09-08,AU,3.72578397220515
2021-09-08,CA,2.68894203562628
2021-09-08,DE,2.48254127748563
2021-09-08,FR,2.00102833198471
2021-09-08,GB,2.59971970818075
2021-09-08,IE,5.08816155438191
2021-09-08,IT,4.09007198917067
2021-09-08,NL,2.39275703467547
2021-09-08,US,2.52492663558733
2021-09-09,AU,3.70989805313069
2021-09-09,CA,2.69559958385628
2021-09-09,DE,2.48358994983099
2021-09-09,FR,1.99791229638385
2021-09-09,GB,2.5860595993445
2021-09-09,IE,5.10707305253137
2021-09-09,IT,4.08963713255815
2021-09-09,NL,2.39536189499738
2021-09-09,US,2.52866407307425
2021-09-10,AU,3.6914795391541
2021-09-10,CA,2.69927421848008
2021-09-10,DE,2.48311751630477
2021-09-10,FR,1.99366199050244
2021-09-10,GB,2.57192691758913
2021-09-10,IE,5.10890995910482
2021-09-10,IT,4.0830238076082
2021-09-10,NL,2.39891761206181
2021-09-10,US,2.53449788989494
2021-09-11,AU,3.67162172415549
2021-09-11,CA,2.70872064038645
2021-09-11,DE,2.48541589184685
2021-09-11,FR,1.99206185537291
2021-09-11,GB,2.56982801977573
2021-09-11,IE,5.13043595393367
2021-09-11,IT,4.07818562734119
2021-09-11,NL,2.39967718720474
2021-09-11,US,2.54499633580744
2021-09-12,AU,3.65777976043293
2021-09-12,CA,2.71252713291084
2021-09-12,DE,2.48525184303416
2021-09-12,FR,1.98930235323922
2021-09-12,GB,2.56047802264629
2021-09-12,IE,5.13561106188783
2021-09-12,IT,4.06495976639981
2021-09-12,NL,2.39703169136441
2021-09-12,US,2.55304598441257
2021-09-13,AU,3.64622928321796
2021-09-13,CA,2.71711019283619
2021-09-13,DE,2.48274091796146
2021-09-13,FR,1.98522718534591
2021-09-13,GB,2.55341856798963
2021-09-13,IE,5.13474381771501
2021-09-13,IT,4.05324410844908
2021-09-13,NL,2.39111509008869
2021-09-13,US,2.5604934279284
2021-09-14,AU,3.63660665653801
2021-09-14,CA,2.72403321660761
2021-09-14,DE,2.48024664179615
2021-09-14,FR,1.9843057609695
2021-09-14,GB,2.54931955742349
2021-09-14,IE,5.14147639335575
2021-09-14,IT,4.03733623923698
2021-09-14,NL,2.39090815392089
2021-09-14,US,2.56082702429257
2021-09-15,AU,3.62854020820999
2021-09-15,CA,2.7254841708044
2021-09-15,DE,2.47646734498604
2021-09-15,FR,1.98373368220929
2021-09-15,GB,2.54729088723067
2021-09-15,IE,5.13806089559233
2021-09-15,IT,4.02402347098463
2021-09-15,NL,2.39312218021363
2021-09-15,US,2.56357262546278
2021-09-16,AU,3.62225422256541
2021-09-16,CA,2.72619484055342
2021-09-16,DE,2.47280061300206
2021-09-16,FR,1.98296499442339
2021-09-16,GB,2.54646023688922
2021-09-16,IE,5.13190210525848
2021-09-16,IT,4.01013152569911
2021-09-16,NL,2.39073423934754
2021-09-16,US,2.56718102422918
2021-09-17,AU,3.61928994224652
2021-09-17,CA,2.73099753861881
2021-09-17,DE,2.46856493402572
2021-09-17,FR,1.98193914048254
2021-09-17,GB,2.54566994270937
2021-09-17,IE,5.132634031234
2021-09-17,IT,3.99600625590275
2021-09-17,NL,2.38702643510299
2021-09-17,US,2.56881206807305
2021-09-18,AU,3.61269110785632
2021-09-18,CA,2.73259087974602
2021-09-18,DE,2.46311665787205
2021-09-18,FR,1.97921065635512
2021-09-18,GB,2.54282345341557
2021-09-18,IE,5.12759277103492
2021-09-18,IT,3.98235905942258
2021-09-18,NL,2.3848313031474
2021-09-18,US,2.56993064272019
2021-09-19,AU,3.60205667744016
2021-09-19,CA,2.73592138721786
2021-09-19,DE,2.45937020521687
2021-09-19,FR,1.97576388496079
2021-09-19,GB,2.54010528585218
2021-09-19,IE,5.12155014848966
2021-09-19,IT,3.96747977855533
2021-09-19,NL,2.38376906899008
2021-09-19,US,2.57031265845763
2021-09-20,AU,3.58998874488961
2021-09-20,CA,2.74066697276902
2021-09-20,DE,2.4578526795344
2021-09-20,FR,1.9745940216255
2021-09-20,GB,2.53691232217658
2021-09-20,IE,5.12418114488606
2021-09-20,IT,3.94719624138621
2021-09-20,NL,2.38481436887127
2021-09-20,US,2.57171955479305
2021-09-21,AU,3.58295512704355
2021-09-21,CA,2.7443205517901
2021-09-21,DE,2.45593160634562
2021-09-21,FR,1.97187889695022
2021-09-21,GB,2.5327536125064
2021-09-21,IE,5.12350132831164
2021-09-21,IT,3.92467796799584
2021-09-21,NL,2.38023335624965
2021-09-21,US,2.57746505560235
2021-09-22,AU,3.57535134476211
2021-09-22,CA,2.750196246668
2021-09-22,DE,2.45674387831347
2021-09-22,FR,1.97118647875926
2021-09-22,GB,2.5297210543418
2021-09-22,IE,5.13625725260799
2021-09-22,IT,3.92581405229302
2021-09-22,NL,2.37582515626785
2021-09-22,US,2.58131273766037
2021-09-23,AU,3.56237927805168
2021-09-23,CA,2.76150501216974
2021-09-23,DE,2.4561434150033
2021-09-23,FR,1.96928816856238
2021-09-23,GB,2.52814745670845
2021-09-23,IE,5.14148363927689
2021-09-23,IT,3.93011434480233
2021-09-23,NL,2.38028230498273
2021-09-23,US,2.58665835832433
2021-09-24,AU,3.5435959489479
2021-09-24,CA,2.7715526016819
2021-09-24,DE,2.45775617196892
2021-09-24,FR,1.97098217585159
2021-09-24,GB,2.53092183400714
2021-09-24,IE,5.16808082003567
2021-09-24,IT,3.93892101243179
2021-09-24,NL,2.39110754858841
2021-09-24,US,2.59196069428876
2021-09-25,AU,3.53706818319487
2021-09-25,CA,2.78379642617964
2021-09-25,DE,2.45876773841494
2021-09-25,FR,1.97534496282583
2021-09-25,GB,2.52510446014291
2021-09-25,IE,5.19858187038935
2021-09-25,IT,3.95155438899822
2021-09-25,NL,2.40636650262648
2021-09-25,US,2.59523649059225
2021-09-26,AU,3.52982000076437
2021-09-26,CA,2.79248714223443
2021-09-26,DE,2.45766972428273
2021-09-26,FR,1.97974885924533
2021-09-26,GB,2.52650103573998
2021-09-26,IE,5.22236737560689
2021-09-26,IT,3.96710944659001
2021-09-26,NL,2.41479945851224
2021-09-26,US,2.6000140539536
2021-09-27,AU,3.51888524836158
2021-09-27,CA,2.80258927824621
2021-09-27,DE,2.45755591408799
2021-09-27,FR,1.98367695684196
2021-09-27,GB,2.52770084813083
2021-09-27,IE,5.23779892923386
2021-09-27,IT,3.9856970357562
2021-09-27,NL,2.42469951077644
2021-09-27,US,2.60362553759162
2021-09-28,AU,3.50279317343473
2021-09-28,CA,2.80832885929583
2021-09-28,DE,2.45560496390179
2021-09-28,FR,1.98656920929266
2021-09-28,GB,2.53284299008769
2021-09-28,IE,5.24371566127268
2021-09-28,IT,4.00710891335363
2021-09-28,NL,2.43436641716476
2021-09-28,US,2.6067680589433
2021-09-29,AU,3.4806708449138
2021-09-29,CA,2.81373481577828
2021-09-29,DE,2.45151317148873
2021-09-29,FR,1.98963716798945
2021-09-29,GB,2.53538433590514
2021-09-29,IE,5.24144940879786
2021-09-29,IT,4.0106380255093
2021-09-29,NL,2.439479308259
2021-09-29,US,2.61234080639713
2021-09-30,AU,3.46721965408588
2021-09-30,CA,2.81545755057406
2021-09-30,DE,2.45020043100329
2021-09-30,FR,1.99153251758967
2021-09-30,GB,2.53847499988941
2021-09-30,IE,5.25459865219444
2021-09-30,IT,4.01402660240962
2021-09-30,NL,2.43779246464829
2021-09-30,US,2.61422738247005
2021-10-01,AU,3.45412326222689
2021-10-01,CA,2.81705670976026
2021-10-01,DE,2.44906538860733
2021-10-01,FR,1.99100335971416
2021-10-01,GB,2.5380808962953
2021-10-01,IE,5.23738047441303
2021-10-01,IT,4.01390381040695
2021-10-01,NL,2.43113419066472
2021-10-01,US,2.61506760132982
2021-10-02,AU,3.43964294103368
2021-10-02,CA,2.82113801208867
2021-10-02,DE,2.44999140531917
2021-10-02,FR,1.99157214176031
2021-10-02,GB,2.54675114827406
2021-10-02,IE,5.22868751145792
2021-10-02,IT,4.00532178794109
2021-10-02,NL,2.41510004686964
2021-10-02,US,2.61808258929294
2021-10-03,AU,3.42547383099781
2021-10-03,CA,2.82486847459668
2021-10-03,DE,2.45272974855842
2021-10-03,FR,1.992667564195
2021-10-03,GB,2.54740868115776
2021-10-03,IE,5.22512405409057
2021-10-03,IT,3.99799191954012
2021-10-03,NL,2.40459692025481
2021-10-03,US,2.62122735238147
2021-10-04,AU,3.40866903304992
2021-10-04,CA,2.82624612028492
2021-10-04,DE,2.45429438040743
2021-10-04,FR,1.99615817436468
2021-10-04,GB,2.54778816308245
2021-10-04,IE,5.22713057089894
2021-10-04,IT,3.99477278036184
2021-10-04,NL,2.39264906064979
2021-10-04,US,2.62400449321111
2021-10-05,AU,3.39623783044078
2021-10-05,CA,2.83254426373613
2021-10-05,DE,2.45785135400831
2021-10-05,FR,2.00084179425416
2021-10-05,GB,2.54401707620712
2021-10-05,IE,5.23157459897666
2021-10-05,IT,3.99313983723117
2021-10-05,NL,2.38608354249689
2021-10-05,US,2.62770349094394
2021-10-06,AU,3.39703712104005
2021-10-06,CA,2.83576887480868
2021-10-06,DE,2.46033910238219
2021-10-06,FR,2.00157263175159
2021-10-06,GB,2.54360987540951
2021-10-06,IE,5.23018151171595
2021-10-06,IT,3.98841242900214
2021-10-06,NL,2.38574565822373
2021-10-06,US,2.63233087885589
2021-10-07,AU,3.39694859278997
2021-10-07,CA,2.83623921014541
2021-10-07,DE,2.45857771583072
2021-10-07,FR,2.00494012892092
2021-10-07,GB,2.54119408699506
2021-10-07,IE,5.2268343565336
2021-10-07,IT,3.98028162515884
2021-10-07,NL,2.38848154327393
2021-10-07,US,2.64067720783308
2021-10-08,AU,3.40279650227144
2021-10-08,CA,2.83309207545818
2021-10-08,DE,2.45567339204878
2021-10-08,FR,2.01039566733882
2021-10-08,GB,2.54045219406278
2021-10-08,IE,5.23072041541052
2021-10-08,IT,3.97169896865808
2021-10-08,NL,2.38990838546115
2021-10-08,US,2.64772308900786
2021-10-09,AU,3.40506494378841
2021-10-09,CA,2.82920900950778
2021-10-09,DE,2.45125017687457
2021-10-09,FR,2.01454028867324
2021-10-09,GB,2.54239137262343
2021-10-09,IE,5.23938102154963
2021-10-09,IT,3.9798821058242
2021-10-09,NL,2.39955787247463
2021-10-09,US,2.65671112842571
2021-10-10,AU,3.40709653681375
2021-10-10,CA,2.82724170996472
2021-10-10,DE,2.44482866213781
2021-10-10,FR,2.01827442151351
2021-10-10,GB,2.54253410597392
2021-10-10,IE,5.24674133278866
2021-10-10,IT,3.9878949871775
2021-10-10,NL,2.40798491890027
2021-10-10,US,2.66586861574374
2021-10-11,AU,3.41382343125979
2021-10-11,CA,2.82484355886612
2021-10-11,DE,2.43790956281052
2021-10-11,FR,2.02049586239068
2021-10-11,GB,2.54253028757624
2021-10-11,IE,5.25134705302755
2021-10-11,IT,3.99387609014127
2021-10-11,NL,2.41711264688089
2021-10-11,US,2.67456987359521
2021-10-12,AU,3.41579818483533
2021-10-12,CA,2.82444381537837
2021-10-12,DE,2.42959519458437
2021-10-12,FR,2.02709461243016
2021-10-12,GB,2.54597381570688
2021-10-12,IE,5.25953547287603
2021-10-12,IT,4.00188219182807
2021-10-12,NL,2.42564557872912
2021-10-12,US,2.68514522159278
2021-10-13,AU,3.41545623959775
2021-10-13,CA,2.82894001384885
2021-10-13,DE,2.4211983516037
2021-10-13,FR,2.03555843973413
2021-10-13,GB,2.54732192424456
2021-10-13,IE,5.26407515728902
2021-10-13,IT,4.01455387689206
2021-10-13,NL,2.43367139393258
2021-10-13,US,2.69350340205799
2021-10-14,AU,3.41600625025847
2021-10-14,CA,2.83355203368105
2021-10-14,DE,2.41836712947721
2021-10-14,FR,2.04676631730901
2021-10-14,GB,2.54930935294458
2021-10-14,IE,5.26343218267659
2021-10-14,IT,4.03264541230155
2021-10-14,NL,2.44012232128373
2021-10-14,US,2.69907522223161
2021-10-15,AU,3.40647903404975
2021-10-15,CA,2.83961106861643
2021-10-15,DE,2.41804464092816
2021-10-15,FR,2.05637272006429
2021-10-15,GB,2.55299174753196
2021-10-15,IE,5.26363999070206
2021-10-15,IT,4.04901934421933
2021-10-15,NL,2.44811847441113
2021-10-15,US,2.70568239838102
2021-10-16,AU,3.40157964883037
2021-10-16,CA,2.83855608435667
2021-10-16,DE,2.41440833654515
2021-10-16,FR,2.06392269803296
2021-10-16,GB,2.54998801247624
2021-10-16,IE,5.2431602002016
2021-10-16,IT,4.05341637886323
2021-10-16,NL,2.45200348966238
2021-10-16,US,2.71021681756675
2021-10-17,AU,3.39535398851209
2021-10-17,CA,2.84189520442328
2021-10-17,DE,2.41379299175653
2021-10-17,FR,2.07470823637044
2021-10-17,GB,2.55512332286255
2021-10-17,IE,5.23119804387445
2021-10-17,IT,4.05787463493956
2021-10-17,NL,2.45660260095208
2021-10-17,US,2.71291179763886
2021-10-18,AU,3.38554197798946
2021-10-18,CA,2.84898556284495
2021-10-18,DE,2.41618750178303
2021-10-18,FR,2.08575415758413
2021-10-18,GB,2.56068282728841
2021-10-18,IE,5.22446298186968
2021-10-18,IT,4.06692574550613
2021-10-18,NL,2.46195592875446
2021-10-18,US,2.71767023949351
2021-10-19,AU,3.3745029116544
2021-10-19,CA,2.85267736129023
2021-10-19,DE,2.41721825542985
2021-10-19,FR,2.09130283805917
2021-10-19,GB,2.56425519546719
2021-10-19,IE,5.2105183293463
2021-10-19,IT,4.07788648769441
2021-10-19,NL,2.46240617832098
2021-10-19,US,2.71763457429593
2021-10-20,AU,3.35965823222647
2021-10-20,CA,2.85750769366057
2021-10-20,DE,2.41992616869425
2021-10-20,FR,2.09770660343722
2021-10-20,GB,2.57069894039477
2021-10-20,IE,5.22189137270268
2021-10-20,IT,4.07952960146527
2021-10-20,NL,2.46210281202067
2021-10-20,US,2.71968333266486
2021-10-21,AU,3.34143383653737
2021-10-21,CA,2.86130951492845
2021-10-21,DE,2.42201416911126
2021-10-21,FR,2.09987589161529
2021-10-21,GB,2.57700167684702
2021-10-21,IE,5.22869906791643
2021-10-21,IT,4.07425906509938
2021-10-21,NL,2.46036110680692
2021-10-21,US,2.7211865137106
2021-10-22,AU,3.33410009890381
2021-10-22,CA,2.87048952014371
2021-10-22,DE,2.4203893638662
2021-10-22,FR,2.10159154151417
2021-10-22,GB,2.58162569636965
2021-10-22,IE,5.2448356383046
2021-10-22,IT,4.07278107212998
2021-10-22,NL,2.45923844369291
2021-10-22,US,2.72239358813391
2021-10-23,AU,3.32447047537804
2021-10-23,CA,2.88652774501995
2021-10-23,DE,2.42255915086185
2021-10-23,FR,2.10183116414238
2021-10-23,GB,2.59017349883159
2021-10-23,IE,5.26442814671855
2021-10-23,IT,4.06812038057022
2021-10-23,NL,2.4595819497613
2021-10-23,US,2.72378664961793
2021-10-24,AU,3.31457374591365
2021-10-24,CA,2.89798319479173
2021-10-24,DE,2.42220521481465
2021-10-24,FR,2.10238312933584
2021-10-24,GB,2.59313039953762
2021-10-24,IE,5.27880140673937
2021-10-24,IT,4.06364105002817
2021-10-24,NL,2.46130608369328
2021-10-24,US,2.72560919715012
2021-10-25,AU,3.30509218535822
2021-10-25,CA,2.90468143016332
2021-10-25,DE,2.42162103519321
2021-10-25,FR,2.10253718133407
2021-10-25,GB,2.59489522485197
2021-10-25,IE,5.28127521463975
2021-10-25,IT,4.05695296079548
2021-10-25,NL,2.461474138281
2021-10-25,US,2.7263494898994
2021-10-26,AU,3.30116442217785
2021-10-26,CA,2.91424099091843
2021-10-26,DE,2.42305245263065
2021-10-26,FR,2.10338080982145
2021-10-26,GB,2.59626413683239
2021-10-26,IE,5.29309304698388
2021-10-26,IT,4.04258740170975
2021-10-26,NL,2.46509070593938
2021-10-26,US,2.73009664581087
2021-10-27,AU,3.30297621869408
2021-10-27,CA,2.92020651521127
2021-10-27,DE,2.42336408201007
2021-10-27,FR,2.10699853613698
2021-10-27,GB,2.59485193949456
2021-10-27,IE,5.29082463488214
2021-10-27,IT,4.02970427058602
2021-10-27,NL,2.46659602207923
2021-10-27,US,2.73266114942755
2021-10-28,AU,3.30531608223804
2021-10-28,CA,2.9289793251831
2021-10-28,DE,2.42463876586481
2021-10-28,FR,2.11502175327425
2021-10-28,GB,2.59307868227788
2021-10-28,IE,5.28958769428696
2021-10-28,IT,4.01682782979671
2021-10-28,NL,2.46812142781547
2021-10-28,US,2.73567251322089
2021-10-29,AU,3.30199168074764
2021-10-29,CA,2.9329702570405
2021-10-29,DE,2.42778761617897
2021-10-29,FR,2.12232759800907
2021-10-29,GB,2.59299225544753
2021-10-29,IE,5.29233983692962
2021-10-29,IT,3.9993699610923
2021-10-29,NL,2.46925019146042
2021-10-29,US,2.74089141240395
2021-10-30,AU,3.2968819279273
2021-10-30,CA,2.93734160997202
2021-10-30,DE,2.42933148307451
2021-10-30,FR,2.13145157720052
2021-10-30,GB,2.59551698866586
2021-10-30,IE,5.30023270437415
2021-10-30,IT,3.98431792120733
2021-10-30,NL,2.47226104866381
2021-10-30,US,2.74528865319851
2021-10-31,AU,3.2924596351494
2021-10-31,CA,2.94471483404971
2021-10-31,DE,2.43093944336289
2021-10-31,FR,2.13855060590612
2021-10-31,GB,2.5984088774554
2021-10-31,IE,5.31239943439874
2021-10-31,IT,3.97425743891184
2021-10-31,NL,2.47494632376622
2021-10-31,US,2.7512186436941
2021-11-01,AU,3.29863811642808
2021-11-01,CA,2.94992765336968
2021-11-01,DE,2.43637980578848
2021-11-01,FR,2.14646484002875
2021-11-01,GB,2.60532468101726
2021-11-01,IE,5.32368152986021
2021-11-01,IT,3.96063361139508
2021-11-01,NL,2.47853139539726
2021-11-01,US,2.74748958537323
2021-11-02,AU,3.30229984556525
2021-11-02,CA,2.95364137360225
2021-11-02,DE,2.44211913379269
2021-11-02,FR,2.15501722547063
2021-11-02,GB,2.61329492777607
2021-11-02,IE,5.33046177394382
2021-11-02,IT,3.95426324907474
2021-11-02,NL,2.47976537526338
2021-11-02,US,2.7507317575863
2021-11-03,AU,3.30656177690759
2021-11-03,CA,2.95794514492348
2021-11-03,DE,2.44762410862762
2021-11-03,FR,2.15898519100353
2021-11-03,GB,2.6210041394208
2021-11-03,IE,5.33822682810209
2021-11-03,IT,3.97932426868659
2021-11-03,NL,2.47659584833939
2021-11-03,US,2.75383894614558
2021-11-04,AU,3.3116659308337
2021-11-04,CA,2.96339961818876
2021-11-04,DE,2.44532028152731
2021-11-04,FR,2.16269107668038
2021-11-04,GB,2.63052281658544
2021-11-04,IE,5.35068145467072
2021-11-04,IT,3.9994264665709
2021-11-04,NL,2.47934496833279
2021-11-04,US,2.7580131237296
2021-11-05,AU,3.32470317918591
2021-11-05,CA,2.96548119713607
2021-11-05,DE,2.44258829129363
2021-11-05,FR,2.17029852448578
2021-11-05,GB,2.63782637844793
2021-11-05,IE,5.36499251442511
2021-11-05,IT,4.00344458956693
2021-11-05,NL,2.47984008335406
2021-11-05,US,2.76033051692044
2021-11-06,AU,3.33323965116826
2021-11-06,CA,2.9701050535747
2021-11-06,DE,2.44146608601939
2021-11-06,FR,2.17857162668102
2021-11-06,GB,2.64373942147527
2021-11-06,IE,5.37971672265477
2021-11-06,IT,4.01199254946028
2021-11-06,NL,2.48134424893255
2021-11-06,US,2.76550299140552
2021-11-07,AU,3.34476666761128
2021-11-07,CA,2.97234028846252
2021-11-07,DE,2.44056316920606
2021-11-07,FR,2.18633110164512
2021-11-07,GB,2.64903290346895
2021-11-07,IE,5.38948702343699
2021-11-07,IT,4.01427230210797
2021-11-07,NL,2.48264170599766
2021-11-07,US,2.7703164573069
2021-11-08,AU,3.35102554085576
2021-11-08,CA,2.97688183373353
2021-11-08,DE,2.43553432547359
2021-11-08,FR,2.19372569533283
2021-11-08,GB,2.65449516935764
2021-11-08,IE,5.40769639840357
2021-11-08,IT,4.02134351540884
2021-11-08,NL,2.4829338679132
2021-11-08,US,2.78274446960902
2021-11-09,AU,3.35091429829618
2021-11-09,CA,2.9778994223616
2021-11-09,DE,2.42791551233573
2021-11-09,FR,2.20062769595326
2021-11-09,GB,2.65848147860472
2021-11-09,IE,5.41877186615092
2021-11-09,IT,4.02625819147243
2021-11-09,NL,2.48452453993491
2021-11-09,US,2.78631180514186
2021-11-10,AU,3.34318852290449
2021-11-10,CA,2.98018615972922
2021-11-10,DE,2.42323056077481
2021-11-10,FR,2.21181921358542
2021-11-10,GB,2.663733451667
2021-11-10,IE,5.42895426062256
2021-11-10,IT,3.99833550563732
2021-11-10,NL,2.49667992803225
2021-11-10,US,2.79193118800666
2021-11-11,AU,3.33441538902693
2021-11-11,CA,2.97985104154687
2021-11-11,DE,2.42452484643128
2021-11-11,FR,2.22047669447121
2021-11-11,GB,2.66573471711437
2021-11-11,IE,5.44480426419839
2021-11-11,IT,3.98129291434487
2021-11-11,NL,2.5033515198135
2021-11-11,US,2.80532720438292
2021-11-12,AU,3.31520959403927
2021-11-12,CA,2.98010181901203
2021-11-12,DE,2.42555725299782
2021-11-12,FR,2.22660385636018
2021-11-12,GB,2.66463078918475
2021-11-12,IE,5.44783000145908
2021-11-12,IT,3.98151149891513
2021-11-12,NL,2.51102651583895
2021-11-12,US,2.81351065258316
2021-11-13,AU,3.304177434568
2021-11-13,CA,2.97959744165332
2021-11-13,DE,2.42693551803619
2021-11-13,FR,2.23673527737294
2021-11-13,GB,2.6658358975815
2021-11-13,IE,5.47059344680981
2021-11-13,IT,3.98412931635676
2021-11-13,NL,2.50532887389635
2021-11-13,US,2.82650768052143
2021-11-14,AU,3.28823150119439
2021-11-14,CA,2.97884240222618
2021-11-14,DE,2.43080868028395
2021-11-14,FR,2.2448604171963
2021-11-14,GB,2.67039264690495
2021-11-14,IE,5.48609799996853
2021-11-14,IT,3.98625480913214
2021-11-14,NL,2.5029985171487
2021-11-14,US,2.83859188756131
2021-11-15,AU,3.27404786469635
2021-11-15,CA,2.98000608653157
2021-11-15,DE,2.43269105738276
2021-11-15,FR,2.25339465617299
2021-11-15,GB,2.67227297275014
2021-11-15,IE,5.49803468891654
2021-11-15,IT,3.9865386892524
2021-11-15,NL,2.50315021269251
2021-11-15,US,2.84971193093319
2021-11-16,AU,3.25960135277394
2021-11-16,CA,2.98586102873443
2021-11-16,DE,2.4361087969589
2021-11-16,FR,2.26011482952523
2021-11-16,GB,2.67468469736407
2021-11-16,IE,5.50991497949246
2021-11-16,IT,3.97806720888701
2021-11-16,NL,2.50329149408194
2021-11-16,US,2.86224528649944
2021-11-17,AU,3.24722594847187
2021-11-17,CA,2.99202456399924
2021-11-17,DE,2.4377383304999
2021-11-17,FR,2.26769669452082
2021-11-17,GB,2.6750762216846
2021-11-17,IE,5.51959226543037
2021-11-17,IT,3.97605357741557
2021-11-17,NL,2.49942885272777
2021-11-17,US,2.87181180410152
2021-11-18,AU,3.23751279002174
2021-11-18,CA,2.99962204477456
2021-11-18,DE,2.43771977197963
2021-11-18,FR,2.27678046891773
2021-11-18,GB,2.68050636873763
2021-11-18,IE,5.52923926628339
2021-11-18,IT,3.97694103403722
2021-11-18,NL,2.4963996831251
2021-11-18,US,2.87274791950016
2021-11-19,AU,3.23792520637762
2021-11-19,CA,3.01850390150878
2021-11-19,DE,2.43829995801383
2021-11-19,FR,2.28502890468957
2021-11-19,GB,2.6853043727921
2021-11-19,IE,5.54535298974213
2021-11-19,IT,3.98730238361759
2021-11-19,NL,2.49506466447026
2021-11-19,US,2.88053922020372
2021-11-20,AU,3.23865355266168
2021-11-20,CA,3.03249396352365
2021-11-20,DE,2.43771372801702
2021-11-20,FR,2.28494647193834
2021-11-20,GB,2.68353168801053
2021-11-20,IE,5.54387669749072
2021-11-20,IT,3.97656916198945
2021-11-20,NL,2.50269793263896
2021-11-20,US,2.87948645924894
2021-11-21,AU,3.24300039115753
2021-11-21,CA,3.04993577591026
2021-11-21,DE,2.43605748747809
2021-11-21,FR,2.28964733888185
2021-11-21,GB,2.6820394354023
2021-11-21,IE,5.54753641692192
2021-11-21,IT,3.97227517768742
2021-11-21,NL,2.5098202846063
2021-11-21,US,2.88149818014912
2021-11-22,AU,3.24369241882827
2021-11-22,CA,3.06811162733065
2021-11-22,DE,2.43121605897088
2021-11-22,FR,2.29452667879073
2021-11-22,GB,2.68333541490023
2021-11-22,IE,5.55618429443502
2021-11-22,IT,3.96967290436941
2021-11-22,NL,2.51428115926608
2021-11-22,US,2.88545024487366
2021-11-23,AU,3.25161454754467
2021-11-23,CA,3.08829289036365
2021-11-23,DE,2.42614929916123
2021-11-23,FR,2.29969879566634
2021-11-23,GB,2.68329243957221
2021-11-23,IE,5.55747808588124
2021-11-23,IT,3.97452268082227
2021-11-23,NL,2.51510712908206
2021-11-23,US,2.89090746306161
2021-11-24,AU,3.25803437035372
2021-11-24,CA,3.10244376822978
2021-11-24,DE,2.42017538844522
2021-11-24,FR,2.30310545049113
2021-11-24,GB,2.68771113971326
2021-11-24,IE,5.56482030879318
2021-11-24,IT,3.97797223979716
2021-11-24,NL,2.51677013659466
2021-11-24,US,2.8986297803372
2021-11-25,AU,3.2645595690734
2021-11-25,CA,3.1141292565417
2021-11-25,DE,2.41409701306161
2021-11-25,FR,2.30536324937704
2021-11-25,GB,2.69027108356174
2021-11-25,IE,5.57505659256496
2021-11-25,IT,3.97546465974465
2021-11-25,NL,2.51684776429876
2021-11-25,US,2.9051125985635
2021-11-26,AU,3.26757128040179
2021-11-26,CA,3.11677482583656
2021-11-26,DE,2.40917904036681
2021-11-26,FR,2.30638377360855
2021-11-26,GB,2.69624210307955
2021-11-26,IE,5.58078408876949
2021-11-26,IT,3.96946387547288
2021-11-26,NL,2.51679104186832
2021-11-26,US,2.91394978187135
2021-11-27,AU,3.27305246115194
2021-11-27,CA,3.12283684949846
2021-11-27,DE,2.41059194183819
2021-11-27,FR,2.31171605568969
2021-11-27,GB,2.70946245998693
2021-11-27,IE,5.59895331231057
2021-11-27,IT,3.98197937401834
2021-11-27,NL,2.51855862212519
2021-11-27,US,2.92504457499165
2021-11-28,AU,3.27147829128399
2021-11-28,CA,3.12305849611407
2021-11-28,DE,2.41006101702253
2021-11-28,FR,2.30801181370727
2021-11-28,GB,2.71494955805277
2021-11-28,IE,5.60432720964273
2021-11-28,IT,3.98640192017707
2021-11-28,NL,2.51463047966509
2021-11-28,US,2.93044955045182
2021-11-29,AU,3.2691232106854
2021-11-29,CA,3.12428941826473
2021-11-29,DE,2.41482888736673
2021-11-29,FR,2.30919466458243
2021-11-29,GB,2.71684813329757
2021-11-29,IE,5.59288041345593
2021-11-29,IT,3.98983170675556
2021-11-29,NL,2.51461599396258
2021-11-29,US,2.93504693411519
2021-11-30,AU,3.25953142794739
2021-11-30,CA,3.12303609065215
2021-11-30,DE,2.4212891956785
2021-11-30,FR,2.31176170745546
2021-11-30,GB,2.72635334166489
2021-11-30,IE,5.60917243988462
2021-11-30,IT,3.98848906036327
2021-11-30,NL,2.51941282430284
2021-11-30,US,2.93939868632936
2021-12-01,AU,3.24862921431659
2021-12-01,CA,3.12642078453131
2021-12-01,DE,2.42840457955635
2021-12-01,FR,2.31167132238946
2021-12-01,GB,2.73771709682555
2021-12-01,IE,5.6154720533308
2021-12-01,IT,3.99540872082281
2021-12-01,NL,2.52490437725933
2021-12-01,US,2.93984272997585
2021-12-02,AU,3.24063773067579
2021-12-02,CA,3.13424616212314
2021-12-02,DE,2.43983342978248
2021-12-02,FR,2.30974193113505
2021-12-02,GB,2.74966230584109
2021-12-02,IE,5.6223857471146
2021-12-02,IT,4.00785229970299
2021-12-02,NL,2.5285193099473
2021-12-02,US,2.94430660223496
2021-12-03,AU,3.23267039826544
2021-12-03,CA,3.14396644813072
2021-12-03,DE,2.44952318062055
2021-12-03,FR,2.30532273003702
2021-12-03,GB,2.76015361299841
2021-12-03,IE,5.64611269130039
2021-12-03,IT,4.01963985586748
2021-12-03,NL,2.53051702033702
2021-12-03,US,2.94646814243991
2021-12-04,AU,3.22625918899845
2021-12-04,CA,3.15370023849213
2021-12-04,DE,2.45318013894647
2021-12-04,FR,2.29779185696939
2021-12-04,GB,2.7708115051853
2021-12-04,IE,5.66987157104294
2021-12-04,IT,4.02481439441077
2021-12-04,NL,2.53419985461052
2021-12-04,US,2.94580892025302
2021-12-05,AU,3.2229884266886
2021-12-05,CA,3.16512967771857
2021-12-05,DE,2.45774494604273
2021-12-05,FR,2.29874930585759
2021-12-05,GB,2.78483752413355
2021-12-05,IE,5.69726055048059
2021-12-05,IT,4.0405057276673
2021-12-05,NL,2.54143677507596
2021-12-05,US,2.94837957305907
2021-12-06,AU,3.22130129195835
2021-12-06,CA,3.17323523704885
2021-12-06,DE,2.46119402755619
2021-12-06,FR,2.29139132845198
2021-12-06,GB,2.79956778969058
2021-12-06,IE,5.73065862495125
2021-12-06,IT,4.05208623505417
2021-12-06,NL,2.5443274464476
2021-12-06,US,2.95258266581402
2021-12-07,AU,3.22582088331026
2021-12-07,CA,3.18545584696226
2021-12-07,DE,2.46550878892134
2021-12-07,FR,2.28263080408074
2021-12-07,GB,2.8078553120704
2021-12-07,IE,5.7687815383955
2021-12-07,IT,4.0719740604937
2021-12-07,NL,2.5444179609583
2021-12-07,US,2.95522812879201
2021-12-08,AU,3.23561369580516
2021-12-08,CA,3.1957842647719
2021-12-08,DE,2.46983385228843
2021-12-08,FR,2.27073191836174
2021-12-08,GB,2.81221815737232
2021-12-08,IE,5.81838336989975
2021-12-08,IT,4.08177605959487
2021-12-08,NL,2.54133666788136
2021-12-08,US,2.95871391022083
2021-12-09,AU,3.24916227784213
2021-12-09,CA,3.20343739181002
2021-12-09,DE,2.47435014983644
2021-12-09,FR,2.26329176952244
2021-12-09,GB,2.81558924500855
2021-12-09,IE,5.83700155433225
2021-12-09,IT,4.09363496094401
2021-12-09,NL,2.54301333355007
2021-12-09,US,2.96104572878548
2021-12-10,AU,3.26354703655127
2021-12-10,CA,3.2126605753871
2021-12-10,DE,2.48032527716414
2021-12-10,FR,2.26148410189094
2021-12-10,GB,2.82325592481674
2021-12-10,IE,5.84513716212957
2021-12-10,IT,4.10557907931345
2021-12-10,NL,2.54654388974035
2021-12-10,US,2.96179481065531
2021-12-11,AU,3.27601155391122
2021-12-11,CA,3.21574350701197
2021-12-11,DE,2.484937411194
2021-12-11,FR,2.25718778109663
2021-12-11,GB,2.82246689356921
2021-12-11,IE,5.84102387374106
2021-12-11,IT,4.11161083707639
2021-12-11,NL,2.54651349672695
2021-12-11,US,2.96460840064939
2021-12-12,AU,3.28831759574431
2021-12-12,CA,3.22101304018294
2021-12-12,DE,2.49154664013811
2021-12-12,FR,2.25346830877815
2021-12-12,GB,2.82830248354395
2021-12-12,IE,5.85092819224579
2021-12-12,IT,4.1154886615439
2021-12-12,NL,2.54825769097515
2021-12-12,US,2.96991012165492
2021-12-13,AU,3.30554796064142
2021-12-13,CA,3.23089187393501
2021-12-13,DE,2.49813790534709
2021-12-13,FR,2.25075258044213
2021-12-13,GB,2.83505224854541
2021-12-13,IE,5.86726239823041
2021-12-13,IT,4.11864504651254
2021-12-13,NL,2.55323781731133
2021-12-13,US,2.9752240370093
2021-12-14,AU,3.32522849928503
2021-12-14,CA,3.23291765408265
2021-12-14,DE,2.50294100791528
2021-12-14,FR,2.25066893716535
2021-12-14,GB,2.84608001154287
2021-12-14,IE,5.88105670309599
2021-12-14,IT,4.12711455431019
2021-12-14,NL,2.55847857526797
2021-12-14,US,2.97816379119193
2021-12-15,AU,3.34789163497996
2021-12-15,CA,3.24071754281589
2021-12-15,DE,2.50877698271691
2021-12-15,FR,2.25627312016356
2021-12-15,GB,2.86092287755497
2021-12-15,IE,5.89429745471234
2021-12-15,IT,4.14394052317357
2021-12-15,NL,2.56355718998944
2021-12-15,US,2.99037593503883
2021-12-16,AU,3.36486712104078
2021-12-16,CA,3.24599063288947
2021-12-16,DE,2.513489981512
2021-12-16,FR,2.25728201934602
2021-12-16,GB,2.88051287891709
2021-12-16,IE,5.93704358126063
2021-12-16,IT,4.1549203829678
2021-12-16,NL,2.56951092516557
2021-12-16,US,3.0037451143488
2021-12-17,AU,3.37614491075069
2021-12-17,CA,3.24771344503854
2021-12-17,DE,2.51439624250411
2021-12-17,FR,2.25708861840452
2021-12-17,GB,2.8997579874452
2021-12-17,IE,5.973948685555
2021-12-17,IT,4.16723604996771
2021-12-17,NL,2.57202221060887
2021-12-17,US,3.01590161167018
2021-12-18,AU,3.38829597136172
2021-12-18,CA,3.2621337189953
2021-12-18,DE,2.51971392187296
2021-12-18,FR,2.26385382462716
2021-12-18,GB,2.92887447841251
2021-12-18,IE,6.02408550541688
2021-12-18,IT,4.1812327681921
2021-12-18,NL,2.57851639604942
2021-12-18,US,3.03016758876201
2021-12-19,AU,3.40392659069472
2021-12-19,CA,3.270139911847
2021-12-19,DE,2.52307299340799
2021-12-19,FR,2.26844229730184
2021-12-19,GB,2.95214046261155
2021-12-19,IE,6.07196804184488
2021-12-19,IT,4.19591407149633
2021-12-19,NL,2.58126226049996
2021-12-19,US,3.04181962494924
2021-12-20,AU,3.40997083633734
2021-12-20,CA,3.27689946297219
2021-12-20,DE,2.52437565573547
2021-12-20,FR,2.27063403370479
2021-12-20,GB,2.97412691524139
2021-12-20,IE,6.12256968287562
2021-12-20,IT,4.213314460554
2021-12-20,NL,2.58171837080465
2021-12-20,US,3.05232930217272
2021-12-21,AU,3.41909784928389
2021-12-21,CA,3.28305777282098
2021-12-21,DE,2.53013538885969
2021-12-21,FR,2.27410473932712
2021-12-21,GB,2.99224407953719
2021-12-21,IE,6.15532298102019
2021-12-21,IT,4.22406357358226
2021-12-21,NL,2.58773536199842
2021-12-21,US,3.05635712243203
2021-12-22,AU,3.42961787672934
2021-12-22,CA,3.2881061056157
2021-12-22,DE,2.53328877003379
2021-12-22,FR,2.27857111929054
2021-12-22,GB,3.01166772434419
2021-12-22,IE,6.191829785047
2021-12-22,IT,4.22839490528663
2021-12-22,NL,2.59352616207628
2021-12-22,US,3.05435260489975
2021-12-23,AU,3.4371880939356
2021-12-23,CA,3.2936102672084
2021-12-23,DE,2.5352564554043
2021-12-23,FR,2.28411868061506
2021-12-23,GB,3.02968725027289
2021-12-23,IE,6.22321854623465
2021-12-23,IT,4.23765686676523
2021-12-23,NL,2.60008307645996
2021-12-23,US,3.05071534452554
2021-12-24,AU,3.45271139804827
2021-12-24,CA,3.30209388805378
2021-12-24,DE,2.53926927009152
2021-12-24,FR,2.28991586335474
2021-12-24,GB,3.04643486643549
2021-12-24,IE,6.26555210319304
2021-12-24,IT,4.24611695184426
2021-12-24,NL,2.60990028367981
2021-12-24,US,3.04721592439311
2021-12-25,AU,3.47668685243099
2021-12-25,CA,3.3097652188699
2021-12-25,DE,2.54201761732759
2021-12-25,FR,2.29565474476472
2021-12-25,GB,3.06952827288294
2021-12-25,IE,6.30114075359571
2021-12-25,IT,4.26305728641413
2021-12-25,NL,2.61896180686629
2021-12-25,US,3.04274759562988
2021-12-26,AU,3.49345940511222
2021-12-26,CA,3.31732400765234
2021-12-26,DE,2.54425171941387
2021-12-26,FR,2.3004895875793
2021-12-26,GB,3.09150426628525
2021-12-26,IE,6.32532792686897
2021-12-26,IT,4.2768057324161
2021-12-26,NL,2.62834611354653
2021-12-26,US,3.03623589877487
2021-12-27,AU,3.51246570155733
2021-12-27,CA,3.32298915482281
2021-12-27,DE,2.54861069061878
2021-12-27,FR,2.30710603925841
2021-12-27,GB,3.11143476841204
2021-12-27,IE,6.34030780021327
2021-12-27,IT,4.28713729822177
2021-12-27,NL,2.63874122137635
2021-12-27,US,3.02605465775095
2021-12-28,AU,3.53620383991626
2021-12-28,CA,3.33404548599953
2021-12-28,DE,2.55045212902926
2021-12-28,FR,2.31378499760356
2021-12-28,GB,3.13482656598614
2021-12-28,IE,6.35349967899448
2021-12-28,IT,4.29842055829043
2021-12-28,NL,2.64473328156281
2021-12-28,US,3.0392070344235
2021-12-29,AU,3.55563331563279
2021-12-29,CA,3.3459502624496
2021-12-29,DE,2.55819975058683
2021-12-29,FR,2.31802619809862
2021-12-29,GB,3.15533640811215
2021-12-29,IE,6.374562165639
2021-12-29,IT,4.30859262107357
2021-12-29,NL,2.65175906159412
2021-12-29,US,3.03739778518553
2021-12-30,AU,3.57799702752716
2021-12-30,CA,3.3606279573589
2021-12-30,DE,2.56008728149435
2021-12-30,FR,2.32299456523653
2021-12-30,GB,3.18471303349234
2021-12-30,IE,6.38961296295351
2021-12-30,IT,4.31853090890931
2021-12-30,NL,2.6558864149881
2021-12-30,US,3.03452744524081
2021-12-31,AU,3.59561868032388
2021-12-31,CA,3.37400336439999
2021-12-31,DE,2.56550201249665
2021-12-31,FR,2.32856010067208
2021-12-31,GB,3.21256164090825
2021-12-31,IE,6.39814221393148
2021-12-31,IT,4.33030864962642
2021-12-31,NL,2.65987739117791
2021-12-31,US,3.03283120117815
2022-01-01,AU,3.61494350176276
2022-01-01,CA,3.37904628703824
2022-01-01,DE,2.56944260297431
2022-01-01,FR,2.32941441739241
2022-01-01,GB,3.23828820094012
2022-01-01,IE,6.39320033780522
2022-01-01,IT,4.34842970067322
2022-01-01,NL,2.66401057139712
2022-01-01,US,3.01948482477093
2022-01-02,AU,3.63178995677124
2022-01-02,CA,3.39031210214605
2022-01-02,DE,2.57418020299344
2022-01-02,FR,2.33056163439067
2022-01-02,GB,3.26626753925125
2022-01-02,IE,6.40088610201167
2022-01-02,IT,4.36504525818077
2022-01-02,NL,2.66799922426664
2022-01-02,US,3.01571849658284
2022-01-03,AU,3.64920983310405
2022-01-03,CA,3.40313916934677
2022-01-03,DE,2.57926639265006
2022-01-03,FR,2.33242829295957
2022-01-03,GB,3.29613294280661
2022-01-03,IE,6.4043504921148
2022-01-03,IT,4.37972830517556
2022-01-03,NL,2.67176587684829
2022-01-03,US,3.01572015870058
2022-01-04,AU,3.66516958818057
2022-01-04,CA,3.41137042268809
2022-01-04,DE,2.58354844469575
2022-01-04,FR,2.33110840451168
2022-01-04,GB,3.32236329165685
2022-01-04,IE,6.41984164505666
2022-01-04,IT,4.38631513774877
2022-01-04,NL,2.67705012368279
2022-01-04,US,3.0006889672085
2022-01-05,AU,3.67334014536596
2022-01-05,CA,3.42191218997446
2022-01-05,DE,2.58243445956445
2022-01-05,FR,2.33300493850127
2022-01-05,GB,3.34160687964215
2022-01-05,IE,6.41476065797279
2022-01-05,IT,4.39206670619047
2022-01-05,NL,2.67654966760738
2022-01-05,US,2.99931862275695
2022-01-06,AU,3.68061627677733
2022-01-06,CA,3.42292886207154
2022-01-06,DE,2.58781982256627
2022-01-06,FR,2.32656303523367
2022-01-06,GB,3.34249057294703
2022-01-06,IE,6.40675365778851
2022-01-06,IT,4.38957403621207
2022-01-06,NL,2.67637898489621
2022-01-06,US,2.99622916132063
2022-01-07,AU,3.68845675895531
2022-01-07,CA,3.42812157778217
2022-01-07,DE,2.58923889148088
2022-01-07,FR,2.32065065286981
2022-01-07,GB,3.34051424248626
2022-01-07,IE,6.39073079141162
2022-01-07,IT,4.37930558401938
2022-01-07,NL,2.67454580660172
2022-01-07,US,2.9969197216598
2022-01-08,AU,3.68242159388244
2022-01-08,CA,3.43145575972676
2022-01-08,DE,2.58657322684774
2022-01-08,FR,2.31625562989474
2022-01-08,GB,3.3251992258978
2022-01-08,IE,6.36704839230327
2022-01-08,IT,4.35536259316339
2022-01-08,NL,2.67021066808903
2022-01-08,US,3.00326429687992
2022-01-09,AU,3.68808936319532
2022-01-09,CA,3.43254430089742
2022-01-09,DE,2.58571601964171
2022-01-09,FR,2.31270586690613
2022-01-09,GB,3.30580476302769
2022-01-09,IE,6.34464830004298
2022-01-09,IT,4.33253985116318
2022-01-09,NL,2.66468144589903
2022-01-09,US,3.00578426464925
2022-01-10,AU,3.69690299974317
2022-01-10,CA,3.43572737006239
2022-01-10,DE,2.58724907442355
2022-01-10,FR,2.3090993266299
2022-01-10,GB,3.28646240621223
2022-01-10,IE,6.33172270080327
2022-01-10,IT,4.31102905128658
2022-01-10,NL,2.66168452613002
2022-01-10,US,3.00967250003388
2022-01-11,AU,3.69766297990757
2022-01-11,CA,3.44031599376823
2022-01-11,DE,2.58792404318577
2022-01-11,FR,2.30606870057301
2022-01-11,GB,3.26360877781671
2022-01-11,IE,6.29408304772272
2022-01-11,IT,4.29728552731183
2022-01-11,NL,2.65665261595531
2022-01-11,US,3.01383209412652
2022-01-12,AU,3.70330681069989
2022-01-12,CA,3.44367564446961
2022-01-12,DE,2.59122204338683
2022-01-12,FR,2.30005538408692
2022-01-12,GB,3.24536073469884
2022-01-12,IE,6.26160152403244
2022-01-12,IT,4.27802431349975
2022-01-12,NL,2.65952925056668
2022-01-12,US,3.01979509949039
2022-01-13,AU,3.70897955649804
2022-01-13,CA,3.45511985264953
2022-01-13,DE,2.59214057747533
2022-01-13,FR,2.30125732762425
2022-01-13,GB,3.22752590954867
2022-01-13,IE,6.23758842128829
2022-01-13,IT,4.25321467613321
2022-01-13,NL,2.6592186933159
2022-01-13,US,3.03035083071936
2022-01-14,AU,3.70941034718279
2022-01-14,CA,3.46091586339141
2022-01-14,DE,2.59142111998961
2022-01-14,FR,2.29808883903626
2022-01-14,GB,3.21156982097453
2022-01-14,IE,6.20951860235734
2022-01-14,IT,4.21907808831186
2022-01-14,NL,2.65793323606189
2022-01-14,US,3.03609800992107
2022-01-15,AU,3.71850124713193
2022-01-15,CA,3.47389670298943
2022-01-15,DE,2.58975575347767
2022-01-15,FR,2.29786786439953
2022-01-15,GB,3.20070402816265
2022-01-15,IE,6.20593388865797
2022-01-15,IT,4.19520440115016
2022-01-15,NL,2.65826346036994
2022-01-15,US,3.04944268744132
2022-01-16,AU,3.72012697417862
2022-01-16,CA,3.48653225597575
2022-01-16,DE,2.58599031658504
2022-01-16,FR,2.29764019046958
2022-01-16,GB,3.19817794403147
2022-01-16,IE,6.19740655601789
2022-01-16,IT,4.17666311153662
2022-01-16,NL,2.66057252999059
2022-01-16,US,3.05955969471996
2022-01-17,AU,3.71739146375335
2022-01-17,CA,3.49254048582676
2022-01-17,DE,2.58069717052131
2022-01-17,FR,2.29323889236627
2022-01-17,GB,3.19453525151062
2022-01-17,IE,6.18852468835902
2022-01-17,IT,4.16118915374552
2022-01-17,NL,2.65932702313459
2022-01-17,US,3.06850776808998
2022-01-18,AU,3.71145266290485
2022-01-18,CA,3.50064942552828
2022-01-18,DE,2.57401051962737
2022-01-18,FR,2.29188141581574
2022-01-18,GB,3.19262816492301
2022-01-18,IE,6.18956161634953
2022-01-18,IT,4.14212825428325
2022-01-18,NL,2.66111801710988
2022-01-18,US,3.07885269694814
2022-01-19,AU,3.70834040316691
2022-01-19,CA,3.50582866957952
2022-01-19,DE,2.56638579267859
2022-01-19,FR,2.29358274446854
2022-01-19,GB,3.19056345518081
2022-01-19,IE,6.19629078437849
2022-01-19,IT,4.13125082957588
2022-01-19,NL,2.66072856580007
2022-01-19,US,3.08676575776613
2022-01-20,AU,3.70932012687597
2022-01-20,CA,3.50982671123991
2022-01-20,DE,2.55819787446313
2022-01-20,FR,2.29457508570011
2022-01-20,GB,3.19260297986265
2022-01-20,IE,6.20326483866413
2022-01-20,IT,4.13616793466141
2022-01-20,NL,2.6617396700406
2022-01-20,US,3.09739358765515
2022-01-21,AU,3.71867033662409
2022-01-21,CA,3.51448031954318
2022-01-21,DE,2.55465383494111
2022-01-21,FR,2.29764266757734
2022-01-21,GB,3.19581543396013
2022-01-21,IE,6.21231667050117
2022-01-21,IT,4.14524315362387
2022-01-21,NL,2.66362563104485
2022-01-21,US,3.10988601653547
2022-01-22,AU,3.69912729424685
2022-01-22,CA,3.51012836945018
2022-01-22,DE,2.55263456265967
2022-01-22,FR,2.29807862497211
2022-01-22,GB,3.18850322108278
2022-01-22,IE,6.19468275368665
2022-01-22,IT,4.1433503071965
2022-01-22,NL,2.66093471282748
2022-01-22,US,3.11832064933905
2022-01-23,AU,3.68076911298815
2022-01-23,CA,3.50373189365883
2022-01-23,DE,2.55221178954617
2022-01-23,FR,2.29584196864152
2022-01-23,GB,3.17730481688232
2022-01-23,IE,6.16700394545224
2022-01-23,IT,4.13756481028718
2022-01-23,NL,2.65827715237196
2022-01-23,US,3.12759518850289
2022-01-24,AU,3.665339995184
2022-01-24,CA,3.49642207452397
2022-01-24,DE,2.55276334001904
2022-01-24,FR,2.29830004143429
2022-01-24,GB,3.16791931116898
2022-01-24,IE,6.13872189356449
2022-01-24,IT,4.13122957737864
2022-01-24,NL,2.65571658545134
2022-01-24,US,3.13678105755256
2022-01-25,AU,3.64860410607216
2022-01-25,CA,3.48936589952992
2022-01-25,DE,2.55432081499333
2022-01-25,FR,2.2944722438791
2022-01-25,GB,3.16593335938517
2022-01-25,IE,6.11553018002322
2022-01-25,IT,4.1174687840899
2022-01-25,NL,2.65324781967441
2022-01-25,US,3.14634443532049
2022-01-26,AU,3.62399868679924
2022-01-26,CA,3.47852267785106
2022-01-26,DE,2.55208085270113
2022-01-26,FR,2.2859953401535
2022-01-26,GB,3.16058959466855
2022-01-26,IE,6.07077394234309
2022-01-26,IT,4.10150845830987
2022-01-26,NL,2.64798451870892
2022-01-26,US,3.15603291862085
2022-01-27,AU,3.60137040086152
2022-01-27,CA,3.4730333108092
2022-01-27,DE,2.55144526994231
2022-01-27,FR,2.27877938504358
2022-01-27,GB,3.15712786984238
2022-01-27,IE,6.03070359389105
2022-01-27,IT,4.08840744971483
2022-01-27,NL,2.64226017260307
2022-01-27,US,3.1637975322022
2022-01-28,AU,3.56632297262186
2022-01-28,CA,3.46153626403904
2022-01-28,DE,2.55014292086773
2022-01-28,FR,2.26285251473035
2022-01-28,GB,3.13865098024211
2022-01-28,IE,5.98115034138995
2022-01-28,IT,4.0668879841014
2022-01-28,NL,2.63702822519057
2022-01-28,US,3.17202360061988
2022-01-29,AU,3.55676775660406
2022-01-29,CA,3.45987596214472
2022-01-29,DE,2.5482599731061
2022-01-29,FR,2.24648375969827
2022-01-29,GB,3.14655650232896
2022-01-29,IE,5.94416668106396
2022-01-29,IT,4.04836299600508
2022-01-29,NL,2.63675391269994
2022-01-29,US,3.17926959614254
2022-01-30,AU,3.5481754592482
2022-01-30,CA,3.45516140238885
2022-01-30,DE,2.54479400328118
2022-01-30,FR,2.23104707200538
2022-01-30,GB,3.1517983892638
2022-01-30,IE,5.90513184015396
2022-01-30,IT,4.02387567310011
2022-01-30,NL,2.63507223766455
2022-01-30,US,3.18313544301102
2022-01-31,AU,3.53536391892201
2022-01-31,CA,3.45222052194303
2022-01-31,DE,2.5410309012314
2022-01-31,FR,2.21381446755667
2022-01-31,GB,3.15613765489388
2022-01-31,IE,5.8736857417173
2022-01-31,IT,3.99912879269008
2022-01-31,NL,2.63438631645937
2022-01-31,US,3.18747472393184
2022-02-01,AU,3.52711543458584
2022-02-01,CA,3.4453678387109
2022-02-01,DE,2.53798670360175
2022-02-01,FR,2.20256628602921
2022-02-01,GB,3.15845781934328
2022-02-01,IE,5.82954009250862
2022-02-01,IT,3.98047128518333
2022-02-01,NL,2.62531702731388
2022-02-01,US,3.19257220300558
2022-02-02,AU,3.52745482639609
2022-02-02,CA,3.4377914624206
2022-02-02,DE,2.5378721350421
2022-02-02,FR,2.19172012705555
2022-02-02,GB,3.16275307556736
2022-02-02,IE,5.80004163679189
2022-02-02,IT,3.99537225182397
2022-02-02,NL,2.6160181873119
2022-02-02,US,3.19751166499839
2022-02-03,AU,3.51811419514528
2022-02-03,CA,3.43203948256916
2022-02-03,DE,2.53479461428364
2022-02-03,FR,2.17970238205729
2022-02-03,GB,3.16456805970297
2022-02-03,IE,5.76397801587781
2022-02-03,IT,4.00090444163669
2022-02-03,NL,2.61002497046018
2022-02-03,US,3.19826458501924
2022-02-04,AU,3.51754047670182
2022-02-04,CA,3.4292447099804
2022-02-04,DE,2.532265255258
2022-02-04,FR,2.17639033359629
2022-02-04,GB,3.18024413459758
2022-02-04,IE,5.73637892597381
2022-02-04,IT,4.02399688915188
2022-02-04,NL,2.60251136716611
2022-02-04,US,3.19513641537753
2022-02-05,AU,3.49647061538005
2022-02-05,CA,3.42582092551817
2022-02-05,DE,2.53571370472773
2022-02-05,FR,2.17288647819971
2022-02-05,GB,3.18159826198903
2022-02-05,IE,5.71451143837792
2022-02-05,IT,4.04655312377834
2022-02-05,NL,2.59580523497195
2022-02-05,US,3.19766486074794
2022-02-06,AU,3.46972249449292
2022-02-06,CA,3.422119560454
2022-02-06,DE,2.53995901179088
2022-02-06,FR,2.17003616493242
2022-02-06,GB,3.18021848012254
2022-02-06,IE,5.69904566444818
2022-02-06,IT,4.0679041515609
2022-02-06,NL,2.59020681630722
2022-02-06,US,3.20005353899652
2022-02-07,AU,3.44745913964814
2022-02-07,CA,3.42003378154375
2022-02-07,DE,2.5435057177883
2022-02-07,FR,2.16883685173804
2022-02-07,GB,3.18187294514543
2022-02-07,IE,5.67802896126688
2022-02-07,IT,4.08944084968941
2022-02-07,NL,2.58307652997292
2022-02-07,US,3.20634770007652
2022-02-08,AU,3.42610224141435
2022-02-08,CA,3.42451580030977
2022-02-08,DE,2.54668474689768
2022-02-08,FR,2.16559071785
2022-02-08,GB,3.17842642039904
2022-02-08,IE,5.67691541280452
2022-02-08,IT,4.11859409648492
2022-02-08,NL,2.58546806778069
2022-02-08,US,3.20096433447632
2022-02-09,AU,3.40468229253729
2022-02-09,CA,3.42681461055505
2022-02-09,DE,2.54774152994668
2022-02-09,FR,2.1645874787183
2022-02-09,GB,3.17369629713237
2022-02-09,IE,5.6681693897702
2022-02-09,IT,4.1459846106056
2022-02-09,NL,2.58733479725557
2022-02-09,US,3.20255623443181
2022-02-10,AU,3.38815272771852
2022-02-10,CA,3.42281114213478
2022-02-10,DE,2.55240135092013
2022-02-10,FR,2.16479710231116
2022-02-10,GB,3.16799656874778
2022-02-10,IE,5.65626951131008
2022-02-10,IT,4.17397996021965
2022-02-10,NL,2.58619262202498
2022-02-10,US,3.20395719016938
2022-02-11,AU,3.36808009483536
2022-02-11,CA,3.42413335981812
2022-02-11,DE,2.55637430439003
2022-02-11,FR,2.16463660190051
2022-02-11,GB,3.16189130306247
2022-02-11,IE,5.65050111478541
2022-02-11,IT,4.20034549062654
2022-02-11,NL,2.58512515434543
2022-02-11,US,3.20945564401602
2022-02-12,AU,3.3663703307223
2022-02-12,CA,3.42788375065969
2022-02-12,DE,2.55786062437681
2022-02-12,FR,2.1646772858236
2022-02-12,GB,3.15729975962314
2022-02-12,IE,5.65076638185126
2022-02-12,IT,4.22643824029078
2022-02-12,NL,2.5859504772694
2022-02-12,US,3.21105363527383
2022-02-13,AU,3.36138822851215
2022-02-13,CA,3.43305248167643
2022-02-13,DE,2.55662576043318
2022-02-13,FR,2.16471203431207
2022-02-13,GB,3.15562920352056
2022-02-13,IE,5.6546083454063
2022-02-13,IT,4.25621796750979
2022-02-13,NL,2.58498388304538
2022-02-13,US,3.2136667790249
2022-02-14,AU,3.36254047192488
2022-02-14,CA,3.44118504174
2022-02-14,DE,2.55600240802695
2022-02-14,FR,2.16610527081673
2022-02-14,GB,3.15344960001103
2022-02-14,IE,5.65818891668554
2022-02-14,IT,4.28864991209685
2022-02-14,NL,2.58550970730562
2022-02-14,US,3.21265496047232
2022-02-15,AU,3.36668037163945
2022-02-15,CA,3.41809803606452
2022-02-15,DE,2.55756575945921
2022-02-15,FR,2.16648862786535
2022-02-15,GB,3.14948098279572
2022-02-15,IE,5.65025473684326
2022-02-15,IT,4.2841800800225
2022-02-15,NL,2.57955933077861
2022-02-15,US,3.21528623935954
2022-02-16,AU,3.3630378263849
2022-02-16,CA,3.41547585517336
2022-02-16,DE,2.56109372806744
2022-02-16,FR,2.16183370771499
2022-02-16,GB,3.14588478037314
2022-02-16,IE,5.64853376300468
2022-02-16,IT,4.24858629272046
2022-02-16,NL,2.57757124957988
2022-02-16,US,3.21697219963529
2022-02-17,AU,3.35406879253009
2022-02-17,CA,3.41534151225171
2022-02-17,DE,2.56123032107595
2022-02-17,FR,2.15966309539071
2022-02-17,GB,3.14215597762764
2022-02-17,IE,5.64844225010248
2022-02-17,IT,4.21170068183307
2022-02-17,NL,2.57820540280887
2022-02-17,US,3.22262302105687
2022-02-18,AU,3.3510730128215
2022-02-18,CA,3.41018575447069
2022-02-18,DE,2.56107389034382
2022-02-18,FR,2.15927782692833
2022-02-18,GB,3.14096686464386
2022-02-18,IE,5.64540918760087
2022-02-18,IT,4.17681548103279
2022-02-18,NL,2.58213332182104
2022-02-18,US,3.22574915897696
2022-02-19,AU,3.34157487524628
2022-02-19,CA,3.39550370802715
2022-02-19,DE,2.55560676672037
2022-02-19,FR,2.15484590688192
2022-02-19,GB,3.13270885448298
2022-02-19,IE,5.62427214769647
2022-02-19,IT,4.13766373749086
2022-02-19,NL,2.58091496493554
2022-02-19,US,3.22489374030407
2022-02-20,AU,3.34118355730495
2022-02-20,CA,3.38712603726615
2022-02-20,DE,2.55641472951472
2022-02-20,FR,2.1553843987548
2022-02-20,GB,3.12879608658162
2022-02-20,IE,5.61454327264856
2022-02-20,IT,4.10386329499196
2022-02-20,NL,2.58176362530012
2022-02-20,US,3.22606921037314
2022-02-21,AU,3.33129735583135
2022-02-21,CA,3.37310496842158
2022-02-21,DE,2.55733244359045
2022-02-21,FR,2.15348099604104
2022-02-21,GB,3.12199934106685
2022-02-21,IE,5.59943858003942
2022-02-21,IT,4.06568096971686
2022-02-21,NL,2.58236497314902
2022-02-21,US,3.22929068666873
2022-02-22,AU,3.32032688412817
2022-02-22,CA,3.38710421077735
2022-02-22,DE,2.55586745808719
2022-02-22,FR,2.15126730670784
2022-02-22,GB,3.11812430406601
2022-02-22,IE,5.59414788608936
2022-02-22,IT,4.05722922473134
2022-02-22,NL,2.58459033108553
2022-02-22,US,3.23685085965774
2022-02-23,AU,3.31320263870653
2022-02-23,CA,3.38336394877743
2022-02-23,DE,2.55451947788616
2022-02-23,FR,2.15146613522598
2022-02-23,GB,3.11495938436841
2022-02-23,IE,5.59095759209386
2022-02-23,IT,4.05224922664551
2022-02-23,NL,2.58653667661347
2022-02-23,US,3.24072335326166
2022-02-24,AU,3.30787625525585
2022-02-24,CA,3.38083994360956
2022-02-24,DE,2.55622307789429
2022-02-24,FR,2.1513816198126
2022-02-24,GB,3.11536991474912
2022-02-24,IE,5.58495046629964
2022-02-24,IT,4.04824389698067
2022-02-24,NL,2.58538120576305
2022-02-24,US,3.24277231784524
2022-02-25,AU,3.29835399081589
2022-02-25,CA,3.37976766575789
2022-02-25,DE,2.55899844137824
2022-02-25,FR,2.15112208711914
2022-02-25,GB,3.11315530466078
2022-02-25,IE,5.58736269160827
2022-02-25,IT,4.04252533195372
2022-02-25,NL,2.5855160993607
2022-02-25,US,3.24450222343186
2022-02-26,AU,3.29528262370045
2022-02-26,CA,3.38200522634633
2022-02-26,DE,2.56472575933227
2022-02-26,FR,2.15499786158975
2022-02-26,GB,3.11711551712848
2022-02-26,IE,5.59711378709779
2022-02-26,IT,4.04562703057931
2022-02-26,NL,2.58441790228466
2022-02-26,US,3.24900983599651
2022-02-27,AU,3.28877513651208
2022-02-27,CA,3.38365766288431
2022-02-27,DE,2.56699377261139
2022-02-27,FR,2.15465740142753
2022-02-27,GB,3.1174007069722
2022-02-27,IE,5.59846443734306
2022-02-27,IT,4.05069573328944
2022-02-27,NL,2.58322300824279
2022-02-27,US,3.25307910118264
2022-02-28,AU,3.28416838811233
2022-02-28,CA,3.38818264187952
2022-02-28,DE,2.56782047431046
2022-02-28,FR,2.15569091837543
2022-02-28,GB,3.11861413743569
2022-02-28,IE,5.60982274051107
2022-02-28,IT,4.05693631652738
2022-02-28,NL,2.58468241583316
2022-02-28,US,3.2567903993881
2022-03-01,AU,3.27777394597122
2022-03-01,CA,3.38863503387561
2022-03-01,DE,2.56679031094787
2022-03-01,FR,2.15325870498653
2022-03-01,GB,3.12326929977715
2022-03-01,IE,5.60474342614972
2022-03-01,IT,4.06645612394006
2022-03-01,NL,2.58646272922944
2022-03-01,US,3.25040111402213
2022-03-02,AU,3.27817494862471
2022-03-02,CA,3.38891193341515
2022-03-02,DE,2.56379867382032
2022-03-02,FR,2.15481745026626
2022-03-02,GB,3.13200070544339
2022-03-02,IE,5.60594775755418
2022-03-02,IT,4.07998642822661
2022-03-02,NL,2.58817923435386
2022-03-02,US,3.25315387792816
2022-03-03,AU,3.2804765439638
2022-03-03,CA,3.3821587424062
2022-03-03,DE,2.56279008316875
2022-03-03,FR,2.15206526136535
2022-03-03,GB,3.14264356153962
2022-03-03,IE,5.62278406413883
2022-03-03,IT,4.09190498223403
2022-03-03,NL,2.59097148607963
2022-03-03,US,3.25309078550251
2022-03-04,AU,3.2835399252137
2022-03-04,CA,3.37256714458793
2022-03-04,DE,2.55900841204403
2022-03-04,FR,2.14692970471382
2022-03-04,GB,3.15203938180656
2022-03-04,IE,5.62917295047952
2022-03-04,IT,4.0983980520091
2022-03-04,NL,2.58826940067326
2022-03-04,US,3.25407669604869
2022-03-05,AU,3.28658610056314
2022-03-05,CA,3.36129727440173
2022-03-05,DE,2.55667511244014
2022-03-05,FR,2.14250870794685
2022-03-05,GB,3.15824098962768
2022-03-05,IE,5.63788585381372
2022-03-05,IT,4.09831830720728
2022-03-05,NL,2.58850059485028
2022-03-05,US,3.25556831798626
2022-03-06,AU,3.29135896160562
2022-03-06,CA,3.35101511801131
2022-03-06,DE,2.55486796415289
2022-03-06,FR,2.13961764520139
2022-03-06,GB,3.16441925936305
2022-03-06,IE,5.6543973089476
2022-03-06,IT,4.0909788172946
2022-03-06,NL,2.58964863228647
2022-03-06,US,3.25773336295922
2022-03-07,AU,3.29761855885393
2022-03-07,CA,3.34098376780445
2022-03-07,DE,2.55290810594288
2022-03-07,FR,2.13825548609146
2022-03-07,GB,3.17277277933432
2022-03-07,IE,5.66213840716133
2022-03-07,IT,4.08489838145576
2022-03-07,NL,2.58563007321666
2022-03-07,US,3.25955636809271
2022-03-08,AU,3.30207457158377
2022-03-08,CA,3.33151720722963
2022-03-08,DE,2.55404603876197
2022-03-08,FR,2.13799638898402
2022-03-08,GB,3.1765740949033
2022-03-08,IE,5.68002541343418
2022-03-08,IT,4.07260538425176
2022-03-08,NL,2.58480892943089
2022-03-08,US,3.26967229603063
2022-03-09,AU,3.31859418019142
2022-03-09,CA,3.32607352334721
2022-03-09,DE,2.55611139755642
2022-03-09,FR,2.13383980546091
2022-03-09,GB,3.17886499733048
2022-03-09,IE,5.69385161899203
2022-03-09,IT,4.06074288697085
2022-03-09,NL,2.58270220205038
2022-03-09,US,3.27278413592715
2022-03-10,AU,3.33745298962793
2022-03-10,CA,3.31949567845945
2022-03-10,DE,2.55468783639735
2022-03-10,FR,2.13204392170641
2022-03-10,GB,3.17637615164779
2022-03-10,IE,5.69413539424864
2022-03-10,IT,4.05339482536985
2022-03-10,NL,2.57898258454621
2022-03-10,US,3.27884332513986
2022-03-11,AU,3.35706565455491
2022-03-11,CA,3.31455890654815
2022-03-11,DE,2.55538995669621
2022-03-11,FR,2.13045535782354
2022-03-11,GB,3.17316106160905
2022-03-11,IE,5.69367858565423
2022-03-11,IT,4.05093057132258
2022-03-11,NL,2.57929043307935
2022-03-11,US,3.28358321758035
2022-03-12,AU,3.37859951132618
2022-03-12,CA,3.31269900011244
2022-03-12,DE,2.55597664311409
2022-03-12,FR,2.12779928737142
2022-03-12,GB,3.16993143434203
2022-03-12,IE,5.68587612560286
2022-03-12,IT,4.04913904258311
2022-03-12,NL,2.57635539455522
2022-03-12,US,3.28853364846504
2022-03-13,AU,3.40221241602151
2022-03-13,CA,3.30605172549736
2022-03-13,DE,2.55439202176341
2022-03-13,FR,2.12306864276101
2022-03-13,GB,3.16680013515421
2022-03-13,IE,5.66857811289041
2022-03-13,IT,4.05131728057696
2022-03-13,NL,2.57260078724758
2022-03-13,US,3.29004779239234
2022-03-14,AU,3.423747538609
2022-03-14,CA,3.29757735501186
2022-03-14,DE,2.55457550731975
2022-03-14,FR,2.11850190034723
2022-03-14,GB,3.15969668318061
2022-03-14,IE,5.66203508712445
2022-03-14,IT,4.05436880748892
2022-03-14,NL,2.57085822041673
2022-03-14,US,3.28958887372427
2022-03-15,AU,3.44418538555869
2022-03-15,CA,3.29146432397687
2022-03-15,DE,2.55583637766339
2022-03-15,FR,2.11484089079512
2022-03-15,GB,3.15440523831877
2022-03-15,IE,5.65300313408686
2022-03-15,IT,4.06216657791892
2022-03-15,NL,2.56569042477092
2022-03-15,US,3.27699145617131
2022-03-16,AU,3.43890006318887
2022-03-16,CA,3.28242926369484
2022-03-16,DE,2.55907914251354
2022-03-16,FR,2.11234826291605
2022-03-16,GB,3.12935693208265
2022-03-16,IE,5.64652079507488
2022-03-16,IT,4.05412530731042
2022-03-16,NL,2.56056870403951
2022-03-16,US,3.26231428885128
2022-03-17,AU,3.43302104047689
2022-03-17,CA,3.27594680363138
2022-03-17,DE,2.56251075888494
2022-03-17,FR,2.1102644418587
2022-03-17,GB,3.10514100484081
2022-03-17,IE,5.64867468872726
2022-03-17,IT,4.04318143315437
2022-03-17,NL,2.55602562491547
2022-03-17,US,3.24660521054598
2022-03-18,AU,3.42813946702714
2022-03-18,CA,3.26768604022412
2022-03-18,DE,2.56499077275872
2022-03-18,FR,2.11004418478904
2022-03-18,GB,3.08390574535862
2022-03-18,IE,5.65593789555745
2022-03-18,IT,4.03469886948012
2022-03-18,NL,2.55169989058844
2022-03-18,US,3.23176977842525
2022-03-19,AU,3.41891259198018
2022-03-19,CA,3.2603263139773
2022-03-19,DE,2.56952338415144
2022-03-19,FR,2.11101234833988
2022-03-19,GB,3.06112861475137
2022-03-19,IE,5.68388893046133
2022-03-19,IT,4.03120188942716
2022-03-19,NL,2.54939609354281
2022-03-19,US,3.21777206946464
2022-03-20,AU,3.40904157516834
2022-03-20,CA,3.25590224678506
2022-03-20,DE,2.57447777218556
2022-03-20,FR,2.1121344230307
2022-03-20,GB,3.04024512511799
2022-03-20,IE,5.70075582160249
2022-03-20,IT,4.02202364855913
2022-03-20,NL,2.54906784285815
2022-03-20,US,3.20634137418626
2022-03-21,AU,3.40020083367417
2022-03-21,CA,3.25097894056626
2022-03-21,DE,2.57707888940062
2022-03-21,FR,2.11206439100818
2022-03-21,GB,3.01602140558336
2022-03-21,IE,5.70716696475848
2022-03-21,IT,4.01022352411919
2022-03-21,NL,2.54961325481085
2022-03-21,US,3.18774212039978
2022-03-22,AU,3.37931258288183
2022-03-22,CA,3.23975920011594
2022-03-22,DE,2.58067518718182
2022-03-22,FR,2.11228948566457
2022-03-22,GB,2.99405754738332
2022-03-22,IE,5.71307979491103
2022-03-22,IT,3.99917734926823
2022-03-22,NL,2.5493324387652
2022-03-22,US,3.18282699292826
2022-03-23,AU,3.38450856034183
2022-03-23,CA,3.22991719944283
2022-03-23,DE,2.58413163373861
2022-03-23,FR,2.10886822557731
2022-03-23,GB,2.99417991996783
2022-03-23,IE,5.71296868765225
2022-03-23,IT,3.99493206539798
2022-03-23,NL,2.55131826370095
2022-03-23,US,3.1837188098232
2022-03-24,AU,3.38735221075625
2022-03-24,CA,3.22277148789079
2022-03-24,DE,2.58921728244276
2022-03-24,FR,2.10696788932235
2022-03-24,GB,2.99599371080172
2022-03-24,IE,5.69738104009975
2022-03-24,IT,3.99342456563246
2022-03-24,NL,2.55445793304148
2022-03-24,US,3.18407251573147
2022-03-25,AU,3.38502787321899
2022-03-25,CA,3.21891678397904
2022-03-25,DE,2.59499185934137
2022-03-25,FR,2.10317313004127
2022-03-25,GB,2.9963958777329
2022-03-25,IE,5.68319521499557
2022-03-25,IT,3.98941838197346
2022-03-25,NL,2.55621233542535
2022-03-25,US,3.18315597492222
2022-03-26,AU,3.3825676242249
2022-03-26,CA,3.21361354497954
2022-03-26,DE,2.59820686960846
2022-03-26,FR,2.09779926281441
2022-03-26,GB,3.00278600506638
2022-03-26,IE,5.65843524744143
2022-03-26,IT,3.9898673619743
2022-03-26,NL,2.55652212600213
2022-03-26,US,3.1829494068933
2022-03-27,AU,3.38197163861696
2022-03-27,CA,3.20756294316486
2022-03-27,DE,2.6022361567546
2022-03-27,FR,2.09159403252642
2022-03-27,GB,3.00561131730474
2022-03-27,IE,5.63856522697566
2022-03-27,IT,3.99717591933021
2022-03-27,NL,2.55152875136827
2022-03-27,US,3.18250290679576
2022-03-28,AU,3.38015628665171
2022-03-28,CA,3.20401054069721
2022-03-28,DE,2.60712388891751
2022-03-28,FR,2.08600984742744
2022-03-28,GB,3.01292718446295
2022-03-28,IE,5.62495838552057
2022-03-28,IT,4.00417500491332
2022-03-28,NL,2.55025433873349
2022-03-28,US,3.1796024590763
2022-03-29,AU,3.39281895635133
2022-03-29,CA,3.20657119165875
2022-03-29,DE,2.60578971253937
2022-03-29,FR,2.07915847897549
2022-03-29,GB,3.01779511696343
2022-03-29,IE,5.60991106055067
2022-03-29,IT,4.00975287752127
2022-03-29,NL,2.5509537572324
2022-03-29,US,3.17742631938621
2022-03-30,AU,3.38019808351055
2022-03-30,CA,3.21023531664655
2022-03-30,DE,2.60299310855937
2022-03-30,FR,2.0772869140826
2022-03-30,GB,3.02071824371505
2022-03-30,IE,5.52534644442501
2022-03-30,IT,4.02875587275118
2022-03-30,NL,2.54665441307363
2022-03-30,US,3.17748311653324
2022-03-31,AU,3.37206908360684
2022-03-31,CA,3.21339728275945
2022-03-31,DE,2.60050242218499
2022-03-31,FR,2.07685870339087
2022-03-31,GB,3.02282615582153
2022-03-31,IE,5.43845695371957
2022-03-31,IT,4.04100765342578
2022-03-31,NL,2.54277377286069
2022-03-31,US,3.17549425699797
2022-04-01,AU,3.36373115054852
2022-04-01,CA,3.2183337189905
2022-04-01,DE,2.59477140277473
2022-04-01,FR,2.07450333590621
2022-04-01,GB,3.02610742351645
2022-04-01,IE,5.3603303387013
2022-04-01,IT,4.05470883585548
2022-04-01,NL,2.5370980714917
2022-04-01,US,3.17786348523967
2022-04-02,AU,3.35549138165372
2022-04-02,CA,3.22331070438169
2022-04-02,DE,2.59245435794422
2022-04-02,FR,2.07234736520027
2022-04-02,GB,3.02931982760437
2022-04-02,IE,5.28587249073971
2022-04-02,IT,4.06316690718208
2022-04-02,NL,2.5336559207466
2022-04-02,US,3.1797429785205
2022-04-03,AU,3.34859129726671
2022-04-03,CA,3.23087206673437
2022-04-03,DE,2.58934689053827
2022-04-03,FR,2.07168334544268
2022-04-03,GB,3.03193287656571
2022-04-03,IE,5.21066427702718
2022-04-03,IT,4.06650821006269
2022-04-03,NL,2.53477053614652
2022-04-03,US,3.18153794026407
2022-04-04,AU,3.34953990550617
2022-04-04,CA,3.23888002214675
2022-04-04,DE,2.58583492066524
2022-04-04,FR,2.07126092631927
2022-04-04,GB,3.03523680924885
2022-04-04,IE,5.1281127262079
2022-04-04,IT,4.07669934114697
2022-04-04,NL,2.53125556776772
2022-04-04,US,3.18595283782357
2022-04-05,AU,3.33855315879099
2022-04-05,CA,3.24607041764456
2022-04-05,DE,2.58610879921197
2022-04-05,FR,2.07254259036675
2022-04-05,GB,3.03751628483321
2022-04-05,IE,5.06171263046238
2022-04-05,IT,4.08973253345215
2022-04-05,NL,2.52992648756535
2022-04-05,US,3.1999555248408
2022-04-06,AU,3.3391627048667
2022-04-06,CA,3.25098298971243
2022-04-06,DE,2.58483970478847
2022-04-06,FR,2.07384469054621
2022-04-06,GB,3.03479448773217
2022-04-06,IE,5.06473966569808
2022-04-06,IT,4.08866882211806
2022-04-06,NL,2.53012658768867
2022-04-06,US,3.20204259054059
2022-04-07,AU,3.34034133228914
2022-04-07,CA,3.25054974359628
2022-04-07,DE,2.58596911427152
2022-04-07,FR,2.07166198219065
2022-04-07,GB,3.02982282531642
2022-04-07,IE,5.07748052869345
2022-04-07,IT,4.09083731826539
2022-04-07,NL,2.529932988798
2022-04-07,US,3.20526486957033
2022-04-08,AU,3.34292821862919
2022-04-08,CA,3.24758109069592
2022-04-08,DE,2.5945361897814
2022-04-08,FR,2.07046240932613
2022-04-08,GB,3.02276168167225
2022-04-08,IE,5.08339962072196
2022-04-08,IT,4.09337316660096
2022-04-08,NL,2.53175277605491
2022-04-08,US,3.20547617114189
2022-04-09,AU,3.34793738144506
2022-04-09,CA,3.24450874770492
2022-04-09,DE,2.59844361816334
2022-04-09,FR,2.06917543642928
2022-04-09,GB,3.00832962082724
2022-04-09,IE,5.0921277440203
2022-04-09,IT,4.10151692249459
2022-04-09,NL,2.53406941530427
2022-04-09,US,3.20737842938314
2022-04-10,AU,3.3468399146972
2022-04-10,CA,3.23336088759552
2022-04-10,DE,2.6009161018813
2022-04-10,FR,2.06599516835638
2022-04-10,GB,2.9874336180774
2022-04-10,IE,5.09943352672609
2022-04-10,IT,4.11035257509392
2022-04-10,NL,2.53369369074015
2022-04-10,US,3.20628266045113
2022-04-11,AU,3.33971853073443
2022-04-11,CA,3.22140177944043
2022-04-11,DE,2.60252130244469
2022-04-11,FR,2.06210724390489
2022-04-11,GB,2.96809124792302
2022-04-11,IE,5.10706287509997
2022-04-11,IT,4.11836314137042
2022-04-11,NL,2.53057466432564
2022-04-11,US,3.20674690532929
2022-04-12,AU,3.34454765157951
2022-04-12,CA,3.20822071957384
2022-04-12,DE,2.60446962085894
2022-04-12,FR,2.05951598871263
2022-04-12,GB,2.95133727537257
2022-04-12,IE,5.10729653907676
2022-04-12,IT,4.12402062245399
2022-04-12,NL,2.52861834702459
2022-04-12,US,3.20188790429404
2022-04-13,AU,3.3465445069069
2022-04-13,CA,3.19663638040149
2022-04-13,DE,2.61157227283641
2022-04-13,FR,2.05678595811793
2022-04-13,GB,2.94220391104796
2022-04-13,IE,5.09729723229009
2022-04-13,IT,4.13152198450571
2022-04-13,NL,2.52568659388165
2022-04-13,US,3.20107145751502
2022-04-14,AU,3.34809274133417
2022-04-14,CA,3.1869311920627
2022-04-14,DE,2.61550449576857
2022-04-14,FR,2.05374483115037
2022-04-14,GB,2.93376567118314
2022-04-14,IE,5.08337584934597
2022-04-14,IT,4.13738762918763
2022-04-14,NL,2.5237913657821
2022-04-14,US,3.20163430957756
2022-04-15,AU,3.34513449903065
2022-04-15,CA,3.1775968064415
2022-04-15,DE,2.6130604972272
2022-04-15,FR,2.05334325427058
2022-04-15,GB,2.92893235389543
2022-04-15,IE,5.07248636106182
2022-04-15,IT,4.14398236786575
2022-04-15,NL,2.52242788655288
2022-04-15,US,3.20262592726379
2022-04-16,AU,3.344013594215
2022-04-16,CA,3.17361254703334
2022-04-16,DE,2.61513197662957
2022-04-16,FR,2.05327469622829
2022-04-16,GB,2.93422760521688
2022-04-16,IE,5.05552504417083
2022-04-16,IT,4.1438021814353
2022-04-16,NL,2.52092000381843
2022-04-16,US,3.20120071058304
2022-04-17,AU,3.34702605311626
2022-04-17,CA,3.17254530489957
2022-04-17,DE,2.61793892696984
2022-04-17,FR,2.05404222153263
2022-04-17,GB,2.94454594768111
2022-04-17,IE,5.03977659768147
2022-04-17,IT,4.14428728717237
2022-04-17,NL,2.51974808236474
2022-04-17,US,3.20283651167987
2022-04-18,AU,3.34841587860844
2022-04-18,CA,3.17287348634743
2022-04-18,DE,2.62114360146771
2022-04-18,FR,2.05438571864792
2022-04-18,GB,2.95094491287862
2022-04-18,IE,5.02658902078517
2022-04-18,IT,4.14373756520608
2022-04-18,NL,2.52213914653401
2022-04-18,US,3.20698758292623
2022-04-19,AU,3.35574691184142
2022-04-19,CA,3.17052811314183
2022-04-19,DE,2.62421319703203
2022-04-19,FR,2.05228009583699
2022-04-19,GB,2.96186884934678
2022-04-19,IE,5.01478247953034
2022-04-19,IT,4.14847918946491
2022-04-19,NL,2.52356270785129
2022-04-19,US,3.20709106330752
2022-04-20,AU,3.35813942025638
2022-04-20,CA,3.1676361357362
2022-04-20,DE,2.62638691368377
2022-04-20,FR,2.05019693408505
2022-04-20,GB,2.96576968676626
2022-04-20,IE,5.01750624408779
2022-04-20,IT,4.14946490300894
2022-04-20,NL,2.52866622619841
2022-04-20,US,3.20636144728272
2022-04-21,AU,3.35856189889711
2022-04-21,CA,3.1717066489943
2022-04-21,DE,2.62697920573103
2022-04-21,FR,2.04991306503405
2022-04-21,GB,2.97027645112311
2022-04-21,IE,5.02326406144042
2022-04-21,IT,4.15095852589052
2022-04-21,NL,2.53062255181791
2022-04-21,US,3.20359048930956
2022-04-22,AU,3.36485913617603
2022-04-22,CA,3.17669173786596
2022-04-22,DE,2.62790956372007
2022-04-22,FR,2.05000458455673
2022-04-22,GB,2.97470980432419
2022-04-22,IE,5.02579244285153
2022-04-22,IT,4.15094213690267
2022-04-22,NL,2.53066940106002
2022-04-22,US,3.19386652920599
2022-04-23,AU,3.3684081804077
2022-04-23,CA,3.1711422246448
2022-04-23,DE,2.63556447179496
2022-04-23,FR,2.05070993393951
2022-04-23,GB,2.97504288643181
2022-04-23,IE,5.04421042616583
2022-04-23,IT,4.15130062000572
2022-04-23,NL,2.53040101915017
2022-04-23,US,3.18551522809038
2022-04-24,AU,3.37031910328348
2022-04-24,CA,3.16697693068062
2022-04-24,DE,2.64191314085954
2022-04-24,FR,2.05163951070739
2022-04-24,GB,2.97490432530874
2022-04-24,IE,5.06242399604173
2022-04-24,IT,4.15390465884729
2022-04-24,NL,2.53017631970537
2022-04-24,US,3.17873840116797
2022-04-25,AU,3.37015333871691
2022-04-25,CA,3.15856785569972
2022-04-25,DE,2.64963758361957
2022-04-25,FR,2.05268250132074
2022-04-25,GB,2.97376386572286
2022-04-25,IE,5.08273218044872
2022-04-25,IT,4.15690156357507
2022-04-25,NL,2.52812879962244
2022-04-25,US,3.17636840172311
2022-04-26,AU,3.38569331696736
2022-04-26,CA,3.15090911746713
2022-04-26,DE,2.6584338258295
2022-04-26,FR,2.05465496682013
2022-04-26,GB,2.96979157909945
2022-04-26,IE,5.10340514523509
2022-04-26,IT,4.16218929081933
2022-04-26,NL,2.52568715331918
2022-04-26,US,3.17180426347952
2022-04-27,AU,3.38706880218729
2022-04-27,CA,3.11490260479418
2022-04-27,DE,2.64957003731171
2022-04-27,FR,2.05061392107763
2022-04-27,GB,2.93255999319234
2022-04-27,IE,5.06622840078222
2022-04-27,IT,4.15136550441513
2022-04-27,NL,2.50638430884046
2022-04-27,US,3.13950194527857
2022-04-28,AU,3.39886232304213
2022-04-28,CA,3.10231434054687
2022-04-28,DE,2.65327419638046
2022-04-28,FR,2.05440816627611
2022-04-28,GB,2.93236528618197
2022-04-28,IE,5.08921008728116
2022-04-28,IT,4.15019505471798
2022-04-28,NL,2.50416423378069
2022-04-28,US,3.13498590497068
2022-04-29,AU,3.41290699838711
2022-04-29,CA,3.08779425376655
2022-04-29,DE,2.6625902252431
2022-04-29,FR,2.05684801327221
2022-04-29,GB,2.92379860383493
2022-04-29,IE,5.10759396237717
2022-04-29,IT,4.13952920240375
2022-04-29,NL,2.50400270397659
2022-04-29,US,3.13594961037973
2022-04-30,AU,3.42717059190797
2022-04-30,CA,3.07814859924572
2022-04-30,DE,2.66416990394779
2022-04-30,FR,2.06168581559119
2022-04-30,GB,2.91868808325165
2022-04-30,IE,5.11952870212191
2022-04-30,IT,4.1296447382126
2022-04-30,NL,2.50264690327462
2022-04-30,US,3.13974324245879
2022-05-01,AU,3.44099501300563
2022-05-01,CA,3.0679218778193
2022-05-01,DE,2.66722173984901
2022-05-01,FR,2.0623281919768
2022-05-01,GB,2.91517653223819
2022-05-01,IE,5.12782302428076
2022-05-01,IT,4.11439407399067
2022-05-01,NL,2.49511723400112
2022-05-01,US,3.13469429844363
2022-05-02,AU,3.46154178376527
2022-05-02,CA,3.06474881423576
2022-05-02,DE,2.66962126567119
2022-05-02,FR,2.06518587255364
2022-05-02,GB,2.91774907090261
2022-05-02,IE,5.1467129170436
2022-05-02,IT,4.09874129069113
2022-05-02,NL,2.49552630041867
2022-05-02,US,3.13475485251716
2022-05-03,AU,3.45921709184165
2022-05-03,CA,3.06107870652051
2022-05-03,DE,2.67215274622762
2022-05-03,FR,2.06668068109163
2022-05-03,GB,2.92085617045113
2022-05-03,IE,5.16939574683547
2022-05-03,IT,4.07729940415843
2022-05-03,NL,2.49201606726618
2022-05-03,US,3.14130320184938
2022-05-04,AU,3.46991819300008
2022-05-04,CA,3.08691413086543
2022-05-04,DE,2.68808674333133
2022-05-04,FR,2.07326877849804
2022-05-04,GB,2.956673170081
2022-05-04,IE,5.26120911344776
2022-05-04,IT,4.07553431474135
2022-05-04,NL,2.50507687497462
2022-05-04,US,3.17489618161245
2022-05-05,AU,3.47533510258643
2022-05-05,CA,3.08392670972611
2022-05-05,DE,2.68327469255489
2022-05-05,FR,2.07057432010656
2022-05-05,GB,2.95201103468912
2022-05-05,IE,5.2659768080026
2022-05-05,IT,4.06173550105655
2022-05-05,NL,2.5015291662332
2022-05-05,US,3.18305757572609
2022-05-06,AU,3.47766203703081
2022-05-06,CA,3.08477986748529
2022-05-06,DE,2.67480236426217
2022-05-06,FR,2.06961918763937
2022-05-06,GB,2.95644858660845
2022-05-06,IE,5.2762467936548
2022-05-06,IT,4.06218987991998
2022-05-06,NL,2.499993722287
2022-05-06,US,3.19444571360927
2022-05-07,AU,3.48144261440591
2022-05-07,CA,3.08529972328561
2022-05-07,DE,2.66685701295491
2022-05-07,FR,2.06574945295044
2022-05-07,GB,2.95793340013318
2022-05-07,IE,5.28735932195564
2022-05-07,IT,4.07881578389344
2022-05-07,NL,2.49855726677131
2022-05-07,US,3.20446115049005
2022-05-08,AU,3.48676572008865
2022-05-08,CA,3.08773908265903
2022-05-08,DE,2.65950212877385
2022-05-08,FR,2.06582160747709
2022-05-08,GB,2.9596319034545
2022-05-08,IE,5.29500389725502
2022-05-08,IT,4.07648076607848
2022-05-08,NL,2.50677125895733
2022-05-08,US,3.21638573885124
2022-05-09,AU,3.49244952463212
2022-05-09,CA,3.08301920862384
2022-05-09,DE,2.65143727892606
2022-05-09,FR,2.06163331992732
2022-05-09,GB,2.95309455024145
2022-05-09,IE,5.29141873975013
2022-05-09,IT,4.0892089598271
2022-05-09,NL,2.50798574762878
2022-05-09,US,3.2240620665648
2022-05-10,AU,3.49588854563828
2022-05-10,CA,3.08249339518048
2022-05-10,DE,2.64250116730937
2022-05-10,FR,2.06135515163666
2022-05-10,GB,2.94530720941139
2022-05-10,IE,5.28727597764154
2022-05-10,IT,4.10418366955111
2022-05-10,NL,2.51304341881459
2022-05-10,US,3.22822237272222
2022-05-11,AU,3.50392123259645
2022-05-11,CA,3.0802102872543
2022-05-11,DE,2.63453568897815
2022-05-11,FR,2.06066783003106
2022-05-11,GB,2.942879038441
2022-05-11,IE,5.27521576074671
2022-05-11,IT,4.1203428643055
2022-05-11,NL,2.51854171554986
2022-05-11,US,3.22255074977215
2022-05-12,AU,3.49986380678386
2022-05-12,CA,3.07921692719778
2022-05-12,DE,2.63593918170737
2022-05-12,FR,2.06162339951171
2022-05-12,GB,2.94135380268156
2022-05-12,IE,5.28195781396233
2022-05-12,IT,4.1335381136636
2022-05-12,NL,2.52827361701117
2022-05-12,US,3.22438055587419
2022-05-13,AU,3.49567074250297
2022-05-13,CA,3.07664253222364
2022-05-13,DE,2.63605000503187
2022-05-13,FR,2.05504823001314
2022-05-13,GB,2.93422496941317
2022-05-13,IE,5.28172479979283
2022-05-13,IT,4.13882057616749
2022-05-13,NL,2.53411372713284
2022-05-13,US,3.22367173296003
2022-05-14,AU,3.46443768291653
2022-05-14,CA,3.07499531259531
2022-05-14,DE,2.63153714879155
2022-05-14,FR,2.05061473001943
2022-05-14,GB,2.91687223125549
2022-05-14,IE,5.25967136372577
2022-05-14,IT,4.12211201344806
2022-05-14,NL,2.53506664416273
2022-05-14,US,3.22149008441711
2022-05-15,AU,3.43377647494194
2022-05-15,CA,3.07208866718292
2022-05-15,DE,2.6287332608585
2022-05-15,FR,2.04516968478684
2022-05-15,GB,2.89706270472746
2022-05-15,IE,5.24563984215089
2022-05-15,IT,4.12356390731799
2022-05-15,NL,2.53631810762742
2022-05-15,US,3.22269407009589
2022-05-16,AU,3.39916899558118
2022-05-16,CA,3.07263532024178
2022-05-16,DE,2.62547510649945
2022-05-16,FR,2.03851882420468
2022-05-16,GB,2.88169338696866
2022-05-16,IE,5.23082253544672
2022-05-16,IT,4.10857632398965
2022-05-16,NL,2.53496183763324
2022-05-16,US,3.22317026968824
2022-05-17,AU,3.36764265722667
2022-05-17,CA,3.0715553823983
2022-05-17,DE,2.62240772328267
2022-05-17,FR,2.0317998091232
2022-05-17,GB,2.86221495213605
2022-05-17,IE,5.20417401405367
2022-05-17,IT,4.09102249379031
2022-05-17,NL,2.53153574053827
2022-05-17,US,3.21416088499817
2022-05-18,AU,3.33178947232403
2022-05-18,CA,3.07064565905696
2022-05-18,DE,2.61772288626611
2022-05-18,FR,2.02485298915326
2022-05-18,GB,2.8393220411733
2022-05-18,IE,5.16653126791276
2022-05-18,IT,4.06893338295684
2022-05-18,NL,2.53005906973295
2022-05-18,US,3.2151329438122
2022-05-19,AU,3.29766289945227
2022-05-19,CA,3.07050100753134
2022-05-19,DE,2.61305602482961
2022-05-19,FR,2.01494228132823
2022-05-19,GB,2.82072072719333
2022-05-19,IE,5.13850109697331
2022-05-19,IT,4.01927413235285
2022-05-19,NL,2.52292362099754
2022-05-19,US,3.20843696040576
2022-05-20,AU,3.26040612304591
2022-05-20,CA,3.0689237491679
2022-05-20,DE,2.60951737748042
2022-05-20,FR,2.01095488109286
2022-05-20,GB,2.8055683292974
2022-05-20,IE,5.1198187422486
2022-05-20,IT,3.98449476722803
2022-05-20,NL,2.51658715830432
2022-05-20,US,3.20160767230918
2022-05-21,AU,3.24069470664641
2022-05-21,CA,3.06890981416702
2022-05-21,DE,2.60891020767459
2022-05-21,FR,2.0045221563645
2022-05-21,GB,2.791756186764
2022-05-21,IE,5.10468112122478
2022-05-21,IT,3.95734886557107
2022-05-21,NL,2.51211322694505
2022-05-21,US,3.19366617117859
2022-05-22,AU,3.23387512008124
2022-05-22,CA,3.071313777186
2022-05-22,DE,2.60747050771601
2022-05-22,FR,1.99958013597749
2022-05-22,GB,2.78864448440263
2022-05-22,IE,5.10068573494877
2022-05-22,IT,3.94033430054784
2022-05-22,NL,2.50827227744819
2022-05-22,US,3.18754545439744
2022-05-23,AU,3.22546354188686
2022-05-23,CA,3.0735860550853
2022-05-23,DE,2.60679717644515
2022-05-23,FR,1.9947184151256
2022-05-23,GB,2.78515195054293
2022-05-23,IE,5.08516367142217
2022-05-23,IT,3.9191766752666
2022-05-23,NL,2.50647085408595
2022-05-23,US,3.1791736404288
2022-05-24,AU,3.21863917874071
2022-05-24,CA,3.07822282359339
2022-05-24,DE,2.60825787890601
2022-05-24,FR,1.99035211860595
2022-05-24,GB,2.78037572495496
2022-05-24,IE,5.08976612239627
2022-05-24,IT,3.90099509010835
2022-05-24,NL,2.50606664445978
2022-05-24,US,3.17892915710255
2022-05-25,AU,3.21495921215402
2022-05-25,CA,3.08389248580849
2022-05-25,DE,2.61203349662629
2022-05-25,FR,1.98654447196241
2022-05-25,GB,2.77718725477536
2022-05-25,IE,5.09552289670239
2022-05-25,IT,3.88189891008818
2022-05-25,NL,2.50077990229679
2022-05-25,US,3.17817043492093
2022-05-26,AU,3.21088461770147
2022-05-26,CA,3.08649616616668
2022-05-26,DE,2.61399772998586
2022-05-26,FR,1.98402754699612
2022-05-26,GB,2.77353739199876
2022-05-26,IE,5.10312998580989
2022-05-26,IT,3.88967811029704
2022-05-26,NL,2.49605071961677
2022-05-26,US,3.17711140676378
2022-05-27,AU,3.21202594232196
2022-05-27,CA,3.08861873033039
2022-05-27,DE,2.62592538010193
2022-05-27,FR,1.98177042527796
2022-05-27,GB,2.76936507683489
2022-05-27,IE,5.10401250968446
2022-05-27,IT,3.87942126631456
2022-05-27,NL,2.49239996551817
2022-05-27,US,3.17367357949974
2022-05-28,AU,3.21865488222502
2022-05-28,CA,3.09222012822604
2022-05-28,DE,2.63929722651282
2022-05-28,FR,1.98355689852074
2022-05-28,GB,2.77479440678029
2022-05-28,IE,5.11212662929623
2022-05-28,IT,3.86692325331043
2022-05-28,NL,2.48872512613281
2022-05-28,US,3.17036217101883
2022-05-29,AU,3.2123465813244
2022-05-29,CA,3.09155452544952
2022-05-29,DE,2.65114864158695
2022-05-29,FR,1.98485678642302
2022-05-29,GB,2.77046392062652
2022-05-29,IE,5.11399716291553
2022-05-29,IT,3.84840131966447
2022-05-29,NL,2.47848955822301
2022-05-29,US,3.16118497075946
2022-05-30,AU,3.2062504424583
2022-05-30,CA,3.09216516608476
2022-05-30,DE,2.66328207834313
2022-05-30,FR,1.98849433025582
2022-05-30,GB,2.76454066868206
2022-05-30,IE,5.12153775020291
2022-05-30,IT,3.83685349964482
2022-05-30,NL,2.46918303064196
2022-05-30,US,3.15451425571044
2022-05-31,AU,3.1951427890528
2022-05-31,CA,3.09202790414407
2022-05-31,DE,2.6726266278731
2022-05-31,FR,1.98947862933298
2022-05-31,GB,2.76264260942936
2022-05-31,IE,5.11554691030182
2022-05-31,IT,3.81981936463339
2022-05-31,NL,2.46508005054516
2022-05-31,US,3.14570919363512
2022-06-01,AU,3.17726610667987
2022-06-01,CA,3.08956580102358
2022-06-01,DE,2.68109268919499
2022-06-01,FR,1.98995208827518
2022-06-01,GB,2.76274602792678
2022-06-01,IE,5.12305206306189
2022-06-01,IT,3.80585868353217
2022-06-01,NL,2.46273007120756
2022-06-01,US,3.13873613756056
2022-06-02,AU,3.16456571556792
2022-06-02,CA,3.08535206149048
2022-06-02,DE,2.69184491337457
2022-06-02,FR,1.99187039125938
2022-06-02,GB,2.75856058337398
2022-06-02,IE,5.13402241082239
2022-06-02,IT,3.79843132882669
2022-06-02,NL,2.4595049529187
2022-06-02,US,3.12653194419186
2022-06-03,AU,3.15173767327048
2022-06-03,CA,3.07918816252226
2022-06-03,DE,2.69498280938697
2022-06-03,FR,1.99474399738708
2022-06-03,GB,2.75832914072343
2022-06-03,IE,5.14492845665275
2022-06-03,IT,3.80004700647401
2022-06-03,NL,2.45403975219376
2022-06-03,US,3.11346846241711
2022-06-04,AU,3.14377065199766
2022-06-04,CA,3.06921553426109
2022-06-04,DE,2.69837382409262
2022-06-04,FR,1.99490332817875
2022-06-04,GB,2.76188994904525
2022-06-04,IE,5.15471531526398
2022-06-04,IT,3.80947327731779
2022-06-04,NL,2.44968323198751
2022-06-04,US,3.10393044994397
2022-06-05,AU,3.13721240461516
2022-06-05,CA,3.06275449596905
2022-06-05,DE,2.70014425863371
2022-06-05,FR,1.99512214123393
2022-06-05,GB,2.76719446170625
2022-06-05,IE,5.16339036879177
2022-06-05,IT,3.8178852726278
2022-06-05,NL,2.4524776696162
2022-06-05,US,3.09912216965237
2022-06-06,AU,3.12883533242931
2022-06-06,CA,3.05444788830598
2022-06-06,DE,2.70293825949657
2022-06-06,FR,1.99366672421189
2022-06-06,GB,2.77595009523843
2022-06-06,IE,5.17683829678786
2022-06-06,IT,3.82179300024241
2022-06-06,NL,2.44851833071939
2022-06-06,US,3.09145491736073
2022-06-07,AU,3.12707335512955
2022-06-07,CA,3.04342620327141
2022-06-07,DE,2.70482468799606
2022-06-07,FR,1.9950054399638
2022-06-07,GB,2.78138349158927
2022-06-07,IE,5.1955413764897
2022-06-07,IT,3.82497173157113
2022-06-07,NL,2.44547353982483
2022-06-07,US,3.08681959701391
2022-06-08,AU,3.13709719510893
2022-06-08,CA,3.03327365909613
2022-06-08,DE,2.70624876848871
2022-06-08,FR,1.99756556970789
2022-06-08,GB,2.78245419090059
2022-06-08,IE,5.20068207765336
2022-06-08,IT,3.8279755659687
2022-06-08,NL,2.44131589944474
2022-06-08,US,3.07800747081258
2022-06-09,AU,3.1442568524315
2022-06-09,CA,3.02699254783356
2022-06-09,DE,2.7060384390974
2022-06-09,FR,1.99945786707999
2022-06-09,GB,2.78264797039403
2022-06-09,IE,5.20669150232752
2022-06-09,IT,3.82743546953608
2022-06-09,NL,2.44871543575637
2022-06-09,US,3.07371754134328
2022-06-10,AU,3.14990600681772
2022-06-10,CA,3.02120621644053
2022-06-10,DE,2.70040812779451
2022-06-10,FR,1.99690967647234
2022-06-10,GB,2.77760360635959
2022-06-10,IE,5.20133546007677
2022-06-10,IT,3.81966480189407
2022-06-10,NL,2.45100996257598
2022-06-10,US,3.07237875087577
2022-06-11,AU,3.15574916566403
2022-06-11,CA,3.01731314851049
2022-06-11,DE,2.69574414936282
2022-06-11,FR,1.99612319632082
2022-06-11,GB,2.77148629936087
2022-06-11,IE,5.20581119765625
2022-06-11,IT,3.8085708867537
2022-06-11,NL,2.45815013981963
2022-06-11,US,3.06913913913372
2022-06-12,AU,3.15548034154921
2022-06-12,CA,3.00998828172334
2022-06-12,DE,2.69157770465147
2022-06-12,FR,1.99343760314691
2022-06-12,GB,2.76100004198491
2022-06-12,IE,5.20044192437177
2022-06-12,IT,3.79331884008212
2022-06-12,NL,2.4596506158813
2022-06-12,US,3.06371539298065
2022-06-13,AU,3.15814500370811
2022-06-13,CA,3.00752926797715
2022-06-13,DE,2.68823688609882
2022-06-13,FR,1.99700137556274
2022-06-13,GB,2.7516846612353
2022-06-13,IE,5.20932558489506
2022-06-13,IT,3.78731362092336
2022-06-13,NL,2.47728712054707
2022-06-13,US,3.06138883091699
2022-06-14,AU,3.16652925638772
2022-06-14,CA,3.01010810067139
2022-06-14,DE,2.68381074540124
2022-06-14,FR,1.99703789621374
2022-06-14,GB,2.74411220667564
2022-06-14,IE,5.20661466444239
2022-06-14,IT,3.78220567978903
2022-06-14,NL,2.48400321349023
2022-06-14,US,3.05730159099503
2022-06-15,AU,3.16896627127235
2022-06-15,CA,3.00762690738735
2022-06-15,DE,2.68210774306954
2022-06-15,FR,1.99611898354916
2022-06-15,GB,2.73497804607336
2022-06-15,IE,5.19987497632867
2022-06-15,IT,3.77672007923678
2022-06-15,NL,2.48971799374303
2022-06-15,US,3.05378669249373
2022-06-16,AU,3.17107909348524
2022-06-16,CA,3.00677486645339
2022-06-16,DE,2.67829794649528
2022-06-16,FR,1.99324086264708
2022-06-16,GB,2.71943132167788
2022-06-16,IE,5.15626265912825
2022-06-16,IT,3.77243729643234
2022-06-16,NL,2.48714184362848
2022-06-16,US,3.04942884991346
2022-06-17,AU,3.16866920307433
2022-06-17,CA,3.01079164702928
2022-06-17,DE,2.68372958884894
2022-06-17,FR,1.99396479085522
2022-06-17,GB,2.70883950851288
2022-06-17,IE,5.15503708421672
2022-06-17,IT,3.7712503979366
2022-06-17,NL,2.48874348722399
2022-06-17,US,3.04430517847748
2022-06-18,AU,3.15911539486015
2022-06-18,CA,3.01166152475554
2022-06-18,DE,2.68168264188145
2022-06-18,FR,1.9935291568737
2022-06-18,GB,2.69565645575869
2022-06-18,IE,5.15300819686488
2022-06-18,IT,3.76948019543761
2022-06-18,NL,2.48557253697232
2022-06-18,US,3.03740374921694
2022-06-19,AU,3.15537746185442
2022-06-19,CA,3.01498428300998
2022-06-19,DE,2.68177680734173
2022-06-19,FR,1.99515144827842
2022-06-19,GB,2.68691112125394
2022-06-19,IE,5.15962106119088
2022-06-19,IT,3.76854098005395
2022-06-19,NL,2.48282289208105
2022-06-19,US,3.03251538221049
2022-06-20,AU,3.15223289759067
2022-06-20,CA,3.0130303030959
2022-06-20,DE,2.67952689683582
2022-06-20,FR,1.9895304388172
2022-06-20,GB,2.67711901867344
2022-06-20,IE,5.15009721466239
2022-06-20,IT,3.76118782237888
2022-06-20,NL,2.4698470898539
2022-06-20,US,3.02731070370097
2022-06-21,AU,3.13846330649963
2022-06-21,CA,3.00673813121558
2022-06-21,DE,2.67911648725467
2022-06-21,FR,1.98679513562171
2022-06-21,GB,2.66775043323248
2022-06-21,IE,5.14345789125288
2022-06-21,IT,3.75365807971364
2022-06-21,NL,2.46300258916566
2022-06-21,US,3.02339683502719
2022-06-22,AU,3.12362870048985
2022-06-22,CA,3.00506522099714
2022-06-22,DE,2.6767475661919
2022-06-22,FR,1.98415867251575
2022-06-22,GB,2.662184015396
2022-06-22,IE,5.14091238120574
2022-06-22,IT,3.74730049051824
2022-06-22,NL,2.45723963091816
2022-06-22,US,3.01953072937756
2022-06-23,AU,3.11301062790952
2022-06-23,CA,3.00012463747915
2022-06-23,DE,2.67944026600333
2022-06-23,FR,1.98132432327289
2022-06-23,GB,2.66679876400721
2022-06-23,IE,5.17859027059024
2022-06-23,IT,3.73875730794214
2022-06-23,NL,2.45169401202744
2022-06-23,US,3.0164150849353
2022-06-24,AU,3.1091814104681
2022-06-24,CA,2.99545323816908
2022-06-24,DE,2.67266064429409
2022-06-24,FR,1.98118770376107
2022-06-24,GB,2.66554634746681
2022-06-24,IE,5.18677062341924
2022-06-24,IT,3.7330525933641
2022-06-24,NL,2.44441395918826
2022-06-24,US,3.01279386086985
2022-06-25,AU,3.10850971267289
2022-06-25,CA,2.9922549729633
2022-06-25,DE,2.6717679473083
2022-06-25,FR,1.98179796985763
2022-06-25,GB,2.66522066575088
2022-06-25,IE,5.19166044186786
2022-06-25,IT,3.7304652898005
2022-06-25,NL,2.44201722264301
2022-06-25,US,3.00947389668956
2022-06-26,AU,3.10735062246233
2022-06-26,CA,2.98760446256419
2022-06-26,DE,2.66979995424114
2022-06-26,FR,1.97861201047072
2022-06-26,GB,2.65847310708802
2022-06-26,IE,5.18782528804962
2022-06-26,IT,3.72818527590977
2022-06-26,NL,2.44069556290496
2022-06-26,US,3.00527773130537
2022-06-27,AU,3.10430954537232
2022-06-27,CA,2.98557220007309
2022-06-27,DE,2.6684988348273
2022-06-27,FR,1.97916237689547
2022-06-27,GB,2.65615649928323
2022-06-27,IE,5.1943897770499
2022-06-27,IT,3.72536237239608
2022-06-27,NL,2.44535562482242
2022-06-27,US,2.99283897347446
2022-06-28,AU,3.10761238323945
2022-06-28,CA,2.98537101574738
2022-06-28,DE,2.66663297477888
2022-06-28,FR,1.97738172739274
2022-06-28,GB,2.65039030808224
2022-06-28,IE,5.19888447817334
2022-06-28,IT,3.72594893349449
2022-06-28,NL,2.44114925845965
2022-06-28,US,2.97821344048332
2022-06-29,AU,3.1160139161152
2022-06-29,CA,2.98535622713977
2022-06-29,DE,2.66126121164488
2022-06-29,FR,1.97756944250551
2022-06-29,GB,2.64321346230576
2022-06-29,IE,5.20729992439636
2022-06-29,IT,3.72557026210074
2022-06-29,NL,2.44415176036994
2022-06-29,US,2.97103555248391
2022-06-30,AU,3.12202566869057
2022-06-30,CA,2.9895562552974
2022-06-30,DE,2.64719582455442
2022-06-30,FR,1.97864270747841
2022-06-30,GB,2.63790578840018
2022-06-30,IE,5.21902266446278
2022-06-30,IT,3.73105976863528
2022-06-30,NL,2.44088613824421
2022-06-30,US,2.9651547969916
2022-07-01,AU,3.12842466777154
2022-07-01,CA,2.99097555650945
2022-07-01,DE,2.63968514186716
2022-07-01,FR,1.97600156553125
2022-07-01,GB,2.63511525364893
2022-07-01,IE,5.2300547449282
2022-07-01,IT,3.737082204883
2022-07-01,NL,2.44227432546172
2022-07-01,US,2.9634108801736
2022-07-02,AU,3.13165251503983
2022-07-02,CA,2.99492182857616
2022-07-02,DE,2.63606025634414
2022-07-02,FR,1.97180953988389
2022-07-02,GB,2.63217102026879
2022-07-02,IE,5.22985529487331
2022-07-02,IT,3.73813783393826
2022-07-02,NL,2.44883139033521
2022-07-02,US,2.96097524747653
2022-07-03,AU,3.13686739024663
2022-07-03,CA,3.00070756841842
2022-07-03,DE,2.63260075587613
2022-07-03,FR,1.9698593374804
2022-07-03,GB,2.6336723495995
2022-07-03,IE,5.245111524618
2022-07-03,IT,3.74146553081693
2022-07-03,NL,2.44902971707941
2022-07-03,US,2.9592064376535
2022-07-04,AU,3.13880456991726
2022-07-04,CA,3.0062676739921
2022-07-04,DE,2.63029276233341
2022-07-04,FR,1.96862816879205
2022-07-04,GB,2.62872461606342
2022-07-04,IE,5.25840856299763
2022-07-04,IT,3.74493210113925
2022-07-04,NL,2.45524198813267
2022-07-04,US,2.9554593640657
2022-07-05,AU,3.1414061792406
2022-07-05,CA,3.01100181262233
2022-07-05,DE,2.6270194050177
2022-07-05,FR,1.96738211952846
2022-07-05,GB,2.6213075470418
2022-07-05,IE,5.26738089289886
2022-07-05,IT,3.74491611283012
2022-07-05,NL,2.46378901162234
2022-07-05,US,2.9651209673567
2022-07-06,AU,3.14384638527328
2022-07-06,CA,3.0152546352993
2022-07-06,DE,2.62667105235606
2022-07-06,FR,1.96525950828207
2022-07-06,GB,2.61801723941448
2022-07-06,IE,5.2804341269035
2022-07-06,IT,3.74889672791085
2022-07-06,NL,2.46915690818954
2022-07-06,US,2.96453612126313
2022-07-07,AU,3.15147903083364
2022-07-07,CA,3.01565547900484
2022-07-07,DE,2.6333717052201
2022-07-07,FR,1.96335784158881
2022-07-07,GB,2.61315775814502
2022-07-07,IE,5.28247495636382
2022-07-07,IT,3.75362077983269
2022-07-07,NL,2.47661611938963
2022-07-07,US,2.96405300582526
2022-07-08,AU,3.15779706055122
2022-07-08,CA,3.01303721431061
2022-07-08,DE,2.63519086266886
2022-07-08,FR,1.96264659707581
2022-07-08,GB,2.60875722423011
2022-07-08,IE,5.27732974262124
2022-07-08,IT,3.75126103404766
2022-07-08,NL,2.47852373752966
2022-07-08,US,2.95783240681556
2022-07-09,AU,3.16655494252502
2022-07-09,CA,3.01055050072296
2022-07-09,DE,2.63071428075499
2022-07-09,FR,1.95988582572876
2022-07-09,GB,2.60128249043172
2022-07-09,IE,5.26406263065908
2022-07-09,IT,3.74906623330935
2022-07-09,NL,2.47096416241017
2022-07-09,US,2.95343622231399
2022-07-10,AU,3.17345375573436
2022-07-10,CA,3.00466992651256
2022-07-10,DE,2.62666724891447
2022-07-10,FR,1.95909290100175
2022-07-10,GB,2.59499357108604
2022-07-10,IE,5.25140869672887
2022-07-10,IT,3.75200410427853
2022-07-10,NL,2.4768761449413
2022-07-10,US,2.94742178977634
2022-07-11,AU,3.18271891113806
2022-07-11,CA,2.99891208756536
2022-07-11,DE,2.62163897720088
2022-07-11,FR,1.95546060339337
2022-07-11,GB,2.58676137421987
2022-07-11,IE,5.23499457372585
2022-07-11,IT,3.75159261683103
2022-07-11,NL,2.47060816821269
2022-07-11,US,2.9511428311988
2022-07-12,AU,3.18630327313454
2022-07-12,CA,2.99372363316141
2022-07-12,DE,2.61604728031833
2022-07-12,FR,1.9513100991452
2022-07-12,GB,2.58268927297755
2022-07-12,IE,5.21113033004855
2022-07-12,IT,3.75301086474152
2022-07-12,NL,2.45481976813339
2022-07-12,US,2.94178035079246
2022-07-13,AU,3.18810680411405
2022-07-13,CA,2.98657986229294
2022-07-13,DE,2.61170611013537
2022-07-13,FR,1.94802531916242
2022-07-13,GB,2.57489739113217
2022-07-13,IE,5.17196598025488
2022-07-13,IT,3.75967685704862
2022-07-13,NL,2.43763479552192
2022-07-13,US,2.93483779209326
2022-07-14,AU,3.18556320200536
2022-07-14,CA,2.97982108026403
2022-07-14,DE,2.60547805561345
2022-07-14,FR,1.94316226179089
2022-07-14,GB,2.56852670079143
2022-07-14,IE,5.14211712264858
2022-07-14,IT,3.76318890786406
2022-07-14,NL,2.42226138363073
2022-07-14,US,2.92634876348713
2022-07-15,AU,3.17700880375878
2022-07-15,CA,2.97739873319527
2022-07-15,DE,2.60084336540905
2022-07-15,FR,1.9418403038737
2022-07-15,GB,2.56356261625239
2022-07-15,IE,5.1216867856887
2022-07-15,IT,3.77361114558114
2022-07-15,NL,2.41426361487642
2022-07-15,US,2.92059026588273
2022-07-16,AU,3.16863796810177
2022-07-16,CA,2.96943032030281
2022-07-16,DE,2.59663571579917
2022-07-16,FR,1.94306362164146
2022-07-16,GB,2.56251099722279
2022-07-16,IE,5.1194531855336
2022-07-16,IT,3.789109224072
2022-07-16,NL,2.40328904273544
2022-07-16,US,2.91551314606001
2022-07-17,AU,3.16280579861013
2022-07-17,CA,2.96595945893506
2022-07-17,DE,2.59241044164074
2022-07-17,FR,1.94395036124867
2022-07-17,GB,2.56064550229885
2022-07-17,IE,5.11044772198268
2022-07-17,IT,3.79998972703835
2022-07-17,NL,2.39085102002817
2022-07-17,US,2.91068752117149
2022-07-18,AU,3.15547917565342
2022-07-18,CA,2.96110869117504
2022-07-18,DE,2.58975040418147
2022-07-18,FR,1.94573939964136
2022-07-18,GB,2.56091345400218
2022-07-18,IE,5.09722372756329
2022-07-18,IT,3.8126060731363
2022-07-18,NL,2.37794860266389
2022-07-18,US,2.89417623954624
2022-07-19,AU,3.16000707151466
2022-07-19,CA,2.95263428814228
2022-07-19,DE,2.58706979786921
2022-07-19,FR,1.94902532027666
2022-07-19,GB,2.56617741878474
2022-07-19,IE,5.09734146964741
2022-07-19,IT,3.82791715834972
2022-07-19,NL,2.38202614669357
2022-07-19,US,2.87578440873384
2022-07-20,AU,3.16458214907064
2022-07-20,CA,2.94739271471478
2022-07-20,DE,2.58650797527401
2022-07-20,FR,1.94838931534376
2022-07-20,GB,2.57387448751119
2022-07-20,IE,5.10969152373101
2022-07-20,IT,3.83980831240828
2022-07-20,NL,2.38661094015209
2022-07-20,US,2.87224611994118
2022-07-21,AU,3.16771426121818
2022-07-21,CA,2.94263103797089
2022-07-21,DE,2.57862214097566
2022-07-21,FR,1.94915576795745
2022-07-21,GB,2.58144867276159
2022-07-21,IE,5.11183428341374
2022-07-21,IT,3.8541065475775
2022-07-21,NL,2.38683637464293
2022-07-21,US,2.86605879055819
2022-07-22,AU,3.17239265200075
2022-07-22,CA,2.93268768670237
2022-07-22,DE,2.56784936898614
2022-07-22,FR,1.94468338834488
2022-07-22,GB,2.5845206471842
2022-07-22,IE,5.10524252175336
2022-07-22,IT,3.85842202359065
2022-07-22,NL,2.38637464459595
2022-07-22,US,2.85996351387269
2022-07-23,AU,3.17071949721116
2022-07-23,CA,2.92407789611523
2022-07-23,DE,2.55892416620431
2022-07-23,FR,1.93835844427853
2022-07-23,GB,2.57957978526809
2022-07-23,IE,5.0947525245303
2022-07-23,IT,3.86406287532978
2022-07-23,NL,2.39166741099593
2022-07-23,US,2.84961771376015
2022-07-24,AU,3.16775056357362
2022-07-24,CA,2.9169175846104
2022-07-24,DE,2.55170967720824
2022-07-24,FR,1.93479192826881
2022-07-24,GB,2.58120113015266
2022-07-24,IE,5.09271271944215
2022-07-24,IT,3.86726778345704
2022-07-24,NL,2.39150622624329
2022-07-24,US,2.84247093640018
2022-07-25,AU,3.1675946479601
2022-07-25,CA,2.91085701069246
2022-07-25,DE,2.54268363484137
2022-07-25,FR,1.93204033462255
2022-07-25,GB,2.58500255177961
2022-07-25,IE,5.09978579518249
2022-07-25,IT,3.87971404670324
2022-07-25,NL,2.39322002045637
2022-07-25,US,2.8398196065698
2022-07-26,AU,3.15589063152117
2022-07-26,CA,2.90581154961784
2022-07-26,DE,2.53454531098398
2022-07-26,FR,1.92790257892133
2022-07-26,GB,2.57800520221556
2022-07-26,IE,5.09102279314941
2022-07-26,IT,3.89053948087369
2022-07-26,NL,2.39083247716857
2022-07-26,US,2.84673300242782
2022-07-27,AU,3.14488077504577
2022-07-27,CA,2.89560086379272
2022-07-27,DE,2.52530024845397
2022-07-27,FR,1.92482048095839
2022-07-27,GB,2.56954957465205
2022-07-27,IE,5.08450665843537
2022-07-27,IT,3.8980719978642
2022-07-27,NL,2.38715322522631
2022-07-27,US,2.8389518570839
2022-07-28,AU,3.13801482320383
2022-07-28,CA,2.88564864991158
2022-07-28,DE,2.52596787157702
2022-07-28,FR,1.92330601783126
2022-07-28,GB,2.56074719509994
2022-07-28,IE,5.07914163950898
2022-07-28,IT,3.90556317053794
2022-07-28,NL,2.39046741893314
2022-07-28,US,2.83276155146084
2022-07-29,AU,3.13663400625302
2022-07-29,CA,2.88187714170987
2022-07-29,DE,2.52617017848328
2022-07-29,FR,1.92444894216071
2022-07-29,GB,2.55422078008944
2022-07-29,IE,5.07526254559641
2022-07-29,IT,3.9696809247997
2022-07-29,NL,2.39216323434443
2022-07-29,US,2.82609257892296
2022-07-30,AU,3.14097945395147
2022-07-30,CA,2.87866172772221
2022-07-30,DE,2.52667309485675
2022-07-30,FR,1.92744505742041
2022-07-30,GB,2.55423398600768
2022-07-30,IE,5.06173448218871
2022-07-30,IT,4.02683149689281
2022-07-30,NL,2.39434165357858
2022-07-30,US,2.8237416174529
2022-07-31,AU,3.14207834837175
2022-07-31,CA,2.87247844835112
2022-07-31,DE,2.52330708103197
2022-07-31,FR,1.92805971177147
2022-07-31,GB,2.54897981609335
2022-07-31,IE,5.04357220168005
2022-07-31,IT,4.08914705078316
2022-07-31,NL,2.39411723749438
2022-07-31,US,2.81890642161648
2022-08-01,AU,3.13936357960118
2022-08-01,CA,2.8649470746169
2022-08-01,DE,2.52168111092696
2022-08-01,FR,1.92679678592913
2022-08-01,GB,2.54227795480628
2022-08-01,IE,5.02322344006862
2022-08-01,IT,4.13857649233331
2022-08-01,NL,2.39672836684083
2022-08-01,US,2.81585272008494
2022-08-02,AU,3.13791202813846
2022-08-02,CA,2.85989113495693
2022-08-02,DE,2.52017897096867
2022-08-02,FR,1.92523020065555
2022-08-02,GB,2.54330271487738
2022-08-02,IE,5.03495875973515
2022-08-02,IT,4.1867256439263
2022-08-02,NL,2.41238876006593
2022-08-02,US,2.80854234927674
2022-08-03,AU,3.12977343165125
2022-08-03,CA,2.85907079026957
2022-08-03,DE,2.51445753421239
2022-08-03,FR,1.92506523956794
2022-08-03,GB,2.5426185116183
2022-08-03,IE,5.04350963989586
2022-08-03,IT,4.18661478847823
2022-08-03,NL,2.42713885453202
2022-08-03,US,2.8035197699597
2022-08-04,AU,3.12798725993673
2022-08-04,CA,2.85692632815816
2022-08-04,DE,2.51096853839002
2022-08-04,FR,1.92373657844692
2022-08-04,GB,2.54143602827414
2022-08-04,IE,5.05129786051647
2022-08-04,IT,4.1755475355224
2022-08-04,NL,2.44184222032234
2022-08-04,US,2.80179481818731
2022-08-05,AU,3.12629899535723
2022-08-05,CA,2.8547559749249
2022-08-05,DE,2.51138623318372
2022-08-05,FR,1.92173497949066
2022-08-05,GB,2.54064865511622
2022-08-05,IE,5.06011409236061
2022-08-05,IT,4.10672261103777
2022-08-05,NL,2.45604254536322
2022-08-05,US,2.80130977411777
2022-08-06,AU,3.11909688345542
2022-08-06,CA,2.8517926139353
2022-08-06,DE,2.51011141428577
2022-08-06,FR,1.91862197368539
2022-08-06,GB,2.53652686252026
2022-08-06,IE,5.08864866174272
2022-08-06,IT,4.04028673477872
2022-08-06,NL,2.46905096740199
2022-08-06,US,2.79729867529086
2022-08-07,AU,3.12147912277641
2022-08-07,CA,2.8512530090428
2022-08-07,DE,2.51420005673244
2022-08-07,FR,1.91610134412228
2022-08-07,GB,2.53474835730589
2022-08-07,IE,5.10874147006839
2022-08-07,IT,3.97630291350431
2022-08-07,NL,2.48835518611555
2022-08-07,US,2.79447407479778
2022-08-08,AU,3.12869770259003
2022-08-08,CA,2.84943819187211
2022-08-08,DE,2.51545356255171
2022-08-08,FR,1.91262090464316
2022-08-08,GB,2.53245053811679
2022-08-08,IE,5.1289692997756
2022-08-08,IT,3.81998544447575
2022-08-08,NL,2.5031701884302
2022-08-08,US,2.79584029791445
2022-08-09,AU,3.13398749588609
2022-08-09,CA,2.84534969918212
2022-08-09,DE,2.51758980503796
2022-08-09,FR,1.91141107999939
2022-08-09,GB,2.52706771835626
2022-08-09,IE,5.12471981368835
2022-08-09,IT,3.68774810819852
2022-08-09,NL,2.49258198396399
2022-08-09,US,2.79635742498626
2022-08-10,AU,3.1428060494852
2022-08-10,CA,2.8406111485823
2022-08-10,DE,2.52367288081236
2022-08-10,FR,1.91184694798923
2022-08-10,GB,2.52569596310356
2022-08-10,IE,5.13220245727561
2022-08-10,IT,3.6066805259145
2022-08-10,NL,2.48500034745476
2022-08-10,US,2.78971067059984
2022-08-11,AU,3.14339430732554
2022-08-11,CA,2.83477101334809
2022-08-11,DE,2.53023041869253
2022-08-11,FR,1.91122744114004
2022-08-11,GB,2.52407264614768
2022-08-11,IE,5.12913438877432
2022-08-11,IT,3.54612115851532
2022-08-11,NL,2.47344524771019
2022-08-11,US,2.77927331177385
2022-08-12,AU,3.14480216248728
2022-08-12,CA,2.82310559551924
2022-08-12,DE,2.53239712403183
2022-08-12,FR,1.91104827040589
2022-08-12,GB,2.52190478613344
2022-08-12,IE,5.12947189559368
2022-08-12,IT,3.49418440931689
2022-08-12,NL,2.46585989934526
2022-08-12,US,2.76642292733516
2022-08-13,AU,3.14970745069079
2022-08-13,CA,2.81079893362275
2022-08-13,DE,2.53608831973026
2022-08-13,FR,1.91158173577337
2022-08-13,GB,2.51784721792692
2022-08-13,IE,5.11230686595248
2022-08-13,IT,3.43899842262206
2022-08-13,NL,2.45582830891279
2022-08-13,US,2.75355397725847
2022-08-14,AU,3.14656234568295
2022-08-14,CA,2.7968657801875
2022-08-14,DE,2.53531752034827
2022-08-14,FR,1.91014139196259
2022-08-14,GB,2.5140901204472
2022-08-14,IE,5.09612240902737
2022-08-14,IT,3.38001337327927
2022-08-14,NL,2.44198131588141
2022-08-14,US,2.74307325825884
2022-08-15,AU,3.14786122327052
2022-08-15,CA,2.78420133988195
2022-08-15,DE,2.53602481783601
2022-08-15,FR,1.90876961034935
2022-08-15,GB,2.51370124761865
2022-08-15,IE,5.07628982357003
2022-08-15,IT,3.41594623531967
2022-08-15,NL,2.42877395705817
2022-08-15,US,2.73372745131002
2022-08-16,AU,3.14699903122087
2022-08-16,CA,2.77179105142362
2022-08-16,DE,2.53613017194342
2022-08-16,FR,1.90863707012171
2022-08-16,GB,2.5138811429257
2022-08-16,IE,5.06169379233754
2022-08-16,IT,3.43410679912456
2022-08-16,NL,2.42785910675393
2022-08-16,US,2.72358918275872
2022-08-17,AU,3.14519953111706
2022-08-17,CA,2.75633102361102
2022-08-17,DE,2.53684288293246
2022-08-17,FR,1.90410115986954
2022-08-17,GB,2.50988038290851
2022-08-17,IE,5.0344422467685
2022-08-17,IT,3.45352234953382
2022-08-17,NL,2.42536930456618
2022-08-17,US,2.71881461170728
2022-08-18,AU,3.13951331598186
2022-08-18,CA,2.74473299908621
2022-08-18,DE,2.5337465696837
2022-08-18,FR,1.90378110001619
2022-08-18,GB,2.50825936522666
2022-08-18,IE,5.01568298666115
2022-08-18,IT,3.46412499637446
2022-08-18,NL,2.44290585578334
2022-08-18,US,2.71321468673535
2022-08-19,AU,3.13178774479193
2022-08-19,CA,2.73535687883808
2022-08-19,DE,2.53348533915911
2022-08-19,FR,1.90308920340831
2022-08-19,GB,2.50602067149334
2022-08-19,IE,4.99626087335055
2022-08-19,IT,3.47529009550194
2022-08-19,NL,2.45430148484322
2022-08-19,US,2.70904845341729
2022-08-20,AU,3.12309939026609
2022-08-20,CA,2.72636122123061
2022-08-20,DE,2.53264081416259
2022-08-20,FR,1.89892090665275
2022-08-20,GB,2.50798119896055
2022-08-20,IE,4.98212577135361
2022-08-20,IT,3.48967757641685
2022-08-20,NL,2.46726170974976
2022-08-20,US,2.70455595837913
2022-08-21,AU,3.11505471494679
2022-08-21,CA,2.71700732514715
2022-08-21,DE,2.5335682125823
2022-08-21,FR,1.89703140431607
2022-08-21,GB,2.50623044029523
2022-08-21,IE,4.9597701972862
2022-08-21,IT,3.50116695623003
2022-08-21,NL,2.48294368149126
2022-08-21,US,2.69881872681761
2022-08-22,AU,3.10333722819424
2022-08-22,CA,2.70653642424629
2022-08-22,DE,2.53418406172929
2022-08-22,FR,1.89584821526879
2022-08-22,GB,2.50137926324643
2022-08-22,IE,4.93783316430669
2022-08-22,IT,3.51422785290001
2022-08-22,NL,2.49713230948333
2022-08-22,US,2.692702436002
2022-08-23,AU,3.08987722284072
2022-08-23,CA,2.69633456816905
2022-08-23,DE,2.53482675709283
2022-08-23,FR,1.89204159970166
2022-08-23,GB,2.49833163842843
2022-08-23,IE,4.92827993505667
2022-08-23,IT,3.51599579555066
2022-08-23,NL,2.51542547386283
2022-08-23,US,2.68031020629813
2022-08-24,AU,3.07799523434758
2022-08-24,CA,2.68438915296345
2022-08-24,DE,2.53396939269392
2022-08-24,FR,1.89184374466975
2022-08-24,GB,2.491873517577
2022-08-24,IE,4.90582984728377
2022-08-24,IT,3.51123875160583
2022-08-24,NL,2.53143483329223
2022-08-24,US,2.67792409696924
2022-08-25,AU,3.07353377052935
2022-08-25,CA,2.67404533257075
2022-08-25,DE,2.53435305755271
2022-08-25,FR,1.88875974959667
2022-08-25,GB,2.48205594361073
2022-08-25,IE,4.88445715782272
2022-08-25,IT,3.50875428379399
2022-08-25,NL,2.5289613607191
2022-08-25,US,2.6791679485623
2022-08-26,AU,3.06721648288942
2022-08-26,CA,2.66080174890832
2022-08-26,DE,2.53499303210216
2022-08-26,FR,1.88483633965937
2022-08-26,GB,2.47403635715615
2022-08-26,IE,4.86427311613665
2022-08-26,IT,3.5022570924883
2022-08-26,NL,2.52938076988663
2022-08-26,US,2.67782426291196
2022-08-27,AU,3.06548861861782
2022-08-27,CA,2.65027237883057
2022-08-27,DE,2.53586046681099
2022-08-27,FR,1.88338525922989
2022-08-27,GB,2.46419898811134
2022-08-27,IE,4.85304730484534
2022-08-27,IT,3.49747572976607
2022-08-27,NL,2.52954076047032
2022-08-27,US,2.6782219427833
2022-08-28,AU,3.06342386179511
2022-08-28,CA,2.63670378770822
2022-08-28,DE,2.53577351269455
2022-08-28,FR,1.8819632106766
2022-08-28,GB,2.45420030668513
2022-08-28,IE,4.85011967624952
2022-08-28,IT,3.4922336189483
2022-08-28,NL,2.53168023681767
2022-08-28,US,2.67839503142622
2022-08-29,AU,3.05860126561637
2022-08-29,CA,2.62234920106921
2022-08-29,DE,2.53652368943782
2022-08-29,FR,1.88019127808499
2022-08-29,GB,2.4411685576801
2022-08-29,IE,4.84289767998249
2022-08-29,IT,3.48786462102029
2022-08-29,NL,2.53572452303801
2022-08-29,US,2.67702112628519
2022-08-30,AU,3.06322603634278
2022-08-30,CA,2.61017804607232
2022-08-30,DE,2.53550462691619
2022-08-30,FR,1.88006855471039
2022-08-30,GB,2.43302289824652
2022-08-30,IE,4.82925005076451
2022-08-30,IT,3.49043706287269
2022-08-30,NL,2.53887047414714
2022-08-30,US,2.67779202897974
2022-08-31,AU,3.06668688566062
2022-08-31,CA,2.60154250592989
2022-08-31,DE,2.53152786569675
2022-08-31,FR,1.87568289865838
2022-08-31,GB,2.4293538788932
2022-08-31,IE,4.8296020645264
2022-08-31,IT,3.49480619666236
2022-08-31,NL,2.53956646805468
2022-08-31,US,2.67361828425556
2022-09-01,AU,3.05469451410243
2022-09-01,CA,2.5916542957198
2022-09-01,DE,2.52753569513331
2022-09-01,FR,1.87053649682128
2022-09-01,GB,2.42926072674232
2022-09-01,IE,4.81701652472996
2022-09-01,IT,3.49034026273865
2022-09-01,NL,2.52759097701029
2022-09-01,US,2.66846459061453
2022-09-02,AU,3.04722461598153
2022-09-02,CA,2.58860008127497
2022-09-02,DE,2.52454681816273
2022-09-02,FR,1.86632997512161
2022-09-02,GB,2.43130418408371
2022-09-02,IE,4.8092256957405
2022-09-02,IT,3.49147792170186
2022-09-02,NL,2.5161881926703
2022-09-02,US,2.66711751663783
2022-09-03,AU,3.04907318405227
2022-09-03,CA,2.58587240485998
2022-09-03,DE,2.52175805892934
2022-09-03,FR,1.86091510665728
2022-09-03,GB,2.43560382533847
2022-09-03,IE,4.79537403713798
2022-09-03,IT,3.48443056850009
2022-09-03,NL,2.50829310069647
2022-09-03,US,2.66558737959061
2022-09-04,AU,3.05212394400451
2022-09-04,CA,2.58550023205107
2022-09-04,DE,2.51698718301869
2022-09-04,FR,1.85463667165509
2022-09-04,GB,2.43777733967279
2022-09-04,IE,4.78607918929115
2022-09-04,IT,3.48100132766058
2022-09-04,NL,2.49621742979551
2022-09-04,US,2.66180065114876
2022-09-05,AU,3.05400658951643
2022-09-05,CA,2.58632363570934
2022-09-05,DE,2.50948424058326
2022-09-05,FR,1.84811694086306
2022-09-05,GB,2.44337782284887
2022-09-05,IE,4.77754311254442
2022-09-05,IT,3.46998044654708
2022-09-05,NL,2.48317305164029
2022-09-05,US,2.65492425591249
2022-09-06,AU,3.05037165377056
2022-09-06,CA,2.59034418735491
2022-09-06,DE,2.50961138303688
2022-09-06,FR,1.84038757325531
2022-09-06,GB,2.44562470083698
2022-09-06,IE,4.7665421741278
2022-09-06,IT,3.45743824122822
2022-09-06,NL,2.46944919807056
2022-09-06,US,2.65398768489603
2022-09-07,AU,3.0522381878194
2022-09-07,CA,2.59378575313439
2022-09-07,DE,2.50978350610547
2022-09-07,FR,1.83427785804585
2022-09-07,GB,2.44507258141712
2022-09-07,IE,4.74389526019074
2022-09-07,IT,3.44254025905266
2022-09-07,NL,2.45624166587626
2022-09-07,US,2.65307505928463
2022-09-08,AU,3.0590961075196
2022-09-08,CA,2.59894674514465
2022-09-08,DE,2.51294222475444
2022-09-08,FR,1.8288096400944
2022-09-08,GB,2.44645113812346
2022-09-08,IE,4.73108074748319
2022-09-08,IT,3.4226065135415
2022-09-08,NL,2.4561981811378
2022-09-08,US,2.64900382026435
2022-09-09,AU,3.06533569053117
2022-09-09,CA,2.59667146337809
2022-09-09,DE,2.51140192839862
2022-09-09,FR,1.82390854322277
2022-09-09,GB,2.44274202743619
2022-09-09,IE,4.71058360431538
2022-09-09,IT,3.39761969856877
2022-09-09,NL,2.45418400338748
2022-09-09,US,2.64452683012988
2022-09-10,AU,3.05415690204571
2022-09-10,CA,2.58681440967651
2022-09-10,DE,2.51064067853164
2022-09-10,FR,1.82069631579488
2022-09-10,GB,2.4368815120483
2022-09-10,IE,4.69529947867758
2022-09-10,IT,3.37355699096449
2022-09-10,NL,2.4474150316569
2022-09-10,US,2.63975244679167
2022-09-11,AU,3.04367939627701
2022-09-11,CA,2.58138023227648
2022-09-11,DE,2.5097048668418
2022-09-11,FR,1.81763614552884
2022-09-11,GB,2.43212290019192
2022-09-11,IE,4.68530772381565
2022-09-11,IT,3.34530294062023
2022-09-11,NL,2.44052934297273
2022-09-11,US,2.63751208445539
2022-09-12,AU,3.03665160519999
2022-09-12,CA,2.57347700533564
2022-09-12,DE,2.51182942053217
2022-09-12,FR,1.81494749337864
2022-09-12,GB,2.42635325505033
2022-09-12,IE,4.67147487077334
2022-09-12,IT,3.31837700967429
2022-09-12,NL,2.43481161733032
2022-09-12,US,2.63880018080205
2022-09-13,AU,3.02843337266448
2022-09-13,CA,2.56305605696344
2022-09-13,DE,2.50945847691324
2022-09-13,FR,1.81295214364786
2022-09-13,GB,2.41828973957392
2022-09-13,IE,4.66070684002244
2022-09-13,IT,3.28962511631729
2022-09-13,NL,2.42676939031205
2022-09-13,US,2.63889369975234
2022-09-14,AU,3.01914127370628
2022-09-14,CA,2.55476623886476
2022-09-14,DE,2.509037282344
2022-09-14,FR,1.81284565475893
2022-09-14,GB,2.41645699940083
2022-09-14,IE,4.66331527649408
2022-09-14,IT,3.26449772820873
2022-09-14,NL,2.42149436505294
2022-09-14,US,2.63315422497555
2022-09-15,AU,3.01191954783537
2022-09-15,CA,2.5437990424016
2022-09-15,DE,2.50433478877628
2022-09-15,FR,1.81382612767447
2022-09-15,GB,2.41153648725053
2022-09-15,IE,4.67881590841945
2022-09-15,IT,3.24444922787678
2022-09-15,NL,2.4172109823089
2022-09-15,US,2.63070977148665
2022-09-16,AU,3.00433146443148
2022-09-16,CA,2.5356000633136
2022-09-16,DE,2.50321422082685
2022-09-16,FR,1.8134353950578
2022-09-16,GB,2.40773083277356
2022-09-16,IE,4.70253409852617
2022-09-16,IT,3.21950710673427
2022-09-16,NL,2.41254963595832
2022-09-16,US,2.6261886072963
2022-09-17,AU,2.99589413614184
2022-09-17,CA,2.53318630985669
2022-09-17,DE,2.49965147693004
2022-09-17,FR,1.81390366044898
2022-09-17,GB,2.40869720258388
2022-09-17,IE,4.72237859059563
2022-09-17,IT,3.200520508776
2022-09-17,NL,2.40667723906847
2022-09-17,US,2.61960474375999
2022-09-18,AU,2.98531146841077
2022-09-18,CA,2.52536485477162
2022-09-18,DE,2.49905601423723
2022-09-18,FR,1.81216645773691
2022-09-18,GB,2.41104289099338
2022-09-18,IE,4.72579869156084
2022-09-18,IT,3.18095256647597
2022-09-18,NL,2.39721890881066
2022-09-18,US,2.61269941948275
2022-09-19,AU,2.97606330482712
2022-09-19,CA,2.52208330154627
2022-09-19,DE,2.49816521109806
2022-09-19,FR,1.81388213062431
2022-09-19,GB,2.41289513276995
2022-09-19,IE,4.74038323891308
2022-09-19,IT,3.1632842234866
2022-09-19,NL,2.39081230894541
2022-09-19,US,2.60327705292627
2022-09-20,AU,2.97395329249344
2022-09-20,CA,2.51911282175213
2022-09-20,DE,2.49569165858238
2022-09-20,FR,1.81698616788302
2022-09-20,GB,2.42158611515959
2022-09-20,IE,4.7630904526603
2022-09-20,IT,3.15030769732115
2022-09-20,NL,2.38569755460844
2022-09-20,US,2.59189951953146
2022-09-21,AU,2.96509634452475
2022-09-21,CA,2.51816317986811
2022-09-21,DE,2.49338505038953
2022-09-21,FR,1.81895246932181
2022-09-21,GB,2.42703406883738
2022-09-21,IE,4.78507540174138
2022-09-21,IT,3.13446731642743
2022-09-21,NL,2.37994022465063
2022-09-21,US,2.58497916799706
2022-09-22,AU,2.95401435564422
2022-09-22,CA,2.5134277829737
2022-09-22,DE,2.4915038839934
2022-09-22,FR,1.81756357818452
2022-09-22,GB,2.43253212870831
2022-09-22,IE,4.79073588778977
2022-09-22,IT,3.13398885908371
2022-09-22,NL,2.37053210582726
2022-09-22,US,2.575621816593
2022-09-23,AU,2.94156673689225
2022-09-23,CA,2.50923181802302
2022-09-23,DE,2.48722932629929
2022-09-23,FR,1.81825706794874
2022-09-23,GB,2.43714733794886
2022-09-23,IE,4.79724986258292
2022-09-23,IT,3.25152169111867
2022-09-23,NL,2.36365967062232
2022-09-23,US,2.56796896284103
2022-09-24,AU,2.9406602386724
2022-09-24,CA,2.50295213315629
2022-09-24,DE,2.48296169856852
2022-09-24,FR,1.81508312995052
2022-09-24,GB,2.43762490871536
2022-09-24,IE,4.80472072594045
2022-09-24,IT,3.36312700258126
2022-09-24,NL,2.36001116259381
2022-09-24,US,2.56111865424443
2022-09-25,AU,2.93708578501374
2022-09-25,CA,2.49896506521472
2022-09-25,DE,2.47774099929766
2022-09-25,FR,1.81492538645835
2022-09-25,GB,2.43753649576416
2022-09-25,IE,4.81398600138543
2022-09-25,IT,3.47711161721014
2022-09-25,NL,2.36036345924425
2022-09-25,US,2.55199062380391
2022-09-26,AU,2.92821121870151
2022-09-26,CA,2.4895090139112
2022-09-26,DE,2.47070449239132
2022-09-26,FR,1.80956254787063
2022-09-26,GB,2.43853565633202
2022-09-26,IE,4.81349534380585
2022-09-26,IT,3.59243299790373
2022-09-26,NL,2.35378143016102
2022-09-26,US,2.54619638217854
2022-09-27,AU,2.91738345959685
2022-09-27,CA,2.4826880230624
2022-09-27,DE,2.46580856943168
2022-09-27,FR,1.80437403993802
2022-09-27,GB,2.43190099552318
2022-09-27,IE,4.79382311838022
2022-09-27,IT,3.69847885401962
2022-09-27,NL,2.34851818265951
2022-09-27,US,2.54179222732946
2022-09-28,AU,2.90805308346388
2022-09-28,CA,2.47730521165306
2022-09-28,DE,2.46358628803372
2022-09-28,FR,1.80028865040526
2022-09-28,GB,2.42480539690598
2022-09-28,IE,4.76945270157733
2022-09-28,IT,3.81300752347831
2022-09-28,NL,2.34571351465713
2022-09-28,US,2.53766569707087
2022-09-29,AU,2.90584701898263
2022-09-29,CA,2.47434600042654
2022-09-29,DE,2.45992361605762
2022-09-29,FR,1.80042914068654
2022-09-29,GB,2.41978360769365
2022-09-29,IE,4.75706890029861
2022-09-29,IT,3.92164397083476
2022-09-29,NL,2.34833064223881
2022-09-29,US,2.53660714632049
2022-09-30,AU,2.90080355273572
2022-09-30,CA,2.47369583710526
2022-09-30,DE,2.46052848669534
2022-09-30,FR,1.79905880177592
2022-09-30,GB,2.41511392244734
2022-09-30,IE,4.74071712442991
2022-09-30,IT,3.86831977781278
2022-09-30,NL,2.34663788378168
2022-09-30,US,2.53530261028641
2022-10-01,AU,2.88086194964575
2022-10-01,CA,2.475440974925
2022-10-01,DE,2.46201015993162
2022-10-01,FR,1.80209650415829
2022-10-01,GB,2.41153717385588
2022-10-01,IE,4.71772336773919
2022-10-01,IT,3.80558916968211
2022-10-01,NL,2.34602058612426
2022-10-01,US,2.53495534738208
2022-10-02,AU,2.86974489151232
2022-10-02,CA,2.47722611627953
2022-10-02,DE,2.46543603045112
2022-10-02,FR,1.80297642929453
2022-10-02,GB,2.40805233958148
2022-10-02,IE,4.71077255939513
2022-10-02,IT,3.74310937105224
2022-10-02,NL,2.34183910979345
2022-10-02,US,2.53634161197346
2022-10-03,AU,2.85655732745871
2022-10-03,CA,2.48144725669627
2022-10-03,DE,2.46884043333443
2022-10-03,FR,1.80642978604335
2022-10-03,GB,2.40799033586092
2022-10-03,IE,4.7144218257443
2022-10-03,IT,3.6825350869431
2022-10-03,NL,2.34484977837429
2022-10-03,US,2.53729428933302
2022-10-04,AU,2.84431873158631
2022-10-04,CA,2.47622211399466
2022-10-04,DE,2.47146924963444
2022-10-04,FR,1.80702249181762
2022-10-04,GB,2.40374064160557
2022-10-04,IE,4.70778025618041
2022-10-04,IT,3.62255750120218
2022-10-04,NL,2.33907278773699
2022-10-04,US,2.53345499073497
2022-10-05,AU,2.83163141938415
2022-10-05,CA,2.46986689644081
2022-10-05,DE,2.46094724842184
2022-10-05,FR,1.8109826778225
2022-10-05,GB,2.40026513474644
2022-10-05,IE,4.70106503664112
2022-10-05,IT,3.56469552647523
2022-10-05,NL,2.33079420465273
2022-10-05,US,2.52727292538052
2022-10-06,AU,2.81647748897415
2022-10-06,CA,2.46423306439238
2022-10-06,DE,2.44851291510692
2022-10-06,FR,1.81525019393337
2022-10-06,GB,2.38928091675511
2022-10-06,IE,4.67912208041997
2022-10-06,IT,3.50215829346724
2022-10-06,NL,2.32478588268828
2022-10-06,US,2.51815393387333
2022-10-07,AU,2.80238762800542
2022-10-07,CA,2.45692081700343
2022-10-07,DE,2.43434064723302
2022-10-07,FR,1.81551115943657
2022-10-07,GB,2.37904243169149
2022-10-07,IE,4.66352472299339
2022-10-07,IT,3.49014605537204
2022-10-07,NL,2.32155481736091
2022-10-07,US,2.51037294192724
2022-10-08,AU,2.79887744471451
2022-10-08,CA,2.4470141911456
2022-10-08,DE,2.42285279809515
2022-10-08,FR,1.81369201071614
2022-10-08,GB,2.36121340988761
2022-10-08,IE,4.65586797562992
2022-10-08,IT,3.49055843295706
2022-10-08,NL,2.31784593719441
2022-10-08,US,2.50086028454031
2022-10-09,AU,2.78583043194693
2022-10-09,CA,2.43659807795641
2022-10-09,DE,2.40841487906453
2022-10-09,FR,1.81273573870105
2022-10-09,GB,2.34523469807157
2022-10-09,IE,4.63238593980709
2022-10-09,IT,3.48412178169683
2022-10-09,NL,2.31584394097106
2022-10-09,US,2.48902947129159
2022-10-10,AU,2.77514948475802
2022-10-10,CA,2.42866846636984
2022-10-10,DE,2.39557236547419
2022-10-10,FR,1.81381957799706
2022-10-10,GB,2.32483590063428
2022-10-10,IE,4.60695607521218
2022-10-10,IT,3.48099113984983
2022-10-10,NL,2.31237425117428
2022-10-10,US,2.47845836193226
2022-10-11,AU,2.75967095813665
2022-10-11,CA,2.42788983332446
2022-10-11,DE,2.38103345873602
2022-10-11,FR,1.81520164404117
2022-10-11,GB,2.31150306373865
2022-10-11,IE,4.59925246569841
2022-10-11,IT,3.48356039661899
2022-10-11,NL,2.31400874413499
2022-10-11,US,2.47341512218904
2022-10-12,AU,2.74506096349783
2022-10-12,CA,2.42492661415402
2022-10-12,DE,2.37495502042179
2022-10-12,FR,1.81743717597852
2022-10-12,GB,2.29962927765571
2022-10-12,IE,4.58975558469738
2022-10-12,IT,3.47756140001589
2022-10-12,NL,2.31420494906044
2022-10-12,US,2.4659564711814
2022-10-13,AU,2.73078609845987
2022-10-13,CA,2.42104778416569
2022-10-13,DE,2.37213118498322
2022-10-13,FR,1.81935319483728
2022-10-13,GB,2.29646359641513
2022-10-13,IE,4.58340079831316
2022-10-13,IT,3.47133044263287
2022-10-13,NL,2.31158984653588
2022-10-13,US,2.45810803631816
2022-10-14,AU,2.71707013315745
2022-10-14,CA,2.41589777343127
2022-10-14,DE,2.36917713902961
2022-10-14,FR,1.82318587573995
2022-10-14,GB,2.29444664562892
2022-10-14,IE,4.56545249151236
2022-10-14,IT,3.46629704702939
2022-10-14,NL,2.30821092469905
2022-10-14,US,2.44849993801085
2022-10-15,AU,2.70896157696678
2022-10-15,CA,2.41266015311432
2022-10-15,DE,2.36328143964203
2022-10-15,FR,1.82871745051967
2022-10-15,GB,2.29281417270562
2022-10-15,IE,4.55335582282981
2022-10-15,IT,3.45302670419602
2022-10-15,NL,2.30268671948968
2022-10-15,US,2.43929389124085
2022-10-16,AU,2.70577222309295
2022-10-16,CA,2.41008751261006
2022-10-16,DE,2.35931056091624
2022-10-16,FR,1.83460995571313
2022-10-16,GB,2.29536641469154
2022-10-16,IE,4.54634224783512
2022-10-16,IT,3.44916782578125
2022-10-16,NL,2.29994855501547
2022-10-16,US,2.43363250469245
2022-10-17,AU,2.70763776850393
2022-10-17,CA,2.40660370728095
2022-10-17,DE,2.35602782733889
2022-10-17,FR,1.83963397545434
2022-10-17,GB,2.29961950526534
2022-10-17,IE,4.53659398052126
2022-10-17,IT,3.44306368669849
2022-10-17,NL,2.29502677555043
2022-10-17,US,2.42416334227661
2022-10-18,AU,2.70966010214147
2022-10-18,CA,2.39868270432316
2022-10-18,DE,2.35468185271577
2022-10-18,FR,1.84417384831624
2022-10-18,GB,2.30268185445512
2022-10-18,IE,4.52392022085886
2022-10-18,IT,3.4320429086425
2022-10-18,NL,2.28900063963084
2022-10-18,US,2.41653860153122
2022-10-19,AU,2.71736741328395
2022-10-19,CA,2.39070445888268
2022-10-19,DE,2.35366155689903
2022-10-19,FR,1.84623860569417
2022-10-19,GB,2.3033452661938
2022-10-19,IE,4.51713532562598
2022-10-19,IT,3.42172854323848
2022-10-19,NL,2.28733645937512
2022-10-19,US,2.40942639057192
2022-10-20,AU,2.72679475528057
2022-10-20,CA,2.38240459497052
2022-10-20,DE,2.35173751670875
2022-10-20,FR,1.8480118886638
2022-10-20,GB,2.30037031256865
2022-10-20,IE,4.52031031998715
2022-10-20,IT,3.41135609034577
2022-10-20,NL,2.28505928600399
2022-10-20,US,2.40349068000444
2022-10-21,AU,2.72858054758596
2022-10-21,CA,2.37453164662772
2022-10-21,DE,2.34853956284436
2022-10-21,FR,1.85218581587691
2022-10-21,GB,2.29799353363383
2022-10-21,IE,4.52630971928709
2022-10-21,IT,3.39963221680049
2022-10-21,NL,2.28428670320332
2022-10-21,US,2.40054731471473
2022-10-22,AU,2.72659844175574
2022-10-22,CA,2.35904299222317
2022-10-22,DE,2.34178141926664
2022-10-22,FR,1.85067469578821
2022-10-22,GB,2.2932051302329
2022-10-22,IE,4.51128298898042
2022-10-22,IT,3.3924425218386
2022-10-22,NL,2.2834008308706
2022-10-22,US,2.39463957107329
2022-10-23,AU,2.7208220158283
2022-10-23,CA,2.34874780790571
2022-10-23,DE,2.33522147101523
2022-10-23,FR,1.85228282809309
2022-10-23,GB,2.28836865159887
2022-10-23,IE,4.50028152309295
2022-10-23,IT,3.37800461901909
2022-10-23,NL,2.28223632273356
2022-10-23,US,2.39047511165976
2022-10-24,AU,2.71207342538444
2022-10-24,CA,2.33641657829754
2022-10-24,DE,2.32804436576886
2022-10-24,FR,1.85343411666402
2022-10-24,GB,2.28157505853109
2022-10-24,IE,4.48974435785378
2022-10-24,IT,3.36348104615922
2022-10-24,NL,2.28045242642405
2022-10-24,US,2.38938511069445
2022-10-25,AU,2.70368326007553
2022-10-25,CA,2.32711066943943
2022-10-25,DE,2.32002136443638
2022-10-25,FR,1.85370281101126
2022-10-25,GB,2.27417674994274
2022-10-25,IE,4.48414228621188
2022-10-25,IT,3.35704616269215
2022-10-25,NL,2.28035739278922
2022-10-25,US,2.38768112982325
2022-10-26,AU,2.69408796655697
2022-10-26,CA,2.31663613358142
2022-10-26,DE,2.31325400575823
2022-10-26,FR,1.85298535383145
2022-10-26,GB,2.26907114963643
2022-10-26,IE,4.47932461562276
2022-10-26,IT,3.34775384369833
2022-10-26,NL,2.27986997512394
2022-10-26,US,2.38722274853898
2022-10-27,AU,2.68158407350375
2022-10-27,CA,2.30589091046153
2022-10-27,DE,2.32029707831379
2022-10-27,FR,1.85207131573211
2022-10-27,GB,2.26627005295408
2022-10-27,IE,4.45965130643023
2022-10-27,IT,3.34230410910107
2022-10-27,NL,2.27769908244124
2022-10-27,US,2.38629719877696
2022-10-28,AU,2.67719361878049
2022-10-28,CA,2.29726887085909
2022-10-28,DE,2.32810894968988
2022-10-28,FR,1.84938155317093
2022-10-28,GB,2.26470538724396
2022-10-28,IE,4.43396445956666
2022-10-28,IT,3.33431557153161
2022-10-28,NL,2.27683572473858
2022-10-28,US,2.38286767209621
2022-10-29,AU,2.67243292342427
2022-10-29,CA,2.29545994826033
2022-10-29,DE,2.33759701285814
2022-10-29,FR,1.85190896664561
2022-10-29,GB,2.27241686795359
2022-10-29,IE,4.42540522585617
2022-10-29,IT,3.32721893816468
2022-10-29,NL,2.2773898457978
2022-10-29,US,2.3835879233829
2022-10-30,AU,2.66808600364989
2022-10-30,CA,2.2867596740581
2022-10-30,DE,2.34854512651884
2022-10-30,FR,1.85176167521098
2022-10-30,GB,2.27219961241022
2022-10-30,IE,4.41305358972206
2022-10-30,IT,3.32247709005544
2022-10-30,NL,2.27514935822835
2022-10-30,US,2.38008608970052
2022-10-31,AU,2.66493800049721
2022-10-31,CA,2.28026426326226
2022-10-31,DE,2.35839193566505
2022-10-31,FR,1.8528230606484
2022-10-31,GB,2.2764438611462
2022-10-31,IE,4.3974781943125
2022-10-31,IT,3.31870068366894
2022-10-31,NL,2.27754692043907
2022-10-31,US,2.37763429856699
2022-11-01,AU,2.65864523387
2022-11-01,CA,2.27662740917572
2022-11-01,DE,2.36745775151572
2022-11-01,FR,1.85446569248347
2022-11-01,GB,2.2843437420449
2022-11-01,IE,4.38257529509469
2022-11-01,IT,3.31923180203786
2022-11-01,NL,2.28084516076079
2022-11-01,US,2.37181520824388
2022-11-02,AU,2.65296915299201
2022-11-02,CA,2.27667666165302
2022-11-02,DE,2.37590790240312
2022-11-02,FR,1.85866226345138
2022-11-02,GB,2.29134235020689
2022-11-02,IE,4.37039757100939
2022-11-02,IT,3.32654624992342
2022-11-02,NL,2.28594257075656
2022-11-02,US,2.3627393341962
2022-11-03,AU,2.6502463630712
2022-11-03,CA,2.27738284502985
2022-11-03,DE,2.3692794431931
2022-11-03,FR,1.86233502968026
2022-11-03,GB,2.29761664632416
2022-11-03,IE,4.37130700281549
2022-11-03,IT,3.32913865411221
2022-11-03,NL,2.29252809881481
2022-11-03,US,2.35333383210838
2022-11-04,AU,2.64729121613528
2022-11-04,CA,2.27827567489346
2022-11-04,DE,2.36889749348924
2022-11-04,FR,1.86963033880116
2022-11-04,GB,2.30122163312902
2022-11-04,IE,4.3872160339619
2022-11-04,IT,3.33310148932801
2022-11-04,NL,2.29828810288849
2022-11-04,US,2.34399130321257
2022-11-05,AU,2.64381020796762
2022-11-05,CA,2.27842074457769
2022-11-05,DE,2.36942665493596
2022-11-05,FR,1.87346221240038
2022-11-05,GB,2.30274924866914
2022-11-05,IE,4.39673416487188
2022-11-05,IT,3.33401118257931
2022-11-05,NL,2.30114569206796
2022-11-05,US,2.33401264671416
2022-11-06,AU,2.64051194081669
2022-11-06,CA,2.27907869053049
2022-11-06,DE,2.3681474303223
2022-11-06,FR,1.87610709598349
2022-11-06,GB,2.30741213615936
2022-11-06,IE,4.40630605615515
2022-11-06,IT,3.33196714060113
2022-11-06,NL,2.30712956252788
2022-11-06,US,2.32499403944207
2022-11-07,AU,2.63307369124892
2022-11-07,CA,2.27849813347977
2022-11-07,DE,2.36841224693657
2022-11-07,FR,1.87851171590577
2022-11-07,GB,2.31028047222649
2022-11-07,IE,4.41540362028595
2022-11-07,IT,3.32861313183174
2022-11-07,NL,2.30986163195075
2022-11-07,US,2.31796282094673
2022-11-08,AU,2.63692973103608
2022-11-08,CA,2.27479190252215
2022-11-08,DE,2.36746292171776
2022-11-08,FR,1.88229466442235
2022-11-08,GB,2.30781823417457
2022-11-08,IE,4.41907317505151
2022-11-08,IT,3.31464549001424
2022-11-08,NL,2.31369463921323
2022-11-08,US,2.30750576260185
2022-11-09,AU,2.63730610148473
2022-11-09,CA,2.26848077415576
2022-11-09,DE,2.36124348687204
2022-11-09,FR,1.88361315688164
2022-11-09,GB,2.30174145292541
2022-11-09,IE,4.38740470969668
2022-11-09,IT,3.29809037929324
2022-11-09,NL,2.31414250472912
2022-11-09,US,2.29886565557593
2022-11-10,AU,2.63498077596217
2022-11-10,CA,2.26127057366041
2022-11-10,DE,2.35590366098675
2022-11-10,FR,1.8864009086721
2022-11-10,GB,2.29492414727347
2022-11-10,IE,4.34795664967066
2022-11-10,IT,3.28740760691789
2022-11-10,NL,2.31280856633329
2022-11-10,US,2.29122906243578
2022-11-11,AU,2.6346954884606
2022-11-11,CA,2.25831759899012
2022-11-11,DE,2.34432960796825
2022-11-11,FR,1.88640659221441
2022-11-11,GB,2.28954269508608
2022-11-11,IE,4.32711115934815
2022-11-11,IT,3.27759118793471
2022-11-11,NL,2.30915494975832
2022-11-11,US,2.28546476532837
2022-11-12,AU,2.63485951206899
2022-11-12,CA,2.25889040250434
2022-11-12,DE,2.33288662971743
2022-11-12,FR,1.8928399344078
2022-11-12,GB,2.28221167986707
2022-11-12,IE,4.30770645345203
2022-11-12,IT,3.27585761415597
2022-11-12,NL,2.31112626275564
2022-11-12,US,2.28080035386964
2022-11-13,AU,2.63148447199771
2022-11-13,CA,2.25764203540633
2022-11-13,DE,2.32055764157551
2022-11-13,FR,1.89747956365387
2022-11-13,GB,2.27639941017754
2022-11-13,IE,4.28432108913941
2022-11-13,IT,3.27581422056238
2022-11-13,NL,2.30907366863961
2022-11-13,US,2.2750889305741
2022-11-14,AU,2.62996451548213
2022-11-14,CA,2.25580010479245
2022-11-14,DE,2.30853864919965
2022-11-14,FR,1.90157942504528
2022-11-14,GB,2.27094056980775
2022-11-14,IE,4.2590139689152
2022-11-14,IT,3.27363526875419
2022-11-14,NL,2.30772125229216
2022-11-14,US,2.26585975887658
2022-11-15,AU,2.61713828942576
2022-11-15,CA,2.25481545145763
2022-11-15,DE,2.2996593185444
2022-11-15,FR,1.90659454181623
2022-11-15,GB,2.2649138361578
2022-11-15,IE,4.23588148218995
2022-11-15,IT,3.27491098330281
2022-11-15,NL,2.30480348562284
2022-11-15,US,2.26183984192919
2022-11-16,AU,2.60951698162466
2022-11-16,CA,2.25558924280084
2022-11-16,DE,2.30091892686946
2022-11-16,FR,1.90424402691242
2022-11-16,GB,2.26043941112754
2022-11-16,IE,4.24928599123613
2022-11-16,IT,3.27169695939215
2022-11-16,NL,2.3015728374137
2022-11-16,US,2.25841386850478
2022-11-17,AU,2.60348899772188
2022-11-17,CA,2.2592148866291
2022-11-17,DE,2.30312815463685
2022-11-17,FR,1.90330544033368
2022-11-17,GB,2.251289502161
2022-11-17,IE,4.2669921404696
2022-11-17,IT,3.26342793208759
2022-11-17,NL,2.30129661297455
2022-11-17,US,2.25561392552674
2022-11-18,AU,2.59386850760246
2022-11-18,CA,2.25734878960957
2022-11-18,DE,2.30369008189822
2022-11-18,FR,1.90106655893364
2022-11-18,GB,2.23898240756585
2022-11-18,IE,4.25824487586952
2022-11-18,IT,3.25571401243452
2022-11-18,NL,2.30073766134467
2022-11-18,US,2.25088248369615
2022-11-19,AU,2.5842918139346
2022-11-19,CA,2.25309456890077
2022-11-19,DE,2.30524992438424
2022-11-19,FR,1.89570001357535
2022-11-19,GB,2.23255857531177
2022-11-19,IE,4.24765933200779
2022-11-19,IT,3.24542832653798
2022-11-19,NL,2.30089759448849
2022-11-19,US,2.24347357832712
2022-11-20,AU,2.57825634048823
2022-11-20,CA,2.25375084818506
2022-11-20,DE,2.30735738497553
2022-11-20,FR,1.89194041841587
2022-11-20,GB,2.22491320418565
2022-11-20,IE,4.24108364512986
2022-11-20,IT,3.23752897602452
2022-11-20,NL,2.30384192168459
2022-11-20,US,2.23856264958703
2022-11-21,AU,2.57666054870703
2022-11-21,CA,2.25407608766147
2022-11-21,DE,2.30801556546254
2022-11-21,FR,1.88753412239971
2022-11-21,GB,2.21493020804236
2022-11-21,IE,4.24196490219672
2022-11-21,IT,3.23222459998156
2022-11-21,NL,2.30570134812825
2022-11-21,US,2.23437498721549
2022-11-22,AU,2.58165459104504
2022-11-22,CA,2.25448666362364
2022-11-22,DE,2.30857366337049
2022-11-22,FR,1.88168198356971
2022-11-22,GB,2.2088147780974
2022-11-22,IE,4.24017856071452
2022-11-22,IT,3.22341491774949
2022-11-22,NL,2.30661765398032
2022-11-22,US,2.23065167323523
2022-11-23,AU,2.58158468460079
2022-11-23,CA,2.25139086577495
2022-11-23,DE,2.30736783216568
2022-11-23,FR,1.8807189476383
2022-11-23,GB,2.20655389025918
2022-11-23,IE,4.23726928168031
2022-11-23,IT,3.21793312688454
2022-11-23,NL,2.31057124033168
2022-11-23,US,2.22762418172036
2022-11-24,AU,2.58747293349675
2022-11-24,CA,2.24700375996516
2022-11-24,DE,2.3058599153831
2022-11-24,FR,1.87921818055275
2022-11-24,GB,2.20942346720334
2022-11-24,IE,4.23791778580202
2022-11-24,IT,3.21497111738189
2022-11-24,NL,2.31189466561027
2022-11-24,US,2.22454270087529
2022-11-25,AU,2.59173969003874
2022-11-25,CA,2.24429426498527
2022-11-25,DE,2.305797142113
2022-11-25,FR,1.87867066382253
2022-11-25,GB,2.21410789653907
2022-11-25,IE,4.23771788612648
2022-11-25,IT,3.21063579530935
2022-11-25,NL,2.31174593311373
2022-11-25,US,2.22328180802374
2022-11-26,AU,2.59970772625703
2022-11-26,CA,2.24371013276082
2022-11-26,DE,2.30722325995652
2022-11-26,FR,1.87943609648314
2022-11-26,GB,2.21604271022321
2022-11-26,IE,4.23886373164932
2022-11-26,IT,3.20565389043722
2022-11-26,NL,2.3088820357047
2022-11-26,US,2.22496012648926
2022-11-27,AU,2.60398095303452
2022-11-27,CA,2.23674039767275
2022-11-27,DE,2.30750251359741
2022-11-27,FR,1.87926518216657
2022-11-27,GB,2.21834651496581
2022-11-27,IE,4.23276995191333
2022-11-27,IT,3.19776331446585
2022-11-27,NL,2.30302302929813
2022-11-27,US,2.22385393577154
2022-11-28,AU,2.60155200034104
2022-11-28,CA,2.23161160240888
2022-11-28,DE,2.30758196362946
2022-11-28,FR,1.87716001808949
2022-11-28,GB,2.21866517318128
2022-11-28,IE,4.22379301060138
2022-11-28,IT,3.18539981875603
2022-11-28,NL,2.29887014489216
2022-11-28,US,2.22327256139419
2022-11-29,AU,2.57023475919372
2022-11-29,CA,2.22329985929905
2022-11-29,DE,2.30216030448159
2022-11-29,FR,1.86870293253626
2022-11-29,GB,2.20534866040094
2022-11-29,IE,4.17293055608149
2022-11-29,IT,3.14206944943576
2022-11-29,NL,2.2888194109512
2022-11-29,US,2.21551566206756
2022-11-30,AU,2.57040610421944
2022-11-30,CA,2.22218912826896
2022-11-30,DE,2.29984615099545
2022-11-30,FR,1.86822859868307
2022-11-30,GB,2.2010824839842
2022-11-30,IE,4.160294390814
2022-11-30,IT,3.12700221075816
2022-11-30,NL,2.27574128156403
2022-11-30,US,2.21304419102115
2022-12-01,AU,2.56503458166174
2022-12-01,CA,2.220833091894
2022-12-01,DE,2.29498822474683
2022-12-01,FR,1.86205542234064
2022-12-01,GB,2.19475630047906
2022-12-01,IE,4.13544522178957
2022-12-01,IT,3.11305610172055
2022-12-01,NL,2.26242151953114
2022-12-01,US,2.21254155173486
2022-12-02,AU,2.56121068823101
2022-12-02,CA,2.21776585504508
2022-12-02,DE,2.29006422001888
2022-12-02,FR,1.85922197263002
2022-12-02,GB,2.1877536080281
2022-12-02,IE,4.10722028778169
2022-12-02,IT,3.10070684968813
2022-12-02,NL,2.24967362914621
2022-12-02,US,2.21046266647917
2022-12-03,AU,2.55693455885819
2022-12-03,CA,2.2156041047286
2022-12-03,DE,2.28335317780991
2022-12-03,FR,1.85635371122373
2022-12-03,GB,2.1816784867819
2022-12-03,IE,4.08677440504363
2022-12-03,IT,3.08778026154532
2022-12-03,NL,2.23778032457739
2022-12-03,US,2.20863509420754
2022-12-04,AU,2.55210893356201
2022-12-04,CA,2.21799387745246
2022-12-04,DE,2.27814948180216
2022-12-04,FR,1.85324750582181
2022-12-04,GB,2.17329631016406
2022-12-04,IE,4.07372252996206
2022-12-04,IT,3.07619715772542
2022-12-04,NL,2.22512039704968
2022-12-04,US,2.20586118744587
2022-12-05,AU,2.54928447842057
2022-12-05,CA,2.22119139653876
2022-12-05,DE,2.27248296025087
2022-12-05,FR,1.85170819890341
2022-12-05,GB,2.1680606963183
2022-12-05,IE,4.05568220651194
2022-12-05,IT,3.06328541848269
2022-12-05,NL,2.21171275520954
2022-12-05,US,2.20472238542927
2022-12-06,AU,2.57927259365374
2022-12-06,CA,2.22983073892647
2022-12-06,DE,2.26976906926434
2022-12-06,FR,1.8568390432052
2022-12-06,GB,2.17777120017544
2022-12-06,IE,4.0815119465454
2022-12-06,IT,3.08408865525432
2022-12-06,NL,2.20585514914485
2022-12-06,US,2.20898503536283
2022-12-07,AU,2.57782065424059
2022-12-07,CA,2.23296298756664
2022-12-07,DE,2.26354435746109
2022-12-07,FR,1.85407161552008
2022-12-07,GB,2.17904259642016
2022-12-07,IE,4.06780184583577
2022-12-07,IT,3.07926431130329
2022-12-07,NL,2.20042868392691
2022-12-07,US,2.2106971365212
2022-12-08,AU,2.57807354201099
2022-12-08,CA,2.23462819085279
2022-12-08,DE,2.2678129086253
2022-12-08,FR,1.85457423216976
2022-12-08,GB,2.18207782006554
2022-12-08,IE,4.06254278985333
2022-12-08,IT,3.07145214188782
2022-12-08,NL,2.19533380598029
2022-12-08,US,2.20937922681902
2022-12-09,AU,2.57697933672781
2022-12-09,CA,2.23588637193194
2022-12-09,DE,2.27066588181482
2022-12-09,FR,1.85040111005288
2022-12-09,GB,2.18265525168434
2022-12-09,IE,4.05719991837933
2022-12-09,IT,3.06178876039205
2022-12-09,NL,2.19100804231885
2022-12-09,US,2.20666946569675
2022-12-10,AU,2.57016391760678
2022-12-10,CA,2.23405640254191
2022-12-10,DE,2.27149305668804
2022-12-10,FR,1.84563365589823
2022-12-10,GB,2.18033372441793
2022-12-10,IE,4.04165503173817
2022-12-10,IT,3.05269236190314
2022-12-10,NL,2.1844855832025
2022-12-10,US,2.20373210822956
2022-12-11,AU,2.56972806889551
2022-12-11,CA,2.23151598597117
2022-12-11,DE,2.27198469941246
2022-12-11,FR,1.84295523265325
2022-12-11,GB,2.17847780461264
2022-12-11,IE,4.03397664247694
2022-12-11,IT,3.04887000084284
2022-12-11,NL,2.18215249975878
2022-12-11,US,2.2027853812017
2022-12-12,AU,2.56760556677572
2022-12-12,CA,2.22658400257865
2022-12-12,DE,2.27253818804245
2022-12-12,FR,1.8388131396741
2022-12-12,GB,2.17871260327847
2022-12-12,IE,4.02637914070885
2022-12-12,IT,3.04384269308549
2022-12-12,NL,2.17781043805096
2022-12-12,US,2.19932836073728
2022-12-13,AU,2.56181899229317
2022-12-13,CA,2.22001503073494
2022-12-13,DE,2.27923805795925
2022-12-13,FR,1.83501694834493
2022-12-13,GB,2.1776222974067
2022-12-13,IE,4.02236660369905
2022-12-13,IT,3.03762929388221
2022-12-13,NL,2.17027553150963
2022-12-13,US,2.19699434950484
2022-12-14,AU,2.53383054643813
2022-12-14,CA,2.21083804572272
2022-12-14,DE,2.28183119813941
2022-12-14,FR,1.83067648689586
2022-12-14,GB,2.16538174470235
2022-12-14,IE,3.98208665583798
2022-12-14,IT,3.00802382698841
2022-12-14,NL,2.1578327028661
2022-12-14,US,2.1923175182583
2022-12-15,AU,2.50431366275771
2022-12-15,CA,2.20523758500834
2022-12-15,DE,2.27621349243493
2022-12-15,FR,1.82539044441526
2022-12-15,GB,2.15516403512762
2022-12-15,IE,3.95355843051513
2022-12-15,IT,2.97912507212617
2022-12-15,NL,2.14766321701938
2022-12-15,US,2.18831639646271
2022-12-16,AU,2.47751362873702
2022-12-16,CA,2.20106232660116
2022-12-16,DE,2.27018410478748
2022-12-16,FR,1.82233911542119
2022-12-16,GB,2.15065949818449
2022-12-16,IE,3.93095773418362
2022-12-16,IT,2.95412119951906
2022-12-16,NL,2.14030456701805
2022-12-16,US,2.18830183249829
2022-12-17,AU,2.45316921986077
2022-12-17,CA,2.1941884271811
2022-12-17,DE,2.25950431740625
2022-12-17,FR,1.81785117506729
2022-12-17,GB,2.14666565963389
2022-12-17,IE,3.92202429805725
2022-12-17,IT,2.92871522795087
2022-12-17,NL,2.13548312051056
2022-12-17,US,2.18747130956275
2022-12-18,AU,2.42383282289834
2022-12-18,CA,2.18700264347144
2022-12-18,DE,2.25252218739665
2022-12-18,FR,1.81285166179724
2022-12-18,GB,2.14413366698668
2022-12-18,IE,3.90279602775432
2022-12-18,IT,2.89900592733225
2022-12-18,NL,2.12953779258758
2022-12-18,US,2.1861171555288
2022-12-19,AU,2.39599992929471
2022-12-19,CA,2.18123639990683
2022-12-19,DE,2.24584385606089
2022-12-19,FR,1.80949559111274
2022-12-19,GB,2.13939026998322
2022-12-19,IE,3.89064682540723
2022-12-19,IT,2.87317438647338
2022-12-19,NL,2.12517706937974
2022-12-19,US,2.18358765123384
2022-12-20,AU,2.37066626548613
2022-12-20,CA,2.17675690525716
2022-12-20,DE,2.23391305426681
2022-12-20,FR,1.80323557853947
2022-12-20,GB,2.13465839669827
2022-12-20,IE,3.88076097538623
2022-12-20,IT,2.84741267609328
2022-12-20,NL,2.12592185195624
2022-12-20,US,2.18188951496894
2022-12-21,AU,2.37098041438489
2022-12-21,CA,2.17567747557384
2022-12-21,DE,2.22129441809186
2022-12-21,FR,1.80045363093795
2022-12-21,GB,2.1388996724718
2022-12-21,IE,3.90639734911412
2022-12-21,IT,2.84228347766673
2022-12-21,NL,2.13246825421878
2022-12-21,US,2.17930961329643
2022-12-22,AU,2.37661183982051
2022-12-22,CA,2.17287510850114
2022-12-22,DE,2.21094300968568
2022-12-22,FR,1.80042481018676
2022-12-22,GB,2.14366408510694
2022-12-22,IE,3.92428896722915
2022-12-22,IT,2.83909524739984
2022-12-22,NL,2.13757266868292
2022-12-22,US,2.17847620829593
2022-12-23,AU,2.3794917519838
2022-12-23,CA,2.17129783383982
2022-12-23,DE,2.20729081215798
2022-12-23,FR,1.80113743287336
2022-12-23,GB,2.14620561285567
2022-12-23,IE,3.94217552625033
2022-12-23,IT,2.83801163036554
2022-12-23,NL,2.14427899710487
2022-12-23,US,2.17774906100952
2022-12-24,AU,2.38538045430064
2022-12-24,CA,2.17393312714643
2022-12-24,DE,2.21200830014413
2022-12-24,FR,1.8023942845156
2022-12-24,GB,2.15082541415635
2022-12-24,IE,3.94722186777052
2022-12-24,IT,2.83712568843325
2022-12-24,NL,2.15055566043723
2022-12-24,US,2.17765165814857
2022-12-25,AU,2.39003758844934
2022-12-25,CA,2.17560178836591
2022-12-25,DE,2.21332747884503
2022-12-25,FR,1.80123532939954
2022-12-25,GB,2.15312419990951
2022-12-25,IE,3.95177296982915
2022-12-25,IT,2.83628004904062
2022-12-25,NL,2.15630647049394
2022-12-25,US,2.17880922341027
2022-12-26,AU,2.3980173287475
2022-12-26,CA,2.17662440169506
2022-12-26,DE,2.21190638582175
2022-12-26,FR,1.80098944161039
2022-12-26,GB,2.15302375756217
2022-12-26,IE,3.95125271532576
2022-12-26,IT,2.83410410258785
2022-12-26,NL,2.15994019045577
2022-12-26,US,2.18194011926556
2022-12-27,AU,2.40305329941594
2022-12-27,CA,2.17729923785564
2022-12-27,DE,2.21401202517836
2022-12-27,FR,1.80314524096984
2022-12-27,GB,2.15233993194867
2022-12-27,IE,3.94997446244498
2022-12-27,IT,2.83737410200758
2022-12-27,NL,2.16191507414728
2022-12-27,US,2.18533877343486
2022-12-28,AU,2.40594172196403
2022-12-28,CA,2.17877549929432
2022-12-28,DE,2.21987847701865
2022-12-28,FR,1.8055464663882
2022-12-28,GB,2.15364500711573
2022-12-28,IE,3.95117802701043
2022-12-28,IT,2.84407527546044
2022-12-28,NL,2.16582843313332
2022-12-28,US,2.18924139488002
2022-12-29,AU,2.4034066429649
2022-12-29,CA,2.18081626274156
2022-12-29,DE,2.22323492285052
2022-12-29,FR,1.80663872897502
2022-12-29,GB,2.15040132836286
2022-12-29,IE,3.94642146347027
2022-12-29,IT,2.85071710535691
2022-12-29,NL,2.16905900854328
2022-12-29,US,2.19199991223095
2022-12-30,AU,2.4047692870807
2022-12-30,CA,2.18149194690125
2022-12-30,DE,2.22482864352352
2022-12-30,FR,1.80754048761553
2022-12-30,GB,2.14550667973464
2022-12-30,IE,3.94911252696221
2022-12-30,IT,2.8555153849185
2022-12-30,NL,2.16725664646574
2022-12-30,US,2.19255725501081
2022-12-31,AU,2.40838345039606
2022-12-31,CA,2.18069036993676
2022-12-31,DE,2.22625628242892
2022-12-31,FR,1.80851478733784
2022-12-31,GB,2.13949484553663
2022-12-31,IE,3.9522522440354
2022-12-31,IT,2.86289296820673
2022-12-31,NL,2.16418950910948
2022-12-31,US,2.18842810933609
2023-01-01,AU,2.41573113168724
2023-01-01,CA,2.18026889043907
2023-01-01,DE,2.22375877829325
2023-01-01,FR,1.80997386077038
2023-01-01,GB,2.13388884107972
2023-01-01,IE,3.95188113946881
2023-01-01,IT,2.84041728516887
2023-01-01,NL,2.1639291314317
2023-01-01,US,2.1884957556181
2023-01-02,AU,2.41999156707641
2023-01-02,CA,2.17845681868853
2023-01-02,DE,2.22738634863959
2023-01-02,FR,1.81097898357093
2023-01-02,GB,2.12900085625651
2023-01-02,IE,3.95031538651407
2023-01-02,IT,2.81787718444069
2023-01-02,NL,2.16492520782324
2023-01-02,US,2.18730993711958
2023-01-03,AU,2.42577283042317
2023-01-03,CA,2.1734982356535
2023-01-03,DE,2.22843243887115
2023-01-03,FR,1.81114712499222
2023-01-03,GB,2.12487455894162
2023-01-03,IE,3.9581480205004
2023-01-03,IT,2.79759624392058
2023-01-03,NL,2.16509191398628
2023-01-03,US,2.18460035943171
2023-01-04,AU,2.43111131531817
2023-01-04,CA,2.1698007504332
2023-01-04,DE,2.22967617498677
2023-01-04,FR,1.80721991777599
2023-01-04,GB,2.11593623108171
2023-01-04,IE,3.94959982975368
2023-01-04,IT,2.77516713992093
2023-01-04,NL,2.16174679595222
2023-01-04,US,2.1797808761536
2023-01-05,AU,2.43800961837206
2023-01-05,CA,2.16770658272887
2023-01-05,DE,2.23034510152832
2023-01-05,FR,1.80140852017371
2023-01-05,GB,2.10234211715858
2023-01-05,IE,3.93690633080429
2023-01-05,IT,2.75479577035279
2023-01-05,NL,2.16062263787452
2023-01-05,US,2.17684810733709
2023-01-06,AU,2.44209812439191
2023-01-06,CA,2.16392298719217
2023-01-06,DE,2.22955933036258
2023-01-06,FR,1.79454887655906
2023-01-06,GB,2.09322429279809
2023-01-06,IE,3.90953703199007
2023-01-06,IT,2.7310168826286
2023-01-06,NL,2.16306823516099
2023-01-06,US,2.17268701050936
2023-01-07,AU,2.44177899766192
2023-01-07,CA,2.15831547892369
2023-01-07,DE,2.22239680463305
2023-01-07,FR,1.78482763919152
2023-01-07,GB,2.08059492609791
2023-01-07,IE,3.88316003812309
2023-01-07,IT,2.70772582868018
2023-01-07,NL,2.16485938456379
2023-01-07,US,2.17188786695512
2023-01-08,AU,2.44306119294713
2023-01-08,CA,2.15368662309495
2023-01-08,DE,2.22179323043624
2023-01-08,FR,1.77674346349255
2023-01-08,GB,2.07002637947488
2023-01-08,IE,3.86859181044511
2023-01-08,IT,2.71288624712289
2023-01-08,NL,2.16507069698262
2023-01-08,US,2.16625493119466
2023-01-09,AU,2.44603726471497
2023-01-09,CA,2.149912139568
2023-01-09,DE,2.2181710044207
2023-01-09,FR,1.76778327503176
2023-01-09,GB,2.05839522324256
2023-01-09,IE,3.85818229796427
2023-01-09,IT,2.72056664321025
2023-01-09,NL,2.16277353925255
2023-01-09,US,2.16124149817462
2023-01-10,AU,2.44491673371558
2023-01-10,CA,2.14766459162243
2023-01-10,DE,2.21412226920623
2023-01-10,FR,1.75923026662058
2023-01-10,GB,2.04481952052047
2023-01-10,IE,3.82849992098525
2023-01-10,IT,2.72474598646862
2023-01-10,NL,2.15747235974116
2023-01-10,US,2.15827141235711
2023-01-11,AU,2.44470116922819
2023-01-11,CA,2.14500286722213
2023-01-11,DE,2.21106131110684
2023-01-11,FR,1.75391358479595
2023-01-11,GB,2.03554394109655
2023-01-11,IE,3.80753932375631
2023-01-11,IT,2.72934059494305
2023-01-11,NL,2.15121983204869
2023-01-11,US,2.15677507280927
2023-01-12,AU,2.44443539879443
2023-01-12,CA,2.1429635511068
2023-01-12,DE,2.20826258758467
2023-01-12,FR,1.75326399360321
2023-01-12,GB,2.03376058388044
2023-01-12,IE,3.79116445405721
2023-01-12,IT,2.74011097287977
2023-01-12,NL,2.14626813827959
2023-01-12,US,2.15368240389855
2023-01-13,AU,2.44731290428381
2023-01-13,CA,2.14807150004208
2023-01-13,DE,2.20572001520493
2023-01-13,FR,1.75207492342381
2023-01-13,GB,2.02824234835867
2023-01-13,IE,3.77910097566435
2023-01-13,IT,2.75390886917886
2023-01-13,NL,2.14392051549486
2023-01-13,US,2.15238329755316
2023-01-14,AU,2.44930362454375
2023-01-14,CA,2.15328058660447
2023-01-14,DE,2.2052567118048
2023-01-14,FR,1.75370515724542
2023-01-14,GB,2.02693384305968
2023-01-14,IE,3.7608162543546
2023-01-14,IT,2.76144498166825
2023-01-14,NL,2.14162358721335
2023-01-14,US,2.14968257062286
2023-01-15,AU,2.45114394198828
2023-01-15,CA,2.15940127000524
2023-01-15,DE,2.20194837295173
2023-01-15,FR,1.75552600022229
2023-01-15,GB,2.02754432241692
2023-01-15,IE,3.74622770034931
2023-01-15,IT,2.77224802377147
2023-01-15,NL,2.13911987919568
2023-01-15,US,2.15222803427075
2023-01-16,AU,2.45014166714529
2023-01-16,CA,2.1659433187478
2023-01-16,DE,2.20146277974829
2023-01-16,FR,1.75860314088609
2023-01-16,GB,2.02934927355229
2023-01-16,IE,3.7315207863913
2023-01-16,IT,2.78063422281252
2023-01-16,NL,2.13416786621801
2023-01-16,US,2.15343273546195
2023-01-17,AU,2.44605735313394
2023-01-17,CA,2.17281841669121
2023-01-17,DE,2.20017619012753
2023-01-17,FR,1.76241830224136
2023-01-17,GB,2.02991664184442
2023-01-17,IE,3.71502206266897
2023-01-17,IT,2.78449484669211
2023-01-17,NL,2.13117171973502
2023-01-17,US,2.15458431446712
2023-01-18,AU,2.44429394437325
2023-01-18,CA,2.17594064326315
2023-01-18,DE,2.19602638363065
2023-01-18,FR,1.76209773681669
2023-01-18,GB,2.03089533500764
2023-01-18,IE,3.69803755196119
2023-01-18,IT,2.78813229689014
2023-01-18,NL,2.13211819545417
2023-01-18,US,2.15436657584699
2023-01-19,AU,2.43509746720647
2023-01-19,CA,2.17705407899673
2023-01-19,DE,2.19327961380104
2023-01-19,FR,1.75736829960258
2023-01-19,GB,2.02937022383338
2023-01-19,IE,3.67097564630722
2023-01-19,IT,2.77704598071702
2023-01-19,NL,2.12668692166477
2023-01-19,US,2.15359993127012
2023-01-20,AU,2.42574200797405
2023-01-20,CA,2.17208719231219
2023-01-20,DE,2.18956995770207
2023-01-20,FR,1.75402246043338
2023-01-20,GB,2.03108358318366
2023-01-20,IE,3.64582801111473
2023-01-20,IT,2.76663204902809
2023-01-20,NL,2.11857386154784
2023-01-20,US,2.15131480120862
2023-01-21,AU,2.41540921291166
2023-01-21,CA,2.16730445878158
2023-01-21,DE,2.19000582699586
2023-01-21,FR,1.75000103670392
2023-01-21,GB,2.02987732419676
2023-01-21,IE,3.62165543704073
2023-01-21,IT,2.75766539957857
2023-01-21,NL,2.10977995322328
2023-01-21,US,2.15033025118917
2023-01-22,AU,2.40305031727983
2023-01-22,CA,2.16103550457441
2023-01-22,DE,2.19506283378065
2023-01-22,FR,1.74471354831996
2023-01-22,GB,2.02670107848217
2023-01-22,IE,3.58952963031535
2023-01-22,IT,2.74856640791744
2023-01-22,NL,2.10046288311417
2023-01-22,US,2.1460717419813
2023-01-23,AU,2.38438793594554
2023-01-23,CA,2.15354870568474
2023-01-23,DE,2.19539101555607
2023-01-23,FR,1.73592022821876
2023-01-23,GB,2.02173876379627
2023-01-23,IE,3.5565196562262
2023-01-23,IT,2.73840831907237
2023-01-23,NL,2.09031582485224
2023-01-23,US,2.14306890301223
2023-01-24,AU,2.37336154548805
2023-01-24,CA,2.14904652435117
2023-01-24,DE,2.19611946402985
2023-01-24,FR,1.72794475302736
2023-01-24,GB,2.02352869298537
2023-01-24,IE,3.53176627340438
2023-01-24,IT,2.73163059530774
2023-01-24,NL,2.08915560509166
2023-01-24,US,2.13835183074909
2023-01-25,AU,2.35701564305275
2023-01-25,CA,2.14478948271069
2023-01-25,DE,2.19368995676245
2023-01-25,FR,1.72204996017468
2023-01-25,GB,2.02348709096843
2023-01-25,IE,3.50900019507034
2023-01-25,IT,2.72822531839932
2023-01-25,NL,2.08396194909094
2023-01-25,US,2.1352456876646
2023-01-26,AU,2.34208953667033
2023-01-26,CA,2.14347586830758
2023-01-26,DE,2.19766994666555
2023-01-26,FR,1.71614585763337
2023-01-26,GB,2.02307141950611
2023-01-26,IE,3.49867336027988
2023-01-26,IT,2.72637635084286
2023-01-26,NL,2.08275560564195
2023-01-26,US,2.13477342335719
2023-01-27,AU,2.32968967978561
2023-01-27,CA,2.14307793709289
2023-01-27,DE,2.20043115925439
2023-01-27,FR,1.71081864522897
2023-01-27,GB,2.02063026113723
2023-01-27,IE,3.49038478189436
2023-01-27,IT,2.72609940349025
2023-01-27,NL,2.07907618434531
2023-01-27,US,2.13481824964787
2023-01-28,AU,2.31986750807095
2023-01-28,CA,2.14609670089141
2023-01-28,DE,2.20218198798013
2023-01-28,FR,1.70466215557226
2023-01-28,GB,2.02247201969518
2023-01-28,IE,3.48708091982451
2023-01-28,IT,2.72742846951277
2023-01-28,NL,2.0746950440873
2023-01-28,US,2.13608964757829
2023-01-29,AU,2.30874890792589
2023-01-29,CA,2.14792690834363
2023-01-29,DE,2.19669025230182
2023-01-29,FR,1.69826584945293
2023-01-29,GB,2.02285169883146
2023-01-29,IE,3.47816304935777
2023-01-29,IT,2.72617115610983
2023-01-29,NL,2.0702390939388
2023-01-29,US,2.13553183086628
2023-01-30,AU,2.30617926595758
2023-01-30,CA,2.15022711847512
2023-01-30,DE,2.19375862449596
2023-01-30,FR,1.69863579444728
2023-01-30,GB,2.02512584974036
2023-01-30,IE,3.46950559616737
2023-01-30,IT,2.72566214942024
2023-01-30,NL,2.07228204092985
2023-01-30,US,2.13542393444889
2023-01-31,AU,2.30225966895556
2023-01-31,CA,2.14977481394454
2023-01-31,DE,2.19204878470225
2023-01-31,FR,1.69362658920671
2023-01-31,GB,2.02440450812203
2023-01-31,IE,3.46675574676815
2023-01-31,IT,2.72183835057383
2023-01-31,NL,2.07718293661733
2023-01-31,US,2.1339022633564
2023-02-01,AU,2.30091967333045
2023-02-01,CA,2.14766441992288
2023-02-01,DE,2.19886052608858
2023-02-01,FR,1.69184497347134
2023-02-01,GB,2.02446911128024
2023-02-01,IE,3.46160353213751
2023-02-01,IT,2.70691454510196
2023-02-01,NL,2.08515567175632
2023-02-01,US,2.13230905385307
2023-02-02,AU,2.30891211306014
2023-02-02,CA,2.14379243179524
2023-02-02,DE,2.19635291613101
2023-02-02,FR,1.69330518200836
2023-02-02,GB,2.02715084038012
2023-02-02,IE,3.45551609317538
2023-02-02,IT,2.69841509834638
2023-02-02,NL,2.0928841621423
2023-02-02,US,2.13008972585245
2023-02-03,AU,2.31129002140726
2023-02-03,CA,2.13847309125432
2023-02-03,DE,2.19663808122024
2023-02-03,FR,1.69365480201649
2023-02-03,GB,2.02907929236588
2023-02-03,IE,3.43993996235256
2023-02-03,IT,2.68650851891373
2023-02-03,NL,2.09936535505882
2023-02-03,US,2.12894159254787
2023-02-04,AU,2.31468724254325
2023-02-04,CA,2.13378218870327
2023-02-04,DE,2.22104610347903
2023-02-04,FR,1.69747949248439
2023-02-04,GB,2.02708936678658
2023-02-04,IE,3.42933076101635
2023-02-04,IT,2.67280870951137
2023-02-04,NL,2.10737140325753
2023-02-04,US,2.12633630696044
2023-02-05,AU,2.31803324415189
2023-02-05,CA,2.12685677459727
2023-02-05,DE,2.24657098903656
2023-02-05,FR,1.69938984222294
2023-02-05,GB,2.02464947024661
2023-02-05,IE,3.42051972107716
2023-02-05,IT,2.65938381416298
2023-02-05,NL,2.11141094088318
2023-02-05,US,2.12370881368862
2023-02-06,AU,2.31940871489126
2023-02-06,CA,2.12154116103489
2023-02-06,DE,2.27208333242734
2023-02-06,FR,1.69770810185563
2023-02-06,GB,2.02565234880796
2023-02-06,IE,3.41111180889872
2023-02-06,IT,2.64688987821609
2023-02-06,NL,2.11789721075103
2023-02-06,US,2.12130392701783
2023-02-07,AU,2.31773838591839
2023-02-07,CA,2.11629685357139
2023-02-07,DE,2.29757223862635
2023-02-07,FR,1.70022204575577
2023-02-07,GB,2.02622661651409
2023-02-07,IE,3.40530455129277
2023-02-07,IT,2.64218361092323
2023-02-07,NL,2.1134434096697
2023-02-07,US,2.12069165025496
2023-02-08,AU,2.31814816005906
2023-02-08,CA,2.12009117141661
2023-02-08,DE,2.32065822208562
2023-02-08,FR,1.70164064137887
2023-02-08,GB,2.0228888523774
2023-02-08,IE,3.39227693369835
2023-02-08,IT,2.64780896450634
2023-02-08,NL,2.10731150082099
2023-02-08,US,2.11909388697017
2023-02-09,AU,2.31859831676573
2023-02-09,CA,2.12093136012275
2023-02-09,DE,2.34445566946155
2023-02-09,FR,1.70187843239764
2023-02-09,GB,2.02020761304066
2023-02-09,IE,3.39709946624174
2023-02-09,IT,2.63720831567543
2023-02-09,NL,2.10338336721911
2023-02-09,US,2.11730370932451
2023-02-10,AU,2.3234276317785
2023-02-10,CA,2.12435447073856
2023-02-10,DE,2.36617666109274
2023-02-10,FR,1.70167896590253
2023-02-10,GB,2.01834782816227
2023-02-10,IE,3.41155953735192
2023-02-10,IT,2.62786940819332
2023-02-10,NL,2.10192215296621
2023-02-10,US,2.11623107096929
2023-02-11,AU,2.32842610892236
2023-02-11,CA,2.12594565481044
2023-02-11,DE,2.36552451692139
2023-02-11,FR,1.6998894741443
2023-02-11,GB,2.01822049392693
2023-02-11,IE,3.42261252328907
2023-02-11,IT,2.62361909222746
2023-02-11,NL,2.10027733210475
2023-02-11,US,2.1163693587484
2023-02-12,AU,2.33372938706658
2023-02-12,CA,2.13023262000241
2023-02-12,DE,2.366139750518
2023-02-12,FR,1.70025997139533
2023-02-12,GB,2.01992023869982
2023-02-12,IE,3.44403526977587
2023-02-12,IT,2.62203204304508
2023-02-12,NL,2.10216850754409
2023-02-12,US,2.11653676401466
2023-02-13,AU,2.33876198624882
2023-02-13,CA,2.13420084097563
2023-02-13,DE,2.36711883958791
2023-02-13,FR,1.69942853785743
2023-02-13,GB,2.01887245396799
2023-02-13,IE,3.4613465100816
2023-02-13,IT,2.61830625673008
2023-02-13,NL,2.10393778624792
2023-02-13,US,2.11514758707027
2023-02-14,AU,2.34470380034964
2023-02-14,CA,2.13670667650913
2023-02-14,DE,2.3684972949124
2023-02-14,FR,1.69856362742965
2023-02-14,GB,2.01374873914874
2023-02-14,IE,3.47350879905193
2023-02-14,IT,2.60910521596879
2023-02-14,NL,2.10480044095253
2023-02-14,US,2.11197258279471
2023-02-15,AU,2.34998952102564
2023-02-15,CA,2.13405254524378
2023-02-15,DE,2.36682430962516
2023-02-15,FR,1.69664292484793
2023-02-15,GB,2.01430861220806
2023-02-15,IE,3.49514327618024
2023-02-15,IT,2.5981886099654
2023-02-15,NL,2.09937901583543
2023-02-15,US,2.11043704645747
2023-02-16,AU,2.35156686643387
2023-02-16,CA,2.13309343366683
2023-02-16,DE,2.36817425225509
2023-02-16,FR,1.69360585881844
2023-02-16,GB,2.01214508501996
2023-02-16,IE,3.50140438729715
2023-02-16,IT,2.6007894687858
2023-02-16,NL,2.09418901725508
2023-02-16,US,2.10773854529069
2023-02-17,AU,2.35364622842199
2023-02-17,CA,2.13009805343298
2023-02-17,DE,2.36887898812092
2023-02-17,FR,1.69150833821257
2023-02-17,GB,2.01055623763818
2023-02-17,IE,3.49284787773456
2023-02-17,IT,2.60126767993163
2023-02-17,NL,2.08685893011068
2023-02-17,US,2.10124154048632
2023-02-18,AU,2.35198399535851
2023-02-18,CA,2.12088953129782
2023-02-18,DE,2.36904761204635
2023-02-18,FR,1.68745417970136
2023-02-18,GB,1.99979150580685
2023-02-18,IE,3.47697663138958
2023-02-18,IT,2.59900857381289
2023-02-18,NL,2.08387581608493
2023-02-18,US,2.08963685775433
2023-02-19,AU,2.3513695218977
2023-02-19,CA,2.11783685300941
2023-02-19,DE,2.37057020269465
2023-02-19,FR,1.68511262959377
2023-02-19,GB,1.99664824546985
2023-02-19,IE,3.46647429447477
2023-02-19,IT,2.59604364919411
2023-02-19,NL,2.08392027077418
2023-02-19,US,2.08328305203757
2023-02-20,AU,2.35236951295653
2023-02-20,CA,2.11532552409244
2023-02-20,DE,2.37067732152807
2023-02-20,FR,1.68342207054216
2023-02-20,GB,1.99314242791621
2023-02-20,IE,3.46166344211076
2023-02-20,IT,2.59767134801666
2023-02-20,NL,2.08248729939422
2023-02-20,US,2.07737947621806
2023-02-21,AU,2.35444028769544
2023-02-21,CA,2.11259825171467
2023-02-21,DE,2.37021426941887
2023-02-21,FR,1.68253688445492
2023-02-21,GB,1.99358779220509
2023-02-21,IE,3.45057778360492
2023-02-21,IT,2.59817571202883
2023-02-21,NL,2.0812307312078
2023-02-21,US,2.07281716992213
2023-02-22,AU,2.35611045723273
2023-02-22,CA,2.11055082339971
2023-02-22,DE,2.37166687320916
2023-02-22,FR,1.68150159749185
2023-02-22,GB,1.99105188855024
2023-02-22,IE,3.44112670842128
2023-02-22,IT,2.5966373977107
2023-02-22,NL,2.08733536968724
2023-02-22,US,2.06569830563523
2023-02-23,AU,2.3556924475594
2023-02-23,CA,2.10659044415425
2023-02-23,DE,2.37182191322774
2023-02-23,FR,1.67836388236704
2023-02-23,GB,1.98471281583384
2023-02-23,IE,3.41730768988522
2023-02-23,IT,2.59333110965169
2023-02-23,NL,2.08871544894395
2023-02-23,US,2.05602220514044
2023-02-24,AU,2.35908709383701
2023-02-24,CA,2.10652489907795
2023-02-24,DE,2.37442211537862
2023-02-24,FR,1.67928680174272
2023-02-24,GB,1.98417011480301
2023-02-24,IE,3.41250696471073
2023-02-24,IT,2.59599308390295
2023-02-24,NL,2.09479979074795
2023-02-24,US,2.0499747126267
2023-02-25,AU,2.36561667794545
2023-02-25,CA,2.11363488974344
2023-02-25,DE,2.3766130507141
2023-02-25,FR,1.68180009898216
2023-02-25,GB,1.99177230303893
2023-02-25,IE,3.4152883067555
2023-02-25,IT,2.60277268097887
2023-02-25,NL,2.09706714816552
2023-02-25,US,2.05042890612636
2023-02-26,AU,2.37204330860751
2023-02-26,CA,2.11437541006172
2023-02-26,DE,2.37684330670692
2023-02-26,FR,1.68341298321257
2023-02-26,GB,1.99159227810754
2023-02-26,IE,3.40612028453722
2023-02-26,IT,2.60592089529036
2023-02-26,NL,2.09770611171858
2023-02-26,US,2.04471205252879
2023-02-27,AU,2.4021773618688
2023-02-27,CA,2.11376105800706
2023-02-27,DE,2.37793379700504
2023-02-27,FR,1.68569714263825
2023-02-27,GB,1.99076795022765
2023-02-27,IE,3.3903871150063
2023-02-27,IT,2.60771169136252
2023-02-27,NL,2.09664219548328
2023-02-27,US,2.0399083345184
2023-02-28,AU,2.43007527562271
2023-02-28,CA,2.1118506538033
2023-02-28,DE,2.37954442700448
2023-02-28,FR,1.68617503005362
2023-02-28,GB,1.98962818113814
2023-02-28,IE,3.36797203747675
2023-02-28,IT,2.61375361111113
2023-02-28,NL,2.09837198361174
2023-02-28,US,2.03569613721354
2023-03-01,AU,2.46181356962837
2023-03-01,CA,2.11025218291931
2023-03-01,DE,2.38060146699784
2023-03-01,FR,1.68939440626359
2023-03-01,GB,1.98891834574636
2023-03-01,IE,3.35393797109086
2023-03-01,IT,2.61722027252533
2023-03-01,NL,2.09996798854985
2023-03-01,US,2.03153825200842
2023-03-02,AU,2.49597469550821
2023-03-02,CA,2.11095577262509
2023-03-02,DE,2.38532274274317
2023-03-02,FR,1.69512916886641
2023-03-02,GB,1.99304491125571
2023-03-02,IE,3.35722058832634
2023-03-02,IT,2.62854493470616
2023-03-02,NL,2.10246285892528
2023-03-02,US,2.02747310943437
2023-03-03,AU,2.52651589701535
2023-03-03,CA,2.10643533358049
2023-03-03,DE,2.38766349595944
2023-03-03,FR,1.69650290078242
2023-03-03,GB,1.99096642147933
2023-03-03,IE,3.36111897927398
2023-03-03,IT,2.63440088895313
2023-03-03,NL,2.10205797877465
2023-03-03,US,2.02171442604304
2023-03-04,AU,2.55655347181157
2023-03-04,CA,2.10094817138692
2023-03-04,DE,2.38918041834695
2023-03-04,FR,1.6957100046967
2023-03-04,GB,1.98574886065017
2023-03-04,IE,3.35911085320389
2023-03-04,IT,2.64021970050134
2023-03-04,NL,2.1042205157839
2023-03-04,US,2.01401078471267
2023-03-05,AU,2.58250615488485
2023-03-05,CA,2.09889003434022
2023-03-05,DE,2.38925254939583
2023-03-05,FR,1.69454200655736
2023-03-05,GB,1.98569349163334
2023-03-05,IE,3.37889692080725
2023-03-05,IT,2.64797901637243
2023-03-05,NL,2.10597181815238
2023-03-05,US,2.00802524961926
2023-03-06,AU,2.58679730759618
2023-03-06,CA,2.09683462731124
2023-03-06,DE,2.39292199446527
2023-03-06,FR,1.69384305979123
2023-03-06,GB,1.98796990704493
2023-03-06,IE,3.40211971140494
2023-03-06,IT,2.65344854255555
2023-03-06,NL,2.10608322334907
2023-03-06,US,2.00122757860272
2023-03-07,AU,2.59258677027372
2023-03-07,CA,2.09680447904529
2023-03-07,DE,2.39435785002197
2023-03-07,FR,1.69514116499973
2023-03-07,GB,1.99041460523487
2023-03-07,IE,3.43460465586124
2023-03-07,IT,2.65458451708072
2023-03-07,NL,2.10406590981017
2023-03-07,US,1.99532502770877
2023-03-08,AU,2.59605151481333
2023-03-08,CA,2.09490092034332
2023-03-08,DE,2.39560435853872
2023-03-08,FR,1.69366015214838
2023-03-08,GB,1.98851726965436
2023-03-08,IE,3.45893004073386
2023-03-08,IT,2.65706391980414
2023-03-08,NL,2.10002009235441
2023-03-08,US,1.98978005740578
2023-03-09,AU,2.59866060260638
2023-03-09,CA,2.09473655943646
2023-03-09,DE,2.39442739616188
2023-03-09,FR,1.69100191261412
2023-03-09,GB,1.98899783716236
2023-03-09,IE,3.47888570110645
2023-03-09,IT,2.6551616136122
2023-03-09,NL,2.09043752488093
2023-03-09,US,1.98772436849936
2023-03-10,AU,2.59050881916835
2023-03-10,CA,2.09063865200308
2023-03-10,DE,2.39690523691103
2023-03-10,FR,1.68883728963845
2023-03-10,GB,1.98850183169665
2023-03-10,IE,3.47729411790169
2023-03-10,IT,2.63697904279178
2023-03-10,NL,2.08181512403827
2023-03-10,US,1.97893690790565
2023-03-11,AU,2.58917092499225
2023-03-11,CA,2.08586535426289
2023-03-11,DE,2.39713687560844
2023-03-11,FR,1.68586297659308
2023-03-11,GB,1.99270983185259
2023-03-11,IE,3.46262959573382
2023-03-11,IT,2.61310009277972
2023-03-11,NL,2.07280998364377
2023-03-11,US,1.96849883777913
2023-03-12,AU,2.59179502039956
2023-03-12,CA,2.07802931674373
2023-03-12,DE,2.39881035874202
2023-03-12,FR,1.6831070741008
2023-03-12,GB,1.99115326335435
2023-03-12,IE,3.44017555493587
2023-03-12,IT,2.59029130907691
2023-03-12,NL,2.06211709103653
2023-03-12,US,1.95697361525504
2023-03-13,AU,2.59560953577201
2023-03-13,CA,2.0727787368245
2023-03-13,DE,2.39929227293317
2023-03-13,FR,1.67826898440907
2023-03-13,GB,1.98733978068781
2023-03-13,IE,3.41794701396389
2023-03-13,IT,2.56871362414523
2023-03-13,NL,2.0519953380535
2023-03-13,US,1.94480023103732
2023-03-14,AU,2.59566872217207
2023-03-14,CA,2.06700724402462
2023-03-14,DE,2.39900139780023
2023-03-14,FR,1.67361755674691
2023-03-14,GB,1.9817613943953
2023-03-14,IE,3.38274820393138
2023-03-14,IT,2.5471450698304
2023-03-14,NL,2.04040184430893
2023-03-14,US,1.9323877863485
2023-03-15,AU,2.59314267740329
2023-03-15,CA,2.06130129966091
2023-03-15,DE,2.39958097699842
2023-03-15,FR,1.66891803341333
2023-03-15,GB,1.98105499194112
2023-03-15,IE,3.35332421409062
2023-03-15,IT,2.52913474984893
2023-03-15,NL,2.03024717411894
2023-03-15,US,1.92038665700209
2023-03-16,AU,2.59120520620441
2023-03-16,CA,2.05200434927299
2023-03-16,DE,2.39806132865126
2023-03-16,FR,1.66589643095981
2023-03-16,GB,1.97768525298543
2023-03-16,IE,3.31803173971212
2023-03-16,IT,2.50838027045559
2023-03-16,NL,2.02708681634598
2023-03-16,US,1.90711247353185
2023-03-17,AU,2.59316688944399
2023-03-17,CA,2.04913677604653
2023-03-17,DE,2.3940024070959
2023-03-17,FR,1.66062991273543
2023-03-17,GB,1.9725715256131
2023-03-17,IE,3.30851259001414
2023-03-17,IT,2.5063486533956
2023-03-17,NL,2.02279517448436
2023-03-17,US,1.90036079149788
2023-03-18,AU,2.58776255990912
2023-03-18,CA,2.04635284212739
2023-03-18,DE,2.39332531403009
2023-03-18,FR,1.65752101323034
2023-03-18,GB,1.96923556009902
2023-03-18,IE,3.28492863991155
2023-03-18,IT,2.50618576817835
2023-03-18,NL,2.01693962201032
2023-03-18,US,1.89524343564781
2023-03-19,AU,2.58577556379773
2023-03-19,CA,2.04580449787388
2023-03-19,DE,2.39261320806195
2023-03-19,FR,1.6541529563597
2023-03-19,GB,1.96647626202967
2023-03-19,IE,3.28688552040415
2023-03-19,IT,2.50864863683985
2023-03-19,NL,2.01570285281347
2023-03-19,US,1.89142106506093
2023-03-20,AU,2.5794756682832
2023-03-20,CA,2.04192435244404
2023-03-20,DE,2.38818353064991
2023-03-20,FR,1.65031973985727
2023-03-20,GB,1.96410627312425
2023-03-20,IE,3.29499714073968
2023-03-20,IT,2.50921860521322
2023-03-20,NL,2.01441336325309
2023-03-20,US,1.88809721621312
2023-03-21,AU,2.57602321624601
2023-03-21,CA,2.04043088734161
2023-03-21,DE,2.38763335878824
2023-03-21,FR,1.64758234325758
2023-03-21,GB,1.96218569606659
2023-03-21,IE,3.31199244753606
2023-03-21,IT,2.5065496320835
2023-03-21,NL,2.016199358728
2023-03-21,US,1.88437534880967
2023-03-22,AU,2.57130213811332
2023-03-22,CA,2.03935732735081
2023-03-22,DE,2.38873413774089
2023-03-22,FR,1.65234204566635
2023-03-22,GB,1.95838419910589
2023-03-22,IE,3.32057389907933
2023-03-22,IT,2.50297172078772
2023-03-22,NL,2.01712813641283
2023-03-22,US,1.8800460158153
2023-03-23,AU,2.56556974573846
2023-03-23,CA,2.04102808754308
2023-03-23,DE,2.39188312389801
2023-03-23,FR,1.65470843978075
2023-03-23,GB,1.95426392357895
2023-03-23,IE,3.33783944609644
2023-03-23,IT,2.50268112684443
2023-03-23,NL,2.01774566507477
2023-03-23,US,1.87545935930921
2023-03-24,AU,2.56494028939494
2023-03-24,CA,2.0407225039214
2023-03-24,DE,2.39256734281455
2023-03-24,FR,1.65800068111967
2023-03-24,GB,1.95037646601326
2023-03-24,IE,3.35006994208973
2023-03-24,IT,2.49854256668258
2023-03-24,NL,2.01837832771546
2023-03-24,US,1.87043982338836
2023-03-25,AU,2.56273214011231
2023-03-25,CA,2.0427181705464
2023-03-25,DE,2.39336864056582
2023-03-25,FR,1.66191857096963
2023-03-25,GB,1.94497531792788
2023-03-25,IE,3.36328570269555
2023-03-25,IT,2.49363766336157
2023-03-25,NL,2.01840329875637
2023-03-25,US,1.86501783447257
2023-03-26,AU,2.55246695140395
2023-03-26,CA,2.04222999500138
2023-03-26,DE,2.39403062408945
2023-03-26,FR,1.66601085381205
2023-03-26,GB,1.94175685859542
2023-03-26,IE,3.36024245972487
2023-03-26,IT,2.48677109336218
2023-03-26,NL,2.01601314333495
2023-03-26,US,1.85861778202278
2023-03-27,AU,2.5481699118695
2023-03-27,CA,2.04443554599998
2023-03-27,DE,2.39736890870283
2023-03-27,FR,1.67191065779758
2023-03-27,GB,1.93963097476991
2023-03-27,IE,3.34149986974294
2023-03-27,IT,2.4835768799905
2023-03-27,NL,2.01513960567451
2023-03-27,US,1.8540270315966
2023-03-28,AU,2.54144609895768
2023-03-28,CA,2.04104769505901
2023-03-28,DE,2.3949743064406
2023-03-28,FR,1.67874676216358
2023-03-28,GB,1.93873957401875
2023-03-28,IE,3.34288573062362
2023-03-28,IT,2.47680215546346
2023-03-28,NL,2.01238386883408
2023-03-28,US,1.84797083448191
2023-03-29,AU,2.54172120107079
2023-03-29,CA,2.04151097856135
2023-03-29,DE,2.39253576399718
2023-03-29,FR,1.68098272749025
2023-03-29,GB,1.93939251348305
2023-03-29,IE,3.32903505720008
2023-03-29,IT,2.4701596282148
2023-03-29,NL,2.01454988472462
2023-03-29,US,1.84324449971238
2023-03-30,AU,2.54112383765252
2023-03-30,CA,2.03998746935653
2023-03-30,DE,2.38848673111324
2023-03-30,FR,1.68474238323753
2023-03-30,GB,1.93914466745334
2023-03-30,IE,3.33121380914631
2023-03-30,IT,2.46210900237359
2023-03-30,NL,2.01412992554755
2023-03-30,US,1.83888286123633
2023-03-31,AU,2.53753340300769
2023-03-31,CA,2.0310651683418
2023-03-31,DE,2.38679034811654
2023-03-31,FR,1.68977706410997
2023-03-31,GB,1.94461957661281
2023-03-31,IE,3.33229082477571
2023-03-31,IT,2.45510267045243
2023-03-31,NL,2.01578798791973
2023-03-31,US,1.83784055182382
2023-04-01,AU,2.53463087625928
2023-04-01,CA,2.01918722340341
2023-04-01,DE,2.3830147023792
2023-04-01,FR,1.69411107965623
2023-04-01,GB,1.94702088233454
2023-04-01,IE,3.35600885989671
2023-04-01,IT,2.44776518132224
2023-04-01,NL,2.01643162445622
2023-04-01,US,1.83813806999443
2023-04-02,AU,2.54011282142087
2023-04-02,CA,2.0087436214569
2023-04-02,DE,2.37987832674773
2023-04-02,FR,1.69911855377323
2023-04-02,GB,1.94817720107884
2023-04-02,IE,3.36236693661096
2023-04-02,IT,2.43933127582651
2023-04-02,NL,2.01505637660504
2023-04-02,US,1.83792749144281
2023-04-03,AU,2.53629294061708
2023-04-03,CA,1.99809221279305
2023-04-03,DE,2.37301982625672
2023-04-03,FR,1.70332400684354
2023-04-03,GB,1.9484511077781
2023-04-03,IE,3.37780222268183
2023-04-03,IT,2.42651548074758
2023-04-03,NL,2.01445025920913
2023-04-03,US,1.83614316771388
2023-04-04,AU,2.5421310046352
2023-04-04,CA,1.98973495880323
2023-04-04,DE,2.37374778254833
2023-04-04,FR,1.70498122073246
2023-04-04,GB,1.94969704385491
2023-04-04,IE,3.37497355482509
2023-04-04,IT,2.42467479916224
2023-04-04,NL,2.01598531987809
2023-04-04,US,1.83499366167596
2023-04-05,AU,2.53807941389555
2023-04-05,CA,1.97915713788677
2023-04-05,DE,2.37089081829001
2023-04-05,FR,1.7050740570959
2023-04-05,GB,1.94745319847339
2023-04-05,IE,3.38877167560044
2023-04-05,IT,2.42042952314478
2023-04-05,NL,2.0139690107881
2023-04-05,US,1.83493285222127
2023-04-06,AU,2.53587365053157
2023-04-06,CA,1.96950359215151
2023-04-06,DE,2.36740285991563
2023-04-06,FR,1.70624000387476
2023-04-06,GB,1.94930011009105
2023-04-06,IE,3.39092723061652
2023-04-06,IT,2.41655935864169
2023-04-06,NL,2.01392125577707
2023-04-06,US,1.83549471678709
2023-04-07,AU,2.53738403697456
2023-04-07,CA,1.96866886727977
2023-04-07,DE,2.3663543971663
2023-04-07,FR,1.7072489663787
2023-04-07,GB,1.94848578846038
2023-04-07,IE,3.38674083387126
2023-04-07,IT,2.41249690680605
2023-04-07,NL,2.01279593765314
2023-04-07,US,1.83496458374075
2023-04-08,AU,2.54195009320311
2023-04-08,CA,1.96907295423534
2023-04-08,DE,2.36650108452235
2023-04-08,FR,1.70603648293642
2023-04-08,GB,1.95124037137696
2023-04-08,IE,3.37903121154761
2023-04-08,IT,2.41170994530586
2023-04-08,NL,2.01181111730341
2023-04-08,US,1.8325072954644
2023-04-09,AU,2.54600441209796
2023-04-09,CA,1.96879238472802
2023-04-09,DE,2.36428682004345
2023-04-09,FR,1.70387001772344
2023-04-09,GB,1.95331768183154
2023-04-09,IE,3.37889072632483
2023-04-09,IT,2.40899738782839
2023-04-09,NL,2.01253972679396
2023-04-09,US,1.83083857652305
2023-04-10,AU,2.55331387574834
2023-04-10,CA,1.96623555151765
2023-04-10,DE,2.36352650913523
2023-04-10,FR,1.70133530895398
2023-04-10,GB,1.95432922508429
2023-04-10,IE,3.38802909822663
2023-04-10,IT,2.4090520710469
2023-04-10,NL,2.01162154068639
2023-04-10,US,1.82996422761234
2023-04-11,AU,2.55623487645687
2023-04-11,CA,1.96401866175397
2023-04-11,DE,2.36038683685557
2023-04-11,FR,1.70128314171428
2023-04-11,GB,1.95263649009961
2023-04-11,IE,3.4022287196491
2023-04-11,IT,2.40930792895956
2023-04-11,NL,2.00869683974571
2023-04-11,US,1.82800184177658
2023-04-12,AU,2.55891466621312
2023-04-12,CA,1.96131217873621
2023-04-12,DE,2.36045152040076
2023-04-12,FR,1.70223534034058
2023-04-12,GB,1.95476963079501
2023-04-12,IE,3.41670557045519
2023-04-12,IT,2.4175209674502
2023-04-12,NL,2.00636121017904
2023-04-12,US,1.82576435604601
2023-04-13,AU,2.53630865038412
2023-04-13,CA,1.95710636300997
2023-04-13,DE,2.33222992859635
2023-04-13,FR,1.70320470768825
2023-04-13,GB,1.95463437619715
2023-04-13,IE,3.42343747065388
2023-04-13,IT,2.42471849870148
2023-04-13,NL,2.00398019724348
2023-04-13,US,1.82181576903046
2023-04-14,AU,2.51013084458386
2023-04-14,CA,1.94843383076506
2023-04-14,DE,2.30153800395082
2023-04-14,FR,1.70324377767293
2023-04-14,GB,1.9526912538911
2023-04-14,IE,3.43389359705424
2023-04-14,IT,2.43044748457852
2023-04-14,NL,2.00072424125556
2023-04-14,US,1.81606525459826
2023-04-15,AU,2.48139519370167
2023-04-15,CA,1.93788474915142
2023-04-15,DE,2.27184671352986
2023-04-15,FR,1.70569445646933
2023-04-15,GB,1.94328814270782
2023-04-15,IE,3.43273828257334
2023-04-15,IT,2.43126592958045
2023-04-15,NL,2.00016576252194
2023-04-15,US,1.80882872435214
2023-04-16,AU,2.45192502780216
2023-04-16,CA,1.93052193629012
2023-04-16,DE,2.24476180013197
2023-04-16,FR,1.70939595102218
2023-04-16,GB,1.9399775509109
2023-04-16,IE,3.43460663712743
2023-04-16,IT,2.43691828778702
2023-04-16,NL,1.99877026499475
2023-04-16,US,1.8064051787742
2023-04-17,AU,2.4241923388748
2023-04-17,CA,1.92388455347907
2023-04-17,DE,2.2193672657086
2023-04-17,FR,1.71420717573752
2023-04-17,GB,1.93789779222448
2023-04-17,IE,3.42936277792197
2023-04-17,IT,2.44266564996927
2023-04-17,NL,1.99773015735146
2023-04-17,US,1.80361397198541
2023-04-18,AU,2.39493207816937
2023-04-18,CA,1.91787751629321
2023-04-18,DE,2.19159756911687
2023-04-18,FR,1.71418927222958
2023-04-18,GB,1.93632166213889
2023-04-18,IE,3.41336278410055
2023-04-18,IT,2.44626320896101
2023-04-18,NL,1.99474101982827
2023-04-18,US,1.80133009934162
2023-04-19,AU,2.36757577557453
2023-04-19,CA,1.90935670575273
2023-04-19,DE,2.15983030695681
2023-04-19,FR,1.7109611280457
2023-04-19,GB,1.93092585335186
2023-04-19,IE,3.39486286698652
2023-04-19,IT,2.44236169490678
2023-04-19,NL,1.98862478226015
2023-04-19,US,1.80071175763793
2023-04-20,AU,2.37147598332208
2023-04-20,CA,1.90116557362633
2023-04-20,DE,2.15823660022547
2023-04-20,FR,1.70725945486176
2023-04-20,GB,1.92660784377479
2023-04-20,IE,3.36939799859343
2023-04-20,IT,2.44115178076898
2023-04-20,NL,1.98518506740357
2023-04-20,US,1.7994094627131
2023-04-21,AU,2.37017468887861
2023-04-21,CA,1.89647021868323
2023-04-21,DE,2.15621654127212
2023-04-21,FR,1.70446966626079
2023-04-21,GB,1.9240690647799
2023-04-21,IE,3.34874228122632
2023-04-21,IT,2.4413308997396
2023-04-21,NL,1.98107855995738
2023-04-21,US,1.79771375811754
2023-04-22,AU,2.36998150264776
2023-04-22,CA,1.89415116870948
2023-04-22,DE,2.15452367266886
2023-04-22,FR,1.70469889677966
2023-04-22,GB,1.92605987513113
2023-04-22,IE,3.33508648794314
2023-04-22,IT,2.44454331146282
2023-04-22,NL,1.97659864253403
2023-04-22,US,1.79959976009533
2023-04-23,AU,2.37234151200572
2023-04-23,CA,1.88912120293876
2023-04-23,DE,2.15163235400499
2023-04-23,FR,1.70361655392156
2023-04-23,GB,1.92213298964508
2023-04-23,IE,3.31847767588083
2023-04-23,IT,2.44651931271877
2023-04-23,NL,1.97120541602738
2023-04-23,US,1.79646227184467
2023-04-24,AU,2.37583411780938
2023-04-24,CA,1.88445229102679
2023-04-24,DE,2.14481356166204
2023-04-24,FR,1.70077178240297
2023-04-24,GB,1.91678827686565
2023-04-24,IE,3.29716663942173
2023-04-24,IT,2.44668957737111
2023-04-24,NL,1.96670652099435
2023-04-24,US,1.79319250824575
2023-04-25,AU,2.38276744053858
2023-04-25,CA,1.87978152579275
2023-04-25,DE,2.13776163021348
2023-04-25,FR,1.70046761681805
2023-04-25,GB,1.90931491520694
2023-04-25,IE,3.28012473475474
2023-04-25,IT,2.4449296344256
2023-04-25,NL,1.96689467474236
2023-04-25,US,1.78984399177356
2023-04-26,AU,2.39960777752627
2023-04-26,CA,1.87782209275506
2023-04-26,DE,2.13182612548737
2023-04-26,FR,1.70117471179642
2023-04-26,GB,1.90478799058559
2023-04-26,IE,3.27769136997916
2023-04-26,IT,2.44875186342343
2023-04-26,NL,1.97724656178596
2023-04-26,US,1.78563244450347
2023-04-27,AU,2.4074304244843
2023-04-27,CA,1.87829535658503
2023-04-27,DE,2.12733520088257
2023-04-27,FR,1.70204841760418
2023-04-27,GB,1.8956064345298
2023-04-27,IE,3.2900503559367
2023-04-27,IT,2.44998147017687
2023-04-27,NL,1.98601003570817
2023-04-27,US,1.78254475136704
2023-04-28,AU,2.4229311655647
2023-04-28,CA,1.87990896281704
2023-04-28,DE,2.12160400340662
2023-04-28,FR,1.70184001598263
2023-04-28,GB,1.88399850516839
2023-04-28,IE,3.29112850715612
2023-04-28,IT,2.4512369684072
2023-04-28,NL,1.99678396263967
2023-04-28,US,1.78516938326149
2023-04-29,AU,2.43776443048125
2023-04-29,CA,1.87916931205794
2023-04-29,DE,2.11235299843385
2023-04-29,FR,1.69852000363661
2023-04-29,GB,1.87586140330043
2023-04-29,IE,3.29947078340243
2023-04-29,IT,2.45182950535737
2023-04-29,NL,2.00525941690271
2023-04-29,US,1.78188004622144
2023-04-30,AU,2.4505922281548
2023-04-30,CA,1.87928683435942
2023-04-30,DE,2.10358153050388
2023-04-30,FR,1.69665995102231
2023-04-30,GB,1.86610740029936
2023-04-30,IE,3.29566994251567
2023-04-30,IT,2.45712985859102
2023-04-30,NL,2.01201949980114
2023-04-30,US,1.77790989033665
2023-05-01,AU,2.45937026257876
2023-05-01,CA,1.87214803522767
2023-05-01,DE,2.09702121248738
2023-05-01,FR,1.69416961148325
2023-05-01,GB,1.85687239595724
2023-05-01,IE,3.30031269158836
2023-05-01,IT,2.46180605897283
2023-05-01,NL,2.0190812143293
2023-05-01,US,1.77458324463872
2023-05-02,AU,2.460324235651
2023-05-02,CA,1.86653180137816
2023-05-02,DE,2.09140208145543
2023-05-02,FR,1.69479630422076
2023-05-02,GB,1.85034566913683
2023-05-02,IE,3.32554813742857
2023-05-02,IT,2.47593527221317
2023-05-02,NL,2.02259265425543
2023-05-02,US,1.77115926157427
2023-05-03,AU,2.4553725274636
2023-05-03,CA,1.86366972575212
2023-05-03,DE,2.09554057485878
2023-05-03,FR,1.69945734878578
2023-05-03,GB,1.8404128506764
2023-05-03,IE,3.33444419970033
2023-05-03,IT,2.48649705189881
2023-05-03,NL,2.0193765290556
2023-05-03,US,1.77273601032899
2023-05-04,AU,2.45168867419424
2023-05-04,CA,1.85851533600049
2023-05-04,DE,2.09834153105879
2023-05-04,FR,1.70241611360697
2023-05-04,GB,1.82745527240469
2023-05-04,IE,3.32852238885146
2023-05-04,IT,2.49644280491164
2023-05-04,NL,2.01074002744947
2023-05-04,US,1.77065318710307
2023-05-05,AU,2.44511384337219
2023-05-05,CA,1.85981397252312
2023-05-05,DE,2.09666748382421
2023-05-05,FR,1.70623723144387
2023-05-05,GB,1.81937613709367
2023-05-05,IE,3.31864991857692
2023-05-05,IT,2.5018565659153
2023-05-05,NL,2.00057636891063
2023-05-05,US,1.7658285267523
2023-05-06,AU,2.43748475933583
2023-05-06,CA,1.86324551921268
2023-05-06,DE,2.09619685827783
2023-05-06,FR,1.70827653525411
2023-05-06,GB,1.81327280754816
2023-05-06,IE,3.32101262721043
2023-05-06,IT,2.50938760378361
2023-05-06,NL,1.99223913131254
2023-05-06,US,1.76717697595287
2023-05-07,AU,2.42817498668085
2023-05-07,CA,1.8657190038607
2023-05-07,DE,2.09623725201475
2023-05-07,FR,1.70918335728805
2023-05-07,GB,1.8080447741422
2023-05-07,IE,3.32590468074332
2023-05-07,IT,2.51067307640457
2023-05-07,NL,1.98661567888709
2023-05-07,US,1.77028991830338
2023-05-08,AU,2.41845633351569
2023-05-08,CA,1.87538234740813
2023-05-08,DE,2.09766425034616
2023-05-08,FR,1.71230748041677
2023-05-08,GB,1.80249354564441
2023-05-08,IE,3.32191941871918
2023-05-08,IT,2.51239553376601
2023-05-08,NL,1.98022522466451
2023-05-08,US,1.77015043573604
2023-05-09,AU,2.40840619346606
2023-05-09,CA,1.88207199326986
2023-05-09,DE,2.10011323237222
2023-05-09,FR,1.71052431054676
2023-05-09,GB,1.79996441645985
2023-05-09,IE,3.29980921131254
2023-05-09,IT,2.50612209373701
2023-05-09,NL,1.96865503694329
2023-05-09,US,1.7719705555316
2023-05-10,AU,2.39576192904738
2023-05-10,CA,1.88536156955172
2023-05-10,DE,2.09388876396017
2023-05-10,FR,1.70832365418469
2023-05-10,GB,1.79711084086496
2023-05-10,IE,3.28305308822865
2023-05-10,IT,2.50322762771369
2023-05-10,NL,1.95834064176788
2023-05-10,US,1.76725744180966
2023-05-11,AU,2.37890962575275
2023-05-11,CA,1.88903252762706
2023-05-11,DE,2.08982739333182
2023-05-11,FR,1.70389575460476
2023-05-11,GB,1.80095523171986
2023-05-11,IE,3.27925851844172
2023-05-11,IT,2.50120981342065
2023-05-11,NL,1.9556162728269
2023-05-11,US,1.76797160419644
2023-05-12,AU,2.36654475460382
2023-05-12,CA,1.88947979702817
2023-05-12,DE,2.0915617196977
2023-05-12,FR,1.6999918296687
2023-05-12,GB,1.80494399815406
2023-05-12,IE,3.28752801225564
2023-05-12,IT,2.50319827306199
2023-05-12,NL,1.9482327463158
2023-05-12,US,1.76797533607995
2023-05-13,AU,2.35480403697933
2023-05-13,CA,1.88482071664157
2023-05-13,DE,2.09489323236418
2023-05-13,FR,1.69881385162697
2023-05-13,GB,1.80572098924477
2023-05-13,IE,3.29600719957338
2023-05-13,IT,2.50158069541876
2023-05-13,NL,1.93412463017761
2023-05-13,US,1.76552282193876
2023-05-14,AU,2.34251745406025
2023-05-14,CA,1.88252845653159
2023-05-14,DE,2.09835186312644
2023-05-14,FR,1.69733051313162
2023-05-14,GB,1.80515234511325
2023-05-14,IE,3.3005224282824
2023-05-14,IT,2.50020266715168
2023-05-14,NL,1.9210113997532
2023-05-14,US,1.76109766192731
2023-05-15,AU,2.33620070679378
2023-05-15,CA,1.88091586662832
2023-05-15,DE,2.09990157552067
2023-05-15,FR,1.6960952430012
2023-05-15,GB,1.80713245724984
2023-05-15,IE,3.31524247159184
2023-05-15,IT,2.5046834650513
2023-05-15,NL,1.91284778918545
2023-05-15,US,1.76036421135057
2023-05-16,AU,2.33352957128368
2023-05-16,CA,1.88155959709544
2023-05-16,DE,2.09982991718156
2023-05-16,FR,1.69529430767729
2023-05-16,GB,1.80689305355128
2023-05-16,IE,3.33303534832641
2023-05-16,IT,2.50295956335525
2023-05-16,NL,1.90723592334401
2023-05-16,US,1.75882819734994
2023-05-17,AU,2.32509164939023
2023-05-17,CA,1.8776401039673
2023-05-17,DE,2.10136150610393
2023-05-17,FR,1.68599471378055
2023-05-17,GB,1.80620223927333
2023-05-17,IE,3.33738849841216
2023-05-17,IT,2.48060190527469
2023-05-17,NL,1.8978941874523
2023-05-17,US,1.75436365506883
2023-05-18,AU,2.32486852275341
2023-05-18,CA,1.87657288643096
2023-05-18,DE,2.09953982289501
2023-05-18,FR,1.6812674195592
2023-05-18,GB,1.80475393367273
2023-05-18,IE,3.34707829153951
2023-05-18,IT,2.46127773279917
2023-05-18,NL,1.8871707622458
2023-05-18,US,1.75026873436551
2023-05-19,AU,2.32499922675656
2023-05-19,CA,1.87363415752563
2023-05-19,DE,2.09753925664959
2023-05-19,FR,1.67591845225668
2023-05-19,GB,1.80103708045655
2023-05-19,IE,3.35263156171831
2023-05-19,IT,2.44140034011504
2023-05-19,NL,1.88142837761607
2023-05-19,US,1.74444404779795
2023-05-20,AU,2.32675325443806
2023-05-20,CA,1.87462104699061
2023-05-20,DE,2.09445310699233
2023-05-20,FR,1.67123299119561
2023-05-20,GB,1.79334238944513
2023-05-20,IE,3.3333779417536
2023-05-20,IT,2.42684730996344
2023-05-20,NL,1.88322351462019
2023-05-20,US,1.7386585106744
2023-05-21,AU,2.32997436699555
2023-05-21,CA,1.87450465975241
2023-05-21,DE,2.09148806206167
2023-05-21,FR,1.66564975015404
2023-05-21,GB,1.79021503835349
2023-05-21,IE,3.33546837712789
2023-05-21,IT,2.41057491704504
2023-05-21,NL,1.8833685270322
2023-05-21,US,1.73463566682421
2023-05-22,AU,2.32721323693509
2023-05-22,CA,1.87333466924393
2023-05-22,DE,2.08924161294615
2023-05-22,FR,1.65962984554111
2023-05-22,GB,1.78458726498146
2023-05-22,IE,3.31800156618527
2023-05-22,IT,2.38988201505017
2023-05-22,NL,1.87647786754757
2023-05-22,US,1.72942773160532
2023-05-23,AU,2.32621765679792
2023-05-23,CA,1.87170576090324
2023-05-23,DE,2.08854246465338
2023-05-23,FR,1.65348376851292
2023-05-23,GB,1.77836319019049
2023-05-23,IE,3.31062223022282
2023-05-23,IT,2.36760650498972
2023-05-23,NL,1.87175730826657
2023-05-23,US,1.7249186376038
2023-05-24,AU,2.33336688599923
2023-05-24,CA,1.87431671543221
2023-05-24,DE,2.08739261064932
2023-05-24,FR,1.65354362692721
2023-05-24,GB,1.77378376947291
2023-05-24,IE,3.3146607166136
2023-05-24,IT,2.36124331247399
2023-05-24,NL,1.86976205176311
2023-05-24,US,1.7236898190486
2023-05-25,AU,2.33480159774625
2023-05-25,CA,1.87362276904639
2023-05-25,DE,2.08671789206445
2023-05-25,FR,1.65188849751599
2023-05-25,GB,1.77020316669016
2023-05-25,IE,3.29771633187314
2023-05-25,IT,2.34683366237822
2023-05-25,NL,1.86494444551234
2023-05-25,US,1.72152041385056
2023-05-26,AU,2.33197895003878
2023-05-26,CA,1.87095419643397
2023-05-26,DE,2.08608116070848
2023-05-26,FR,1.65021569991471
2023-05-26,GB,1.76833164207556
2023-05-26,IE,3.27633267925065
2023-05-26,IT,2.33980457633701
2023-05-26,NL,1.86159020887643
2023-05-26,US,1.72092924373639
2023-05-27,AU,2.32842673188393
2023-05-27,CA,1.86918904777184
2023-05-27,DE,2.08590183661257
2023-05-27,FR,1.6486627239243
2023-05-27,GB,1.7693157260603
2023-05-27,IE,3.27400838979554
2023-05-27,IT,2.32924629443818
2023-05-27,NL,1.85988427247648
2023-05-27,US,1.72311129731606
2023-05-28,AU,2.32502826964248
2023-05-28,CA,1.86580924747756
2023-05-28,DE,2.08571945284888
2023-05-28,FR,1.6481328784275
2023-05-28,GB,1.76643797742357
2023-05-28,IE,3.25528088978768
2023-05-28,IT,2.3201517195007
2023-05-28,NL,1.85770476401891
2023-05-28,US,1.72387039356208
2023-05-29,AU,2.32132666524376
2023-05-29,CA,1.86229548788965
2023-05-29,DE,2.08470908464881
2023-05-29,FR,1.64626985245521
2023-05-29,GB,1.76270000089913
2023-05-29,IE,3.25363456608807
2023-05-29,IT,2.31017319745223
2023-05-29,NL,1.85753530981223
2023-05-29,US,1.72484624778421
2023-05-30,AU,2.31579078741762
2023-05-30,CA,1.85929593943531
2023-05-30,DE,2.08317768042954
2023-05-30,FR,1.64718007207753
2023-05-30,GB,1.76165902615016
2023-05-30,IE,3.24306816231488
2023-05-30,IT,2.30684225150101
2023-05-30,NL,1.85909410683776
2023-05-30,US,1.72602537361026
2023-05-31,AU,2.31213253154169
2023-05-31,CA,1.85571551026618
2023-05-31,DE,2.08117317257991
2023-05-31,FR,1.64625232081812
2023-05-31,GB,1.76185846510207
2023-05-31,IE,3.2345612713725
2023-05-31,IT,2.30209733358144
2023-05-31,NL,1.85871061096678
2023-05-31,US,1.72654070708715
2023-06-01,AU,2.30733047550903
2023-06-01,CA,1.85155247513244
2023-06-01,DE,2.07852983393815
2023-06-01,FR,1.64378201150764
2023-06-01,GB,1.76004153233716
2023-06-01,IE,3.2371954886305
2023-06-01,IT,2.2994716774872
2023-06-01,NL,1.85701978054293
2023-06-01,US,1.72712692087136
2023-06-02,AU,2.30207255390025
2023-06-02,CA,1.8470522638047
2023-06-02,DE,2.07639597409186
2023-06-02,FR,1.6418368033879
2023-06-02,GB,1.75727380645307
2023-06-02,IE,3.25334419797462
2023-06-02,IT,2.29126035006649
2023-06-02,NL,1.85282767674874
2023-06-02,US,1.72676865954692
2023-06-03,AU,2.29713887306631
2023-06-03,CA,1.8446184922774
2023-06-03,DE,2.07525585813649
2023-06-03,FR,1.63807233661896
2023-06-03,GB,1.75485767474707
2023-06-03,IE,3.26618947243397
2023-06-03,IT,2.28435728054895
2023-06-03,NL,1.8461426675262
2023-06-03,US,1.72825541797647
2023-06-04,AU,2.2920741536527
2023-06-04,CA,1.84180134532547
2023-06-04,DE,2.0741896038344
2023-06-04,FR,1.63434193822694
2023-06-04,GB,1.75498149135826
2023-06-04,IE,3.2738399912505
2023-06-04,IT,2.27991921356175
2023-06-04,NL,1.84068506623425
2023-06-04,US,1.73036332901582
2023-06-05,AU,2.28809576593006
2023-06-05,CA,1.83778201304487
2023-06-05,DE,2.07204353362652
2023-06-05,FR,1.63184602906256
2023-06-05,GB,1.75603612040027
2023-06-05,IE,3.27559632593418
2023-06-05,IT,2.27611394366987
2023-06-05,NL,1.83525804160918
2023-06-05,US,1.73245566279947
2023-06-06,AU,2.28847453961713
2023-06-06,CA,1.83225363059487
2023-06-06,DE,2.06961095710717
2023-06-06,FR,1.62659153065812
2023-06-06,GB,1.75442391391042
2023-06-06,IE,3.28223959021146
2023-06-06,IT,2.27364157220899
2023-06-06,NL,1.82802437132455
2023-06-06,US,1.7330776000065
2023-06-07,AU,2.28985969984057
2023-06-07,CA,1.82658801647566
2023-06-07,DE,2.06708645381012
2023-06-07,FR,1.62365883420108
2023-06-07,GB,1.75573631740597
2023-06-07,IE,3.29145763481545
2023-06-07,IT,2.27565287587726
2023-06-07,NL,1.82397104899576
2023-06-07,US,1.73591028261878
2023-06-08,AU,2.29230996975753
2023-06-08,CA,1.82211467950359
2023-06-08,DE,2.06513581374528
2023-06-08,FR,1.62200433853538
2023-06-08,GB,1.75705691543096
2023-06-08,IE,3.30105965608179
2023-06-08,IT,2.27476306586894
2023-06-08,NL,1.82341118163002
2023-06-08,US,1.73440085248067
2023-06-09,AU,2.29785608497171
2023-06-09,CA,1.81879416098403
2023-06-09,DE,2.06325523772444
2023-06-09,FR,1.61934045507773
2023-06-09,GB,1.75793130449829
2023-06-09,IE,3.31378663962896
2023-06-09,IT,2.27516718300227
2023-06-09,NL,1.82551184957228
2023-06-09,US,1.73338313970725
2023-06-10,AU,2.30168128852851
2023-06-10,CA,1.81381770109726
2023-06-10,DE,2.06142340374064
2023-06-10,FR,1.61693723986933
2023-06-10,GB,1.75525219991589
2023-06-10,IE,3.32799831720634
2023-06-10,IT,2.27855137139958
2023-06-10,NL,1.82531188994776
2023-06-10,US,1.72530755561584
2023-06-11,AU,2.30756999774793
2023-06-11,CA,1.81051895006985
2023-06-11,DE,2.05851282332192
2023-06-11,FR,1.61505520720502
2023-06-11,GB,1.75303617967009
2023-06-11,IE,3.34514142710932
2023-06-11,IT,2.27863697045371
2023-06-11,NL,1.82532816924103
2023-06-11,US,1.71731525440774
2023-06-12,AU,2.31502458544833
2023-06-12,CA,1.8094177724525
2023-06-12,DE,2.05781863582128
2023-06-12,FR,1.61282991304008
2023-06-12,GB,1.75066628021866
2023-06-12,IE,3.36686677917637
2023-06-12,IT,2.28430832045921
2023-06-12,NL,1.82258557747542
2023-06-12,US,1.71004375262309
2023-06-13,AU,2.32217716589863
2023-06-13,CA,1.80792263221022
2023-06-13,DE,2.05750558027617
2023-06-13,FR,1.61142807447768
2023-06-13,GB,1.74696372469231
2023-06-13,IE,3.38244339709398
2023-06-13,IT,2.28750333941116
2023-06-13,NL,1.8215111866682
2023-06-13,US,1.70283681456693
2023-06-14,AU,2.32531951226321
2023-06-14,CA,1.8090817190438
2023-06-14,DE,2.06331990076623
2023-06-14,FR,1.60836363950657
2023-06-14,GB,1.74098469099659
2023-06-14,IE,3.39316443018818
2023-06-14,IT,2.28738459670223
2023-06-14,NL,1.82195443555747
2023-06-14,US,1.69447939842785
2023-06-15,AU,2.32842468258062
2023-06-15,CA,1.81253129697422
2023-06-15,DE,2.06792328318359
2023-06-15,FR,1.60539927105633
2023-06-15,GB,1.73577110114081
2023-06-15,IE,3.39726028539602
2023-06-15,IT,2.29321413521253
2023-06-15,NL,1.82172551210531
2023-06-15,US,1.69290158133798
2023-06-16,AU,2.33287202731469
2023-06-16,CA,1.81596785658888
2023-06-16,DE,2.07107632289788
2023-06-16,FR,1.60091757002159
2023-06-16,GB,1.72755703686842
2023-06-16,IE,3.38774078601107
2023-06-16,IT,2.29594673783557
2023-06-16,NL,1.81969038463557
2023-06-16,US,1.6911419158551
2023-06-17,AU,2.33569480815244
2023-06-17,CA,1.81825159464774
2023-06-17,DE,2.07477341875072
2023-06-17,FR,1.59700516914933
2023-06-17,GB,1.72620913240421
2023-06-17,IE,3.38119187111234
2023-06-17,IT,2.29928377916704
2023-06-17,NL,1.82211691915119
2023-06-17,US,1.69395778503488
2023-06-18,AU,2.33736025811484
2023-06-18,CA,1.81997723480739
2023-06-18,DE,2.0794296904041
2023-06-18,FR,1.591737378888
2023-06-18,GB,1.72145257893829
2023-06-18,IE,3.37944055260637
2023-06-18,IT,2.30217649350257
2023-06-18,NL,1.82367907975567
2023-06-18,US,1.69669225625274
2023-06-19,AU,2.33571318126736
2023-06-19,CA,1.82076227429031
2023-06-19,DE,2.08262462278779
2023-06-19,FR,1.58621180422911
2023-06-19,GB,1.71540832351968
2023-06-19,IE,3.37928721363191
2023-06-19,IT,2.30055910778259
2023-06-19,NL,1.82767838696767
2023-06-19,US,1.69869941650902
2023-06-20,AU,2.33046413994387
2023-06-20,CA,1.82485922654939
2023-06-20,DE,2.08611439984015
2023-06-20,FR,1.58185467745257
2023-06-20,GB,1.70851736604064
2023-06-20,IE,3.37916111817054
2023-06-20,IT,2.3069452745219
2023-06-20,NL,1.83051977489549
2023-06-20,US,1.70132814406715
2023-06-21,AU,2.32481475131895
2023-06-21,CA,1.82698685798646
2023-06-21,DE,2.08351361960961
2023-06-21,FR,1.57647361189926
2023-06-21,GB,1.70444005101992
2023-06-21,IE,3.37948167223308
2023-06-21,IT,2.31122099042883
2023-06-21,NL,1.83625902448575
2023-06-21,US,1.70343567616493
2023-06-22,AU,2.3222050817411
2023-06-22,CA,1.82777659568857
2023-06-22,DE,2.08238847756919
2023-06-22,FR,1.57424575389699
2023-06-22,GB,1.70000166853008
2023-06-22,IE,3.38768947197694
2023-06-22,IT,2.3083515698111
2023-06-22,NL,1.84223971395024
2023-06-22,US,1.70158325079511
2023-06-23,AU,2.32287401747409
2023-06-23,CA,1.83039947757484
2023-06-23,DE,2.08038415111671
2023-06-23,FR,1.57433013968477
2023-06-23,GB,1.69890223616107
2023-06-23,IE,3.40236942354862
2023-06-23,IT,2.31259046631409
2023-06-23,NL,1.84875214287077
2023-06-23,US,1.69931450178703
2023-06-24,AU,2.323438883931
2023-06-24,CA,1.83445311985742
2023-06-24,DE,2.07707869613874
2023-06-24,FR,1.57325126067086
2023-06-24,GB,1.69680939668527
2023-06-24,IE,3.41605898981
2023-06-24,IT,2.31268092254848
2023-06-24,NL,1.85177613732559
2023-06-24,US,1.69701102074112
2023-06-25,AU,2.32327338031096
2023-06-25,CA,1.83666903139872
2023-06-25,DE,2.07404617927619
2023-06-25,FR,1.5746106819416
2023-06-25,GB,1.69467489051273
2023-06-25,IE,3.42393759627148
2023-06-25,IT,2.31512414024388
2023-06-25,NL,1.85566420563152
2023-06-25,US,1.6952568690982
2023-06-26,AU,2.32265304527449
2023-06-26,CA,1.84008021959654
2023-06-26,DE,2.07192544128927
2023-06-26,FR,1.57419313699467
2023-06-26,GB,1.69476407745621
2023-06-26,IE,3.4292610589744
2023-06-26,IT,2.31671141720832
2023-06-26,NL,1.85950698319166
2023-06-26,US,1.69380249968169
2023-06-27,AU,2.32448178183962
2023-06-27,CA,1.83936514267751
2023-06-27,DE,2.06966889730189
2023-06-27,FR,1.57514801103991
2023-06-27,GB,1.69668283930619
2023-06-27,IE,3.43321550303906
2023-06-27,IT,2.30761454384791
2023-06-27,NL,1.86483727937935
2023-06-27,US,1.69252463307748
2023-06-28,AU,2.32435429532479
2023-06-28,CA,1.84095208119751
2023-06-28,DE,2.06760541019506
2023-06-28,FR,1.57727955658475
2023-06-28,GB,1.69418021355511
2023-06-28,IE,3.44195419850197
2023-06-28,IT,2.30231236603625
2023-06-28,NL,1.86206836911662
2023-06-28,US,1.69109386725175
2023-06-29,AU,2.32923779532857
2023-06-29,CA,1.84247573918481
2023-06-29,DE,2.06524258731095
2023-06-29,FR,1.57541758455933
2023-06-29,GB,1.69465878860621
2023-06-29,IE,3.46054411044495
2023-06-29,IT,2.30302677234005
2023-06-29,NL,1.86053004543384
2023-06-29,US,1.69105142209924
2023-06-30,AU,2.32861687905312
2023-06-30,CA,1.84427339653713
2023-06-30,DE,2.06610037631009
2023-06-30,FR,1.57225813815634
2023-06-30,GB,1.6922300828528
2023-06-30,IE,3.48550444467931
2023-06-30,IT,2.30198093412095
2023-06-30,NL,1.85716495093907
2023-06-30,US,1.69186966464035
2023-07-01,AU,2.32796144953447
2023-07-01,CA,1.84611016078464
2023-07-01,DE,2.06712352043382
2023-07-01,FR,1.57094647923562
2023-07-01,GB,1.69260116376442
2023-07-01,IE,3.52024433260174
2023-07-01,IT,2.30210199806394
2023-07-01,NL,1.85613645552322
2023-07-01,US,1.69484875113235
2023-07-02,AU,2.32448778574334
2023-07-02,CA,1.84944925441716
2023-07-02,DE,2.06597180908297
2023-07-02,FR,1.56745500016936
2023-07-02,GB,1.69361669316756
2023-07-02,IE,3.56008654325278
2023-07-02,IT,2.30266692134601
2023-07-02,NL,1.85318345373113
2023-07-02,US,1.69716735647104
2023-07-03,AU,2.32598183662852
2023-07-03,CA,1.85294934497088
2023-07-03,DE,2.06529303573735
2023-07-03,FR,1.56623007908565
2023-07-03,GB,1.69530583050995
2023-07-03,IE,3.59221967560509
2023-07-03,IT,2.30963630399463
2023-07-03,NL,1.84930073213946
2023-07-03,US,1.6990923308308
2023-07-04,AU,2.33025328902015
2023-07-04,CA,1.86017991977044
2023-07-04,DE,2.06409603057114
2023-07-04,FR,1.56320181386777
2023-07-04,GB,1.69668347536867
2023-07-04,IE,3.62847342100061
2023-07-04,IT,2.31705143568449
2023-07-04,NL,1.84686163238525
2023-07-04,US,1.70177837799376
2023-07-05,AU,2.33603378384025
2023-07-05,CA,1.86530001494224
2023-07-05,DE,2.06091350621902
2023-07-05,FR,1.56424549542214
2023-07-05,GB,1.70246388439924
2023-07-05,IE,3.66549405317807
2023-07-05,IT,2.32397644915643
2023-07-05,NL,1.84830781006087
2023-07-05,US,1.70437171043268
2023-07-06,AU,2.334048454133
2023-07-06,CA,1.87152578195247
2023-07-06,DE,2.05997878549862
2023-07-06,FR,1.56367918264366
2023-07-06,GB,1.70757566377444
2023-07-06,IE,3.69279970263087
2023-07-06,IT,2.32897075879986
2023-07-06,NL,1.84853537689517
2023-07-06,US,1.70701579421029
2023-07-07,AU,2.33652921963651
2023-07-07,CA,1.87698587554871
2023-07-07,DE,2.05889386087763
2023-07-07,FR,1.56908343302045
2023-07-07,GB,1.71345167144178
2023-07-07,IE,3.717228779653
2023-07-07,IT,2.33130120685716
2023-07-07,NL,1.84956341798383
2023-07-07,US,1.71062956247851
2023-07-08,AU,2.33315639753375
2023-07-08,CA,1.88401782775738
2023-07-08,DE,2.05695798616886
2023-07-08,FR,1.57088777367945
2023-07-08,GB,1.71754922968255
2023-07-08,IE,3.73346935821472
2023-07-08,IT,2.33125851597307
2023-07-08,NL,1.85143761019794
2023-07-08,US,1.71117317926375
2023-07-09,AU,2.33582730975722
2023-07-09,CA,1.88934578904537
2023-07-09,DE,2.05668688053014
2023-07-09,FR,1.57332814730004
2023-07-09,GB,1.72145695398509
2023-07-09,IE,3.7478913058081
2023-07-09,IT,2.32991444049298
2023-07-09,NL,1.85406801447175
2023-07-09,US,1.71133290887774
2023-07-10,AU,2.33896619457837
2023-07-10,CA,1.89438669819071
2023-07-10,DE,2.05690404602901
2023-07-10,FR,1.57616236408387
2023-07-10,GB,1.72621812976983
2023-07-10,IE,3.76946667469361
2023-07-10,IT,2.32268222586121
2023-07-10,NL,1.85725003427736
2023-07-10,US,1.71190147739463
2023-07-11,AU,2.3378372217109
2023-07-11,CA,1.8967952544464
2023-07-11,DE,2.05736947996363
2023-07-11,FR,1.57991264723787
2023-07-11,GB,1.73227581547335
2023-07-11,IE,3.79564408547731
2023-07-11,IT,2.31920174204784
2023-07-11,NL,1.85790990509
2023-07-11,US,1.71030727994902
2023-07-12,AU,2.34044884873987
2023-07-12,CA,1.89693063640699
2023-07-12,DE,2.05871284795151
2023-07-12,FR,1.57918145809182
2023-07-12,GB,1.73881055707327
2023-07-12,IE,3.80854804242023
2023-07-12,IT,2.31772860980333
2023-07-12,NL,1.85601556912593
2023-07-12,US,1.7093404031824
2023-07-13,AU,2.34256651468964
2023-07-13,CA,1.89596241723465
2023-07-13,DE,2.05825192771321
2023-07-13,FR,1.5824275254044
2023-07-13,GB,1.74434038698574
2023-07-13,IE,3.82078052319649
2023-07-13,IT,2.31809017471212
2023-07-13,NL,1.85773669692287
2023-07-13,US,1.71078684219512
2023-07-14,AU,2.33875606434385
2023-07-14,CA,1.89503622739913
2023-07-14,DE,2.05685534302242
2023-07-14,FR,1.57865669497748
2023-07-14,GB,1.75107262100997
2023-07-14,IE,3.82076257645557
2023-07-14,IT,2.31671716535063
2023-07-14,NL,1.86076835087771
2023-07-14,US,1.711881657406
2023-07-15,AU,2.34859765166487
2023-07-15,CA,1.8910406779067
2023-07-15,DE,2.05570433651396
2023-07-15,FR,1.58003404442462
2023-07-15,GB,1.7591912862284
2023-07-15,IE,3.81357738770527
2023-07-15,IT,2.31502929803729
2023-07-15,NL,1.86359385598731
2023-07-15,US,1.71519528676415
2023-07-16,AU,2.35853783515248
2023-07-16,CA,1.88829016544411
2023-07-16,DE,2.05383129806358
2023-07-16,FR,1.58161057671939
2023-07-16,GB,1.76610131144259
2023-07-16,IE,3.81602768812572
2023-07-16,IT,2.31241714139357
2023-07-16,NL,1.86600172299298
2023-07-16,US,1.71879601876333
2023-07-17,AU,2.3602225010623
2023-07-17,CA,1.88413550271556
2023-07-17,DE,2.0522485995529
2023-07-17,FR,1.58427409445147
2023-07-17,GB,1.77055466009596
2023-07-17,IE,3.81994477674405
2023-07-17,IT,2.30792249896
2023-07-17,NL,1.86847163468012
2023-07-17,US,1.72202935079135
2023-07-18,AU,2.35964458625871
2023-07-18,CA,1.8809403003182
2023-07-18,DE,2.05037190695697
2023-07-18,FR,1.58438858944707
2023-07-18,GB,1.77577694309228
2023-07-18,IE,3.80493312386489
2023-07-18,IT,2.30469512545015
2023-07-18,NL,1.87393528223093
2023-07-18,US,1.72668759185078
2023-07-19,AU,2.3724425930872
2023-07-19,CA,1.88165927938161
2023-07-19,DE,2.05226717140511
2023-07-19,FR,1.58826439842789
2023-07-19,GB,1.78148711871976
2023-07-19,IE,3.81968328117836
2023-07-19,IT,2.30427940576495
2023-07-19,NL,1.88068609210171
2023-07-19,US,1.73130714525041
2023-07-20,AU,2.38494691291197
2023-07-20,CA,1.88507765095542
2023-07-20,DE,2.05425746344593
2023-07-20,FR,1.58944048250723
2023-07-20,GB,1.78759128930828
2023-07-20,IE,3.8363984171044
2023-07-20,IT,2.30379994946892
2023-07-20,NL,1.88362797531955
2023-07-20,US,1.7351714004937
2023-07-21,AU,2.39507640912404
2023-07-21,CA,1.88938229927409
2023-07-21,DE,2.05546333636209
2023-07-21,FR,1.59158065311481
2023-07-21,GB,1.79237365795614
2023-07-21,IE,3.86424529612653
2023-07-21,IT,2.30499703955099
2023-07-21,NL,1.8871400960672
2023-07-21,US,1.738936665191
2023-07-22,AU,2.39737708722004
2023-07-22,CA,1.88917507520677
2023-07-22,DE,2.05570826945627
2023-07-22,FR,1.58793987305391
2023-07-22,GB,1.78191452132575
2023-07-22,IE,3.86299474396421
2023-07-22,IT,2.30294889684925
2023-07-22,NL,1.88961631943322
2023-07-22,US,1.73499954938009
2023-07-23,AU,2.40087703837965
2023-07-23,CA,1.89364687691645
2023-07-23,DE,2.0596152548462
2023-07-23,FR,1.58811181581001
2023-07-23,GB,1.78523025860537
2023-07-23,IE,3.87583960754229
2023-07-23,IT,2.30831912710482
2023-07-23,NL,1.89294713347297
2023-07-23,US,1.73586905800836
2023-07-24,AU,2.40769453055421
2023-07-24,CA,1.89875232005148
2023-07-24,DE,2.06312300734315
2023-07-24,FR,1.58706387383527
2023-07-24,GB,1.78775780257896
2023-07-24,IE,3.88508291292316
2023-07-24,IT,2.31426920856551
2023-07-24,NL,1.89797240735799
2023-07-24,US,1.73577293301032
2023-07-25,AU,2.41373355569367
2023-07-25,CA,1.90489481472302
2023-07-25,DE,2.06585914165794
2023-07-25,FR,1.58712679494587
2023-07-25,GB,1.78561672044061
2023-07-25,IE,3.89768695021434
2023-07-25,IT,2.31950346705548
2023-07-25,NL,1.90103882341952
2023-07-25,US,1.73456056862245
2023-07-26,AU,2.41615417579673
2023-07-26,CA,1.91239268013346
2023-07-26,DE,2.06705783434808
2023-07-26,FR,1.58331477460519
2023-07-26,GB,1.78394586270443
2023-07-26,IE,3.89084506937939
2023-07-26,IT,2.31826242083119
2023-07-26,NL,1.90197260067984
2023-07-26,US,1.73425802208611
2023-07-27,AU,2.42288997717518
2023-07-27,CA,1.91470173040568
2023-07-27,DE,2.06715718030912
2023-07-27,FR,1.58170815029228
2023-07-27,GB,1.78038379648973
2023-07-27,IE,3.87848123041255
2023-07-27,IT,2.31998444912816
2023-07-27,NL,1.90431097922131
2023-07-27,US,1.72800465859852
2023-07-28,AU,2.43300959237245
2023-07-28,CA,1.91839282726423
2023-07-28,DE,2.06817943814704
2023-07-28,FR,1.58404608562723
2023-07-28,GB,1.78264014605661
2023-07-28,IE,3.86415103692302
2023-07-28,IT,2.32609757536469
2023-07-28,NL,1.90719455011901
2023-07-28,US,1.72245104985111
2023-07-29,AU,2.45035330833483
2023-07-29,CA,1.92663966036764
2023-07-29,DE,2.07093596555404
2023-07-29,FR,1.59102511229122
2023-07-29,GB,1.79472023416962
2023-07-29,IE,3.8780543151685
2023-07-29,IT,2.33676531561022
2023-07-29,NL,1.91076116006511
2023-07-29,US,1.724971646141
2023-07-30,AU,2.46128301938098
2023-07-30,CA,1.9308704355317
2023-07-30,DE,2.06964766898421
2023-07-30,FR,1.59450861787045
2023-07-30,GB,1.7955093399319
2023-07-30,IE,3.86608840224309
2023-07-30,IT,2.34022444072653
2023-07-30,NL,1.91345651518467
2023-07-30,US,1.72260888468631
2023-07-31,AU,2.47272394218459
2023-07-31,CA,1.93554844097282
2023-07-31,DE,2.0679306816127
2023-07-31,FR,1.59785445727488
2023-07-31,GB,1.79432493785991
2023-07-31,IE,3.85931303811319
2023-07-31,IT,2.34635657686419
2023-07-31,NL,1.9139850689921
2023-07-31,US,1.72152913773275
2023-08-01,AU,2.48773908001542
2023-08-01,CA,1.93676693460391
2023-08-01,DE,2.06674923147579
2023-08-01,FR,1.60010494468125
2023-08-01,GB,1.79875398066753
2023-08-01,IE,3.8533794943283
2023-08-01,IT,2.34740891211909
2023-08-01,NL,1.91480164559876
2023-08-01,US,1.72191055482226
2023-08-02,AU,2.4898111818486
2023-08-02,CA,1.93159212658907
2023-08-02,DE,2.06377447435183
2023-08-02,FR,1.60251338157527
2023-08-02,GB,1.80023119140246
2023-08-02,IE,3.84507660355482
2023-08-02,IT,2.35260384855273
2023-08-02,NL,1.91560383912913
2023-08-02,US,1.72171550340509
2023-08-03,AU,2.49373607396411
2023-08-03,CA,1.92930263802016
2023-08-03,DE,2.06333008548332
2023-08-03,FR,1.60473845824229
2023-08-03,GB,1.80232536971559
2023-08-03,IE,3.83860890694883
2023-08-03,IT,2.35912873162236
2023-08-03,NL,1.91443546486413
2023-08-03,US,1.72670363086715
2023-08-04,AU,2.49522018278481
2023-08-04,CA,1.92943737615845
2023-08-04,DE,2.06290894742715
2023-08-04,FR,1.6040163852298
2023-08-04,GB,1.8004976912612
2023-08-04,IE,3.82314937865957
2023-08-04,IT,2.36205726802306
2023-08-04,NL,1.91108762343145
2023-08-04,US,1.73027964395125
2023-08-05,AU,2.49036084338875
2023-08-05,CA,1.93116962031126
2023-08-05,DE,2.0631614294987
2023-08-05,FR,1.60131063264359
2023-08-05,GB,1.79976415711326
2023-08-05,IE,3.82059457753753
2023-08-05,IT,2.3668690770561
2023-08-05,NL,1.90822931953588
2023-08-05,US,1.73297735413218
2023-08-06,AU,2.48272371638534
2023-08-06,CA,1.93183249885711
2023-08-06,DE,2.06425983513466
2023-08-06,FR,1.59743939388222
2023-08-06,GB,1.79704551649034
2023-08-06,IE,3.81764241728984
2023-08-06,IT,2.3709383448544
2023-08-06,NL,1.90572441575463
2023-08-06,US,1.73503599105557
2023-08-07,AU,2.48043571980979
2023-08-07,CA,1.9319833364225
2023-08-07,DE,2.06483137766784
2023-08-07,FR,1.59349289375824
2023-08-07,GB,1.79621478469428
2023-08-07,IE,3.81286869847975
2023-08-07,IT,2.37248613285334
2023-08-07,NL,1.90328825958261
2023-08-07,US,1.73859824390023
2023-08-08,AU,2.47881524756059
2023-08-08,CA,1.93732097543974
2023-08-08,DE,2.06343165238845
2023-08-08,FR,1.5903873363307
2023-08-08,GB,1.79666162115701
2023-08-08,IE,3.81427646627637
2023-08-08,IT,2.38133926738274
2023-08-08,NL,1.90036602299031
2023-08-08,US,1.73943899863219
2023-08-09,AU,2.47695349187914
2023-08-09,CA,1.94666035159862
2023-08-09,DE,2.06353623300955
2023-08-09,FR,1.58573987927091
2023-08-09,GB,1.79607160312088
2023-08-09,IE,3.81778438467246
2023-08-09,IT,2.38645394689969
2023-08-09,NL,1.89989864340915
2023-08-09,US,1.73920409989901
2023-08-10,AU,2.47024173373142
2023-08-10,CA,1.95396015354419
2023-08-10,DE,2.06013505487344
2023-08-10,FR,1.58119665796379
2023-08-10,GB,1.79606775094403
2023-08-10,IE,3.822608041545
2023-08-10,IT,2.39200216681659
2023-08-10,NL,1.90242812285707
2023-08-10,US,1.73805459877001
2023-08-11,AU,2.47096454461607
2023-08-11,CA,1.95308653014887
2023-08-11,DE,2.0567670605891
2023-08-11,FR,1.57686183155234
2023-08-11,GB,1.79715235881036
2023-08-11,IE,3.82182631579541
2023-08-11,IT,2.39607776628044
2023-08-11,NL,1.90541888612432
2023-08-11,US,1.73765678899504
2023-08-12,AU,2.47170844783315
2023-08-12,CA,1.95096721910076
2023-08-12,DE,2.05227677612783
2023-08-12,FR,1.57329887098617
2023-08-12,GB,1.79845065162505
2023-08-12,IE,3.81257776255732
2023-08-12,IT,2.39905308233288
2023-08-12,NL,1.90654149835393
2023-08-12,US,1.73626617161796
2023-08-13,AU,2.47903106845663
2023-08-13,CA,1.95064634228671
2023-08-13,DE,2.0480729334169
2023-08-13,FR,1.57020893537245
2023-08-13,GB,1.80402141452698
2023-08-13,IE,3.81543092894866
2023-08-13,IT,2.40764103119761
2023-08-13,NL,1.90837626073061
2023-08-13,US,1.73674881592663
2023-08-14,AU,2.48196605664566
2023-08-14,CA,1.95123264675056
2023-08-14,DE,2.04444648425459
2023-08-14,FR,1.5665582248094
2023-08-14,GB,1.80987181170971
2023-08-14,IE,3.82327848895945
2023-08-14,IT,2.41782542500148
2023-08-14,NL,1.91021375751725
2023-08-14,US,1.73589105135173
2023-08-15,AU,2.48251838358643
2023-08-15,CA,1.94989682564431
2023-08-15,DE,2.04176305113105
2023-08-15,FR,1.56219586025494
2023-08-15,GB,1.80756781886003
2023-08-15,IE,3.82597403172355
2023-08-15,IT,2.42672806512907
2023-08-15,NL,1.90911370446718
2023-08-15,US,1.73015194339214
2023-08-16,AU,2.4781888538633
2023-08-16,CA,1.94625683915992
2023-08-16,DE,2.03830909687127
2023-08-16,FR,1.56080492627341
2023-08-16,GB,1.80756932221618
2023-08-16,IE,3.81965135080584
2023-08-16,IT,2.43799374946092
2023-08-16,NL,1.90677324670247
2023-08-16,US,1.73098677987988
2023-08-17,AU,2.46663618269611
2023-08-17,CA,1.94355287660361
2023-08-17,DE,2.03787489789816
2023-08-17,FR,1.56101983594227
2023-08-17,GB,1.80912976413202
2023-08-17,IE,3.81069324663616
2023-08-17,IT,2.44526242953725
2023-08-17,NL,1.90389622179495
2023-08-17,US,1.73190556688338
2023-08-18,AU,2.46340212521609
2023-08-18,CA,1.94158400612886
2023-08-18,DE,2.03717231706216
2023-08-18,FR,1.56045631149722
2023-08-18,GB,1.81046107774598
2023-08-18,IE,3.82265296304474
2023-08-18,IT,2.45791226212907
2023-08-18,NL,1.89895601830778
2023-08-18,US,1.73274616872501
2023-08-19,AU,2.45803608366554
2023-08-19,CA,1.94086941550165
2023-08-19,DE,2.0378235725418
2023-08-19,FR,1.55986953024899
2023-08-19,GB,1.81406579971609
2023-08-19,IE,3.83577548676115
2023-08-19,IT,2.47082332466377
2023-08-19,NL,1.8938762721421
2023-08-19,US,1.73423249717321
2023-08-20,AU,2.44882737244678
2023-08-20,CA,1.93828686306861
2023-08-20,DE,2.03731933720011
2023-08-20,FR,1.55848436902362
2023-08-20,GB,1.81296735454586
2023-08-20,IE,3.83201902657051
2023-08-20,IT,2.48086668875216
2023-08-20,NL,1.88884349355356
2023-08-20,US,1.73441831907166
2023-08-21,AU,2.44034401636266
2023-08-21,CA,1.93473100318635
2023-08-21,DE,2.03650827324826
2023-08-21,FR,1.55700333579736
2023-08-21,GB,1.81282561400428
2023-08-21,IE,3.82293330590648
2023-08-21,IT,2.48884459743626
2023-08-21,NL,1.88128021065262
2023-08-21,US,1.7338871724954
2023-08-22,AU,2.42926051521647
2023-08-22,CA,1.93119731979102
2023-08-22,DE,2.03625716199197
2023-08-22,FR,1.5565212423417
2023-08-22,GB,1.8175151007073
2023-08-22,IE,3.8093923494655
2023-08-22,IT,2.49691001678806
2023-08-22,NL,1.87466985050542
2023-08-22,US,1.74281460961347
2023-08-23,AU,2.42224260716974
2023-08-23,CA,1.9305600336187
2023-08-23,DE,2.03663657719434
2023-08-23,FR,1.55559605078081
2023-08-23,GB,1.82018925105633
2023-08-23,IE,3.80105188080372
2023-08-23,IT,2.49745927306418
2023-08-23,NL,1.87036635964971
2023-08-23,US,1.74671801133818
2023-08-24,AU,2.42155122616292
2023-08-24,CA,1.92978691480243
2023-08-24,DE,2.03750284525715
2023-08-24,FR,1.55139915685558
2023-08-24,GB,1.82324944330399
2023-08-24,IE,3.80441332330363
2023-08-24,IT,2.49896470033852
2023-08-24,NL,1.86511061756715
2023-08-24,US,1.75049752074512
2023-08-25,AU,2.41113444021604
2023-08-25,CA,1.92880434189029
2023-08-25,DE,2.03785807383027
2023-08-25,FR,1.54814900584372
2023-08-25,GB,1.82396160846438
2023-08-25,IE,3.79215136395672
2023-08-25,IT,2.49540227833856
2023-08-25,NL,1.8626150347316
2023-08-25,US,1.75150139373831
2023-08-26,AU,2.40066868954073
2023-08-26,CA,1.92876273312986
2023-08-26,DE,2.03823136262894
2023-08-26,FR,1.54576653644483
2023-08-26,GB,1.82558162985473
2023-08-26,IE,3.77837152592566
2023-08-26,IT,2.49176815178668
2023-08-26,NL,1.86223629860175
2023-08-26,US,1.75344923185876
2023-08-27,AU,2.38841785695197
2023-08-27,CA,1.92963473531951
2023-08-27,DE,2.04023335658031
2023-08-27,FR,1.54395881502214
2023-08-27,GB,1.82829239992309
2023-08-27,IE,3.78748043258915
2023-08-27,IT,2.48734100617055
2023-08-27,NL,1.86179346429065
2023-08-27,US,1.755220103525
2023-08-28,AU,2.37712615400028
2023-08-28,CA,1.93084418692475
2023-08-28,DE,2.04254743235975
2023-08-28,FR,1.54268689341776
2023-08-28,GB,1.82973911243264
2023-08-28,IE,3.79388234335324
2023-08-28,IT,2.48407855218681
2023-08-28,NL,1.8642215365335
2023-08-28,US,1.75653575212278
2023-08-29,AU,2.36928135586329
2023-08-29,CA,1.93125544731904
2023-08-29,DE,2.04504853212756
2023-08-29,FR,1.54201411349554
2023-08-29,GB,1.83408929256052
2023-08-29,IE,3.80935856530825
2023-08-29,IT,2.47774116469358
2023-08-29,NL,1.86747934007638
2023-08-29,US,1.75647520998608
2023-08-30,AU,2.36446709905004
2023-08-30,CA,1.93107322106572
2023-08-30,DE,2.04790088830543
2023-08-30,FR,1.53935781340942
2023-08-30,GB,1.83373171798687
2023-08-30,IE,3.83253137154992
2023-08-30,IT,2.47254018746998
2023-08-30,NL,1.8690163041427
2023-08-30,US,1.7571251589896
2023-08-31,AU,2.36283321229953
2023-08-31,CA,1.93237986214786
2023-08-31,DE,2.04779058788181
2023-08-31,FR,1.53880402353399
2023-08-31,GB,1.82896693363316
2023-08-31,IE,3.84207127370336
2023-08-31,IT,2.46584262608239
2023-08-31,NL,1.86714103087163
2023-08-31,US,1.75890200519085
2023-09-01,AU,2.35984391421949
2023-09-01,CA,1.93759990305396
2023-09-01,DE,2.04778798750625
2023-09-01,FR,1.53644007517803
2023-09-01,GB,1.82456259833653
2023-09-01,IE,3.8549953909758
2023-09-01,IT,2.46202172901868
2023-09-01,NL,1.86389634295251
2023-09-01,US,1.76517621247607
2023-09-02,AU,2.35778206435284
2023-09-02,CA,1.9428890411675
2023-09-02,DE,2.04740285494476
2023-09-02,FR,1.53535827946072
2023-09-02,GB,1.82017227544129
2023-09-02,IE,3.86967568127757
2023-09-02,IT,2.45833205520169
2023-09-02,NL,1.86072361182133
2023-09-02,US,1.77199327276081
2023-09-03,AU,2.35796076749018
2023-09-03,CA,1.94742084405366
2023-09-03,DE,2.04676515286172
2023-09-03,FR,1.53424545578524
2023-09-03,GB,1.81459429388482
2023-09-03,IE,3.86414402114204
2023-09-03,IT,2.45268851301112
2023-09-03,NL,1.85625912011696
2023-09-03,US,1.77976379918926
2023-09-04,AU,2.35738223592821
2023-09-04,CA,1.95171489578292
2023-09-04,DE,2.04572595517707
2023-09-04,FR,1.53409283699342
2023-09-04,GB,1.80948276282406
2023-09-04,IE,3.8575897819048
2023-09-04,IT,2.44761185794021
2023-09-04,NL,1.85406108730592
2023-09-04,US,1.78641300652298
2023-09-05,AU,2.35678487654061
2023-09-05,CA,1.95619865848437
2023-09-05,DE,2.04597019482559
2023-09-05,FR,1.53429419137405
2023-09-05,GB,1.80120932171816
2023-09-05,IE,3.84647634379762
2023-09-05,IT,2.44304978137533
2023-09-05,NL,1.84805802343547
2023-09-05,US,1.79221549170371
2023-09-06,AU,2.3547066126584
2023-09-06,CA,1.96105134529627
2023-09-06,DE,2.045277481417
2023-09-06,FR,1.5355548298649
2023-09-06,GB,1.79802044743066
2023-09-06,IE,3.82633757245701
2023-09-06,IT,2.44215634356106
2023-09-06,NL,1.84172885200734
2023-09-06,US,1.79693159629082
2023-09-07,AU,2.35122750945593
2023-09-07,CA,1.9653592362649
2023-09-07,DE,2.04786281977854
2023-09-07,FR,1.53687950215288
2023-09-07,GB,1.7958997929515
2023-09-07,IE,3.80818676612085
2023-09-07,IT,2.44185184599652
2023-09-07,NL,1.83821428341609
2023-09-07,US,1.8029623519165
2023-09-08,AU,2.35229891902597
2023-09-08,CA,1.9706970665177
2023-09-08,DE,2.05145928364498
2023-09-08,FR,1.54019125626996
2023-09-08,GB,1.79354498018618
2023-09-08,IE,3.78832517055948
2023-09-08,IT,2.43756034226257
2023-09-08,NL,1.83812789014582
2023-09-08,US,1.8006883428331
2023-09-09,AU,2.35621765648425
2023-09-09,CA,1.97210705758561
2023-09-09,DE,2.05599795503461
2023-09-09,FR,1.54389873422524
2023-09-09,GB,1.78862389014414
2023-09-09,IE,3.76270082578716
2023-09-09,IT,2.43308928016237
2023-09-09,NL,1.83685187791503
2023-09-09,US,1.79825465815736
2023-09-10,AU,2.36258391642612
2023-09-10,CA,1.97761030291738
2023-09-10,DE,2.05817819068469
2023-09-10,FR,1.54542637461334
2023-09-10,GB,1.78507446215088
2023-09-10,IE,3.739656270222
2023-09-10,IT,2.42992000674588
2023-09-10,NL,1.83834056759928
2023-09-10,US,1.79574067694653
2023-09-11,AU,2.36160251142862
2023-09-11,CA,1.9830262431375
2023-09-11,DE,2.06254998531232
2023-09-11,FR,1.54771118928599
2023-09-11,GB,1.7820168276381
2023-09-11,IE,3.71872111471199
2023-09-11,IT,2.42603117063598
2023-09-11,NL,1.83612900157395
2023-09-11,US,1.79470287320342
2023-09-12,AU,2.36034978267809
2023-09-12,CA,1.99147063229112
2023-09-12,DE,2.06772035286438
2023-09-12,FR,1.54846706042498
2023-09-12,GB,1.77893509408392
2023-09-12,IE,3.69952413274286
2023-09-12,IT,2.42285258433951
2023-09-12,NL,1.83838566017531
2023-09-12,US,1.79602176059796
2023-09-13,AU,2.35625102840102
2023-09-13,CA,2.00033786400473
2023-09-13,DE,2.0705036005074
2023-09-13,FR,1.54924978153913
2023-09-13,GB,1.77529213256265
2023-09-13,IE,3.68487919221622
2023-09-13,IT,2.41898363854313
2023-09-13,NL,1.84163933485414
2023-09-13,US,1.7977914573379
2023-09-14,AU,2.35592632316103
2023-09-14,CA,2.00731411147337
2023-09-14,DE,2.0710590378979
2023-09-14,FR,1.54753462236847
2023-09-14,GB,1.7725392245424
2023-09-14,IE,3.67518829059629
2023-09-14,IT,2.4130013868213
2023-09-14,NL,1.84352036557715
2023-09-14,US,1.79770511699365
2023-09-15,AU,2.34516039974086
2023-09-15,CA,2.01292360192872
2023-09-15,DE,2.0709816752574
2023-09-15,FR,1.54603330199659
2023-09-15,GB,1.77063024987802
2023-09-15,IE,3.66611535457279
2023-09-15,IT,2.40787258584058
2023-09-15,NL,1.84349022845035
2023-09-15,US,1.80372473059661
2023-09-16,AU,2.33361004095226
2023-09-16,CA,2.01608378906584
2023-09-16,DE,2.07059445153965
2023-09-16,FR,1.54190843971028
2023-09-16,GB,1.76766374185098
2023-09-16,IE,3.65595458526039
2023-09-16,IT,2.40133608243188
2023-09-16,NL,1.83923509427843
2023-09-16,US,1.80961099514913
2023-09-17,AU,2.3211283912072
2023-09-17,CA,2.01586690537108
2023-09-17,DE,2.07082348070198
2023-09-17,FR,1.54025204513038
2023-09-17,GB,1.76527173481481
2023-09-17,IE,3.64801709367456
2023-09-17,IT,2.39221114662555
2023-09-17,NL,1.83684690579396
2023-09-17,US,1.81164063505206
2023-09-18,AU,2.31450815698135
2023-09-18,CA,2.01436528918064
2023-09-18,DE,2.06876217851285
2023-09-18,FR,1.53666665900055
2023-09-18,GB,1.76173483680246
2023-09-18,IE,3.64611605284223
2023-09-18,IT,2.38742734039499
2023-09-18,NL,1.83535807012962
2023-09-18,US,1.81411682223454
2023-09-19,AU,2.30849431109151
2023-09-19,CA,2.01205811828181
2023-09-19,DE,2.06444103792328
2023-09-19,FR,1.53414843114988
2023-09-19,GB,1.75887958632178
2023-09-19,IE,3.64727586841628
2023-09-19,IT,2.392935642066
2023-09-19,NL,1.84039904333883
2023-09-19,US,1.81428698856546
2023-09-20,AU,2.30509463188515
2023-09-20,CA,2.00636757788613
2023-09-20,DE,2.06110445426634
2023-09-20,FR,1.53323096071761
2023-09-20,GB,1.75838857492705
2023-09-20,IE,3.6514748523853
2023-09-20,IT,2.39847825939711
2023-09-20,NL,1.84691914873202
2023-09-20,US,1.81395418694322
2023-09-21,AU,2.29777860232053
2023-09-21,CA,2.00464588351771
2023-09-21,DE,2.05929662645131
2023-09-21,FR,1.54425154197491
2023-09-21,GB,1.75855421432094
2023-09-21,IE,3.64974028123244
2023-09-21,IT,2.39988338778146
2023-09-21,NL,1.85255608488214
2023-09-21,US,1.81327467702022
2023-09-22,AU,2.29687539596338
2023-09-22,CA,2.00092450242257
2023-09-22,DE,2.0573376413181
2023-09-22,FR,1.55601067107982
2023-09-22,GB,1.7599461057613
2023-09-22,IE,3.65055583103337
2023-09-22,IT,2.40244162045177
2023-09-22,NL,1.85880763652531
2023-09-22,US,1.81750193078299
2023-09-23,AU,2.29165452457449
2023-09-23,CA,2.00547408909786
2023-09-23,DE,2.05759798502029
2023-09-23,FR,1.5685106068134
2023-09-23,GB,1.76340916863135
2023-09-23,IE,3.65894594963047
2023-09-23,IT,2.40603890891665
2023-09-23,NL,1.86757484110607
2023-09-23,US,1.81921550589943
2023-09-24,AU,2.28685824762317
2023-09-24,CA,2.00816091261482
2023-09-24,DE,2.05476436918139
2023-09-24,FR,1.58058499342099
2023-09-24,GB,1.76559350610027
2023-09-24,IE,3.67184937944733
2023-09-24,IT,2.41233781550239
2023-09-24,NL,1.86991160370166
2023-09-24,US,1.82206570639036
2023-09-25,AU,2.27948829595121
2023-09-25,CA,2.01142587310999
2023-09-25,DE,2.05056989633307
2023-09-25,FR,1.59252672445813
2023-09-25,GB,1.76824523853923
2023-09-25,IE,3.6810723476964
2023-09-25,IT,2.41557997949989
2023-09-25,NL,1.87295667477389
2023-09-25,US,1.82419680126061
2023-09-26,AU,2.27445357288906
2023-09-26,CA,2.01687185940261
2023-09-26,DE,2.04790097649728
2023-09-26,FR,1.60704350321845
2023-09-26,GB,1.77180356373377
2023-09-26,IE,3.68833359144679
2023-09-26,IT,2.40871372338462
2023-09-26,NL,1.86634251522283
2023-09-26,US,1.82729516547821
2023-09-27,AU,2.26885632603023
2023-09-27,CA,2.0243134863402
2023-09-27,DE,2.04889061825108
2023-09-27,FR,1.62252071604565
2023-09-27,GB,1.77463159361175
2023-09-27,IE,3.6864554199639
2023-09-27,IT,2.40109013956796
2023-09-27,NL,1.859753085983
2023-09-27,US,1.83143790581627
2023-09-28,AU,2.26378847673909
2023-09-28,CA,2.03133789281359
2023-09-28,DE,2.04811307927964
2023-09-28,FR,1.62856624514703
2023-09-28,GB,1.77838221752778
2023-09-28,IE,3.69208970968767
2023-09-28,IT,2.40127139780205
2023-09-28,NL,1.85621859152467
2023-09-28,US,1.83670673195342
2023-09-29,AU,2.25706755696143
2023-09-29,CA,2.0400597835809
2023-09-29,DE,2.04735647199578
2023-09-29,FR,1.63742047433408
2023-09-29,GB,1.78297815109656
2023-09-29,IE,3.68806804958325
2023-09-29,IT,2.4007415055448
2023-09-29,NL,1.85370441470442
2023-09-29,US,1.83507267805045
2023-09-30,AU,2.25200397988891
2023-09-30,CA,2.03809174049963
2023-09-30,DE,2.04192569937829
2023-09-30,FR,1.64335662325304
2023-09-30,GB,1.78233112910254
2023-09-30,IE,3.67981393489218
2023-09-30,IT,2.39952482286733
2023-09-30,NL,1.8547997341169
2023-09-30,US,1.83246808893182
2023-10-01,AU,2.25423169057437
2023-10-01,CA,2.04151031347122
2023-10-01,DE,2.04148993809881
2023-10-01,FR,1.65055336681663
2023-10-01,GB,1.78746599842436
2023-10-01,IE,3.66494001357891
2023-10-01,IT,2.40212536133231
2023-10-01,NL,1.85759180119105
2023-10-01,US,1.83489866637489
2023-10-02,AU,2.25833781402677
2023-10-02,CA,2.04578297910513
2023-10-02,DE,2.04249419787633
2023-10-02,FR,1.65985778976896
2023-10-02,GB,1.7928243875451
2023-10-02,IE,3.65302282992271
2023-10-02,IT,2.40296185581665
2023-10-02,NL,1.86087760368804
2023-10-02,US,1.83770029881574
2023-10-03,AU,2.25347572728297
2023-10-03,CA,2.04267652021475
2023-10-03,DE,2.0418742658528
2023-10-03,FR,1.66630615040292
2023-10-03,GB,1.79842624775807
2023-10-03,IE,3.65199825499892
2023-10-03,IT,2.40706631537092
2023-10-03,NL,1.86796516528263
2023-10-03,US,1.8383337865401
2023-10-04,AU,2.24751184880856
2023-10-04,CA,2.04155351301543
2023-10-04,DE,2.03852221542859
2023-10-04,FR,1.67129770591124
2023-10-04,GB,1.80403020249265
2023-10-04,IE,3.6670703878637
2023-10-04,IT,2.41350678349264
2023-10-04,NL,1.87024997139918
2023-10-04,US,1.83717475130306
2023-10-05,AU,2.24409978398012
2023-10-05,CA,2.03947052371535
2023-10-05,DE,2.03838135398084
2023-10-05,FR,1.67565866475389
2023-10-05,GB,1.80851327586014
2023-10-05,IE,3.67557707800075
2023-10-05,IT,2.41829280660105
2023-10-05,NL,1.87237888353307
2023-10-05,US,1.83494814373398
2023-10-06,AU,2.23326233794891
2023-10-06,CA,2.03794314487801
2023-10-06,DE,2.03734819073397
2023-10-06,FR,1.67539501118306
2023-10-06,GB,1.81012903827862
2023-10-06,IE,3.69883914718981
2023-10-06,IT,2.42401723926491
2023-10-06,NL,1.87356645545719
2023-10-06,US,1.83545170375876
2023-10-07,AU,2.23259769082755
2023-10-07,CA,2.04740207631639
2023-10-07,DE,2.03837739948215
2023-10-07,FR,1.67888402324115
2023-10-07,GB,1.81839494808918
2023-10-07,IE,3.72859837576209
2023-10-07,IT,2.42746154192161
2023-10-07,NL,1.87206618459614
2023-10-07,US,1.84079353575473
2023-10-08,AU,2.22284534910011
2023-10-08,CA,2.04993760137725
2023-10-08,DE,2.03842261138829
2023-10-08,FR,1.6817378172938
2023-10-08,GB,1.82264825051282
2023-10-08,IE,3.75666421028203
2023-10-08,IT,2.42787249211647
2023-10-08,NL,1.87322777976445
2023-10-08,US,1.84140928127974
2023-10-09,AU,2.2069463833088
2023-10-09,CA,2.05626362595123
2023-10-09,DE,2.04106293914816
2023-10-09,FR,1.68406960126862
2023-10-09,GB,1.8279386433816
2023-10-09,IE,3.76788442991405
2023-10-09,IT,2.43027245033092
2023-10-09,NL,1.87650361219721
2023-10-09,US,1.84242914968917
2023-10-10,AU,2.20097494486967
2023-10-10,CA,2.06836568751401
2023-10-10,DE,2.04415094972236
2023-10-10,FR,1.68944131395675
2023-10-10,GB,1.83585530789597
2023-10-10,IE,3.78645933657345
2023-10-10,IT,2.43030527157965
2023-10-10,NL,1.87817354009359
2023-10-10,US,1.8432774290876
2023-10-11,AU,2.1967488210813
2023-10-11,CA,2.07954727748119
2023-10-11,DE,2.04557974216069
2023-10-11,FR,1.69572994458384
2023-10-11,GB,1.84061436648008
2023-10-11,IE,3.79654433320613
2023-10-11,IT,2.4291527607249
2023-10-11,NL,1.88175040053153
2023-10-11,US,1.84440999376564
2023-10-12,AU,2.19395804479249
2023-10-12,CA,2.0887314164013
2023-10-12,DE,2.04464628467685
2023-10-12,FR,1.70362962882228
2023-10-12,GB,1.84473807710034
2023-10-12,IE,3.80986613725765
2023-10-12,IT,2.43055307977199
2023-10-12,NL,1.88753072050892
2023-10-12,US,1.84678361552954
2023-10-13,AU,2.20307266037891
2023-10-13,CA,2.09749310396416
2023-10-13,DE,2.04538776806223
2023-10-13,FR,1.71428753162653
2023-10-13,GB,1.85067070911558
2023-10-13,IE,3.81502219390553
2023-10-13,IT,2.4324581003223
2023-10-13,NL,1.89390416201416
2023-10-13,US,1.8492680613377
2023-10-14,AU,2.19957297315796
2023-10-14,CA,2.10362181402996
2023-10-14,DE,2.04423612321361
2023-10-14,FR,1.72531885728077
2023-10-14,GB,1.85321565730553
2023-10-14,IE,3.81860469777881
2023-10-14,IT,2.43651231280753
2023-10-14,NL,1.90359339193987
2023-10-14,US,1.84790335704527
2023-10-15,AU,2.19924594247987
2023-10-15,CA,2.1141340770681
2023-10-15,DE,2.04492196715131
2023-10-15,FR,1.73589828169063
2023-10-15,GB,1.85620099116842
2023-10-15,IE,3.83170832736133
2023-10-15,IT,2.44382654460412
2023-10-15,NL,1.91147516263703
2023-10-15,US,1.84843540052353
2023-10-16,AU,2.20434758689031
2023-10-16,CA,2.12189769630863
2023-10-16,DE,2.04184943780003
2023-10-16,FR,1.74737013314247
2023-10-16,GB,1.86051582431043
2023-10-16,IE,3.86076139298538
2023-10-16,IT,2.45441441647337
2023-10-16,NL,1.91572394837454
2023-10-16,US,1.84855574268392
2023-10-17,AU,2.20665982412236
2023-10-17,CA,2.12725731364266
2023-10-17,DE,2.03738659636437
2023-10-17,FR,1.75759493390725
2023-10-17,GB,1.85860840477294
2023-10-17,IE,3.86475661195679
2023-10-17,IT,2.46193017073418
2023-10-17,NL,1.92114165113302
2023-10-17,US,1.84974628886036
2023-10-18,AU,2.20759957974728
2023-10-18,CA,2.12904182099107
2023-10-18,DE,2.03613205693919
2023-10-18,FR,1.77010599456924
2023-10-18,GB,1.8572738620187
2023-10-18,IE,3.87580154063383
2023-10-18,IT,2.47096570630973
2023-10-18,NL,1.92644341384449
2023-10-18,US,1.8502752553448
2023-10-19,AU,2.20394222417817
2023-10-19,CA,2.13175020253364
2023-10-19,DE,2.03516233270758
2023-10-19,FR,1.78398302338676
2023-10-19,GB,1.85908222950527
2023-10-19,IE,3.88776483423381
2023-10-19,IT,2.45590331308127
2023-10-19,NL,1.93079318359258
2023-10-19,US,1.8496180933608
2023-10-20,AU,2.18948186140764
2023-10-20,CA,2.13539193219363
2023-10-20,DE,2.03259242396394
2023-10-20,FR,1.79617052589289
2023-10-20,GB,1.85970133175374
2023-10-20,IE,3.9045658232775
2023-10-20,IT,2.44064864001258
2023-10-20,NL,1.93882230029212
2023-10-20,US,1.84851284424769
2023-10-21,AU,2.1736733120699
2023-10-21,CA,2.12723709449777
2023-10-21,DE,2.02697996490718
2023-10-21,FR,1.80319074330321
2023-10-21,GB,1.85385440790901
2023-10-21,IE,3.90007689294128
2023-10-21,IT,2.42204086563758
2023-10-21,NL,1.94237044460276
2023-10-21,US,1.84409536776974
2023-10-22,AU,2.16730172734944
2023-10-22,CA,2.12439099355685
2023-10-22,DE,2.02284588430947
2023-10-22,FR,1.81328293357232
2023-10-22,GB,1.85538142519193
2023-10-22,IE,3.91360603041388
2023-10-22,IT,2.40527965648884
2023-10-22,NL,1.94739667476608
2023-10-22,US,1.84392966154606
2023-10-23,AU,2.15971389193766
2023-10-23,CA,2.11991977255295
2023-10-23,DE,2.02202859138779
2023-10-23,FR,1.82353697237853
2023-10-23,GB,1.8551737251105
2023-10-23,IE,3.92692711077734
2023-10-23,IT,2.38423171435679
2023-10-23,NL,1.9528397978771
2023-10-23,US,1.84357836124527
2023-10-24,AU,2.15014598269486
2023-10-24,CA,2.11627557563046
2023-10-24,DE,2.02596577416769
2023-10-24,FR,1.83298624508733
2023-10-24,GB,1.8574155213345
2023-10-24,IE,3.94844022041558
2023-10-24,IT,2.35991553690246
2023-10-24,NL,1.9605463359964
2023-10-24,US,1.84283455212659
2023-10-25,AU,2.14327378650834
2023-10-25,CA,2.11243612977335
2023-10-25,DE,2.02753857583357
2023-10-25,FR,1.84000093530475
2023-10-25,GB,1.85919317618917
2023-10-25,IE,3.95965025511055
2023-10-25,IT,2.33722713187384
2023-10-25,NL,1.96481334464968
2023-10-25,US,1.8427216315693
2023-10-26,AU,2.13651124360115
2023-10-26,CA,2.10951236643375
2023-10-26,DE,2.02637796140261
2023-10-26,FR,1.84638573446762
2023-10-26,GB,1.858758940585
2023-10-26,IE,3.96248474865718
2023-10-26,IT,2.33679184089408
2023-10-26,NL,1.96765679133289
2023-10-26,US,1.841071462358
2023-10-27,AU,2.13599657064768
2023-10-27,CA,2.10459528710162
2023-10-27,DE,2.02417911698879
2023-10-27,FR,1.85302449469074
2023-10-27,GB,1.8598301569414
2023-10-27,IE,3.95585697253212
2023-10-27,IT,2.33727056714773
2023-10-27,NL,1.96691514977631
2023-10-27,US,1.8393621679326
2023-10-28,AU,2.14399692828264
2023-10-28,CA,2.11055674017703
2023-10-28,DE,2.03109872564205
2023-10-28,FR,1.86221750492917
2023-10-28,GB,1.87210051310868
2023-10-28,IE,3.96518890349702
2023-10-28,IT,2.34377089152681
2023-10-28,NL,1.96565858900102
2023-10-28,US,1.84128416378958
2023-10-29,AU,2.14146479712891
2023-10-29,CA,2.1079757263747
2023-10-29,DE,2.03690071322241
2023-10-29,FR,1.87186428274664
2023-10-29,GB,1.87685363122782
2023-10-29,IE,3.96472989939777
2023-10-29,IT,2.34496969761302
2023-10-29,NL,1.95991616292961
2023-10-29,US,1.83848825298339
2023-10-30,AU,2.14014669495902
2023-10-30,CA,2.10754706456062
2023-10-30,DE,2.04206196361672
2023-10-30,FR,1.88004568404299
2023-10-30,GB,1.88154759701415
2023-10-30,IE,3.96403698625876
2023-10-30,IT,2.34746931615698
2023-10-30,NL,1.9577094358
2023-10-30,US,1.8363953881738
2023-10-31,AU,2.13872720721558
2023-10-31,CA,2.10147302103097
2023-10-31,DE,2.0450054058452
2023-10-31,FR,1.8876499194847
2023-10-31,GB,1.88600894497916
2023-10-31,IE,3.95518799129267
2023-10-31,IT,2.35963294143607
2023-10-31,NL,1.95203603633927
2023-10-31,US,1.83187727289802
2023-11-01,AU,2.13579937451436
2023-11-01,CA,2.09820631628903
2023-11-01,DE,2.04851936570882
2023-11-01,FR,1.8944013150994
2023-11-01,GB,1.89538054136283
2023-11-01,IE,3.95009210849408
2023-11-01,IT,2.36365206463116
2023-11-01,NL,1.94672526363792
2023-11-01,US,1.82495498829423
2023-11-02,AU,2.13400788275408
2023-11-02,CA,2.09460219096781
2023-11-02,DE,2.05327561200673
2023-11-02,FR,1.89909162305823
2023-11-02,GB,1.90435034524902
2023-11-02,IE,3.95395338149026
2023-11-02,IT,2.36957322667706
2023-11-02,NL,1.93906561225908
2023-11-02,US,1.83355534344999
2023-11-03,AU,2.13322351490258
2023-11-03,CA,2.0967450971949
2023-11-03,DE,2.06210743929622
2023-11-03,FR,1.90518244538835
2023-11-03,GB,1.91072858182065
2023-11-03,IE,3.95212386608269
2023-11-03,IT,2.37022107711545
2023-11-03,NL,1.93326480003658
2023-11-03,US,1.84324768899453
2023-11-04,AU,2.13060347557316
2023-11-04,CA,2.10296999218679
2023-11-04,DE,2.06606990829562
2023-11-04,FR,1.91074846025995
2023-11-04,GB,1.91320029990197
2023-11-04,IE,3.94490030918726
2023-11-04,IT,2.37173597443552
2023-11-04,NL,1.93508511865341
2023-11-04,US,1.85235974010878
2023-11-05,AU,2.12729920763574
2023-11-05,CA,2.1096679072316
2023-11-05,DE,2.06822529228008
2023-11-05,FR,1.91483845283589
2023-11-05,GB,1.91498830592099
2023-11-05,IE,3.93372996154143
2023-11-05,IT,2.37269111866024
2023-11-05,NL,1.94001801075966
2023-11-05,US,1.86376463454784
2023-11-06,AU,2.12475090806635
2023-11-06,CA,2.1146219324457
2023-11-06,DE,2.06800758708653
2023-11-06,FR,1.91853063291593
2023-11-06,GB,1.91713112728561
2023-11-06,IE,3.91837812182405
2023-11-06,IT,2.37499189056625
2023-11-06,NL,1.93837377994002
2023-11-06,US,1.87589066210329
2023-11-07,AU,2.12347283961219
2023-11-07,CA,2.12438329702274
2023-11-07,DE,2.06810696095065
2023-11-07,FR,1.92099200742001
2023-11-07,GB,1.91753370879613
2023-11-07,IE,3.90687133208973
2023-11-07,IT,2.37443957161584
2023-11-07,NL,1.93971376852965
2023-11-07,US,1.8800761528149
2023-11-08,AU,2.12315040097358
2023-11-08,CA,2.13405219186341
2023-11-08,DE,2.0690386498195
2023-11-08,FR,1.92308015229697
2023-11-08,GB,1.91500649549821
2023-11-08,IE,3.89839701684598
2023-11-08,IT,2.37956278971465
2023-11-08,NL,1.94044566047908
2023-11-08,US,1.88419469299494
2023-11-09,AU,2.12140279129693
2023-11-09,CA,2.14519422683134
2023-11-09,DE,2.0708421699973
2023-11-09,FR,1.92434486335764
2023-11-09,GB,1.9135902962133
2023-11-09,IE,3.88644650772888
2023-11-09,IT,2.37813364932328
2023-11-09,NL,1.9443325018774
2023-11-09,US,1.8739543162447
2023-11-10,AU,2.11778531705099
2023-11-10,CA,2.15159333468013
2023-11-10,DE,2.07269560461742
2023-11-10,FR,1.92530574274748
2023-11-10,GB,1.91252519737121
2023-11-10,IE,3.88687524440087
2023-11-10,IT,2.38208748730458
2023-11-10,NL,1.94741276852055
2023-11-10,US,1.862278488329
2023-11-11,AU,2.11776009411386
2023-11-11,CA,2.15499598399959
2023-11-11,DE,2.07414548240818
2023-11-11,FR,1.92902478455734
2023-11-11,GB,1.91478629192648
2023-11-11,IE,3.87836886601238
2023-11-11,IT,2.38137395999104
2023-11-11,NL,1.945315624835
2023-11-11,US,1.85693036247577
2023-11-12,AU,2.1159993681777
2023-11-12,CA,2.16110145248408
2023-11-12,DE,2.07687884357936
2023-11-12,FR,1.9308316802735
2023-11-12,GB,1.91667748584334
2023-11-12,IE,3.87560111949351
2023-11-12,IT,2.38373188684178
2023-11-12,NL,1.94355147611958
2023-11-12,US,1.85048557586558
2023-11-13,AU,2.11266226810124
2023-11-13,CA,2.16613749631089
2023-11-13,DE,2.07879757796194
2023-11-13,FR,1.93641805178906
2023-11-13,GB,1.9210354750295
2023-11-13,IE,3.87106020037991
2023-11-13,IT,2.38074745013963
2023-11-13,NL,1.94524684992568
2023-11-13,US,1.84366179084378
2023-11-14,AU,2.10878960595892
2023-11-14,CA,2.17346182671902
2023-11-14,DE,2.07828446403219
2023-11-14,FR,1.94158625502017
2023-11-14,GB,1.92320310657419
2023-11-14,IE,3.87608979459034
2023-11-14,IT,2.37540373179803
2023-11-14,NL,1.94375232182191
2023-11-14,US,1.84413334879456
2023-11-15,AU,2.10482687196584
2023-11-15,CA,2.1829275930604
2023-11-15,DE,2.07664663711848
2023-11-15,FR,1.95030167354115
2023-11-15,GB,1.92507837503335
2023-11-15,IE,3.86614341291816
2023-11-15,IT,2.37015103426298
2023-11-15,NL,1.94947572206783
2023-11-15,US,1.84837221163255
2023-11-16,AU,2.10866530446611
2023-11-16,CA,2.19024694276356
2023-11-16,DE,2.07750736177376
2023-11-16,FR,1.95810256863813
2023-11-16,GB,1.93088989732941
2023-11-16,IE,3.8515781550157
2023-11-16,IT,2.37046415917817
2023-11-16,NL,1.9538074076428
2023-11-16,US,1.85231824012068
2023-11-17,AU,2.10878424731786
2023-11-17,CA,2.19763824584764
2023-11-17,DE,2.0746823187153
2023-11-17,FR,1.96619542111216
2023-11-17,GB,1.94168861556468
2023-11-17,IE,3.82397880166394
2023-11-17,IT,2.37030267387952
2023-11-17,NL,1.95405630859962
2023-11-17,US,1.85808245812036
2023-11-18,AU,2.10909946289624
2023-11-18,CA,2.20168193689484
2023-11-18,DE,2.07360989301894
2023-11-18,FR,1.97113159779546
2023-11-18,GB,1.94467343203148
2023-11-18,IE,3.79694373931753
2023-11-18,IT,2.36268539375439
2023-11-18,NL,1.95252025119422
2023-11-18,US,1.85842708834511
2023-11-19,AU,2.11202331698808
2023-11-19,CA,2.20821709055498
2023-11-19,DE,2.07062359208833
2023-11-19,FR,1.97958070117554
2023-11-19,GB,1.951369352519
2023-11-19,IE,3.77307423820212
2023-11-19,IT,2.35909191948637
2023-11-19,NL,1.958298015832
2023-11-19,US,1.85970277588031
2023-11-20,AU,2.11552757264998
2023-11-20,CA,2.21766449174185
2023-11-20,DE,2.07050622465166
2023-11-20,FR,1.98547806383781
2023-11-20,GB,1.95785561245834
2023-11-20,IE,3.75999420766937
2023-11-20,IT,2.36021840203569
2023-11-20,NL,1.96045219723107
2023-11-20,US,1.86102637795223
2023-11-21,AU,2.12365601764234
2023-11-21,CA,2.22386730045822
2023-11-21,DE,2.07136983361946
2023-11-21,FR,1.99233233784587
2023-11-21,GB,1.96790118883734
2023-11-21,IE,3.73529832534418
2023-11-21,IT,2.3601556619257
2023-11-21,NL,1.96334651478011
2023-11-21,US,1.86598667752233
2023-11-22,AU,2.13825112102724
2023-11-22,CA,2.22618742921406
2023-11-22,DE,2.07511230734064
2023-11-22,FR,1.99689063505225
2023-11-22,GB,1.97596626175852
2023-11-22,IE,3.71377083800578
2023-11-22,IT,2.36096291259321
2023-11-22,NL,1.95883889354824
2023-11-22,US,1.87131177700524
2023-11-23,AU,2.14621692780366
2023-11-23,CA,2.2319971469244
2023-11-23,DE,2.07386576725679
2023-11-23,FR,2.00344880573526
2023-11-23,GB,1.98258824911245
2023-11-23,IE,3.70814501931585
2023-11-23,IT,2.36173659594257
2023-11-23,NL,1.96413848948098
2023-11-23,US,1.87457344055067
2023-11-24,AU,2.1639338228641
2023-11-24,CA,2.23750518321879
2023-11-24,DE,2.07480870381501
2023-11-24,FR,2.00796997098428
2023-11-24,GB,1.98468360837284
2023-11-24,IE,3.71360570255636
2023-11-24,IT,2.36212873986673
2023-11-24,NL,1.9700858138387
2023-11-24,US,1.87715509451965
2023-11-25,AU,2.18099912467856
2023-11-25,CA,2.24545590750998
2023-11-25,DE,2.07644357038209
2023-11-25,FR,2.01656479238851
2023-11-25,GB,1.99506536721199
2023-11-25,IE,3.72328748736548
2023-11-25,IT,2.37101075631195
2023-11-25,NL,1.97842697989649
2023-11-25,US,1.88036844848709
2023-11-26,AU,2.19640001464722
2023-11-26,CA,2.2507886139551
2023-11-26,DE,2.07596063536383
2023-11-26,FR,2.02102512618449
2023-11-26,GB,2.00132304171816
2023-11-26,IE,3.73391512670134
2023-11-26,IT,2.37537497390648
2023-11-26,NL,1.97916036016668
2023-11-26,US,1.88218279009944
2023-11-27,AU,2.20903663062839
2023-11-27,CA,2.25593584401031
2023-11-27,DE,2.07588036919989
2023-11-27,FR,2.02406027068496
2023-11-27,GB,2.00676901585199
2023-11-27,IE,3.73977398292794
2023-11-27,IT,2.379137447853
2023-11-27,NL,1.98483500226647
2023-11-27,US,1.88374536386363
2023-11-28,AU,2.22036498941469
2023-11-28,CA,2.26078434865547
2023-11-28,DE,2.07748804719316
2023-11-28,FR,2.02527349724074
2023-11-28,GB,2.01140406653232
2023-11-28,IE,3.73912932781567
2023-11-28,IT,2.38252374280368
2023-11-28,NL,1.98885996966203
2023-11-28,US,1.88269534688129
2023-11-29,AU,2.22500529954792
2023-11-29,CA,2.26594396147058
2023-11-29,DE,2.07296457099634
2023-11-29,FR,2.02487817510372
2023-11-29,GB,2.01872469361663
2023-11-29,IE,3.74188988130093
2023-11-29,IT,2.38586580495265
2023-11-29,NL,1.9969877118457
2023-11-29,US,1.87920358908972
2023-11-30,AU,2.22842271659163
2023-11-30,CA,2.26878292660988
2023-11-30,DE,2.07266247890173
2023-11-30,FR,2.02476743646397
2023-11-30,GB,2.02370165886797
2023-11-30,IE,3.74575847904719
2023-11-30,IT,2.38925312036337
2023-11-30,NL,1.99715007820135
2023-11-30,US,1.87789158811838
2023-12-01,AU,2.23263801576105
2023-12-01,CA,2.27070082351557
2023-12-01,DE,2.07068652959192
2023-12-01,FR,2.02329931631448
2023-12-01,GB,2.03029200713882
2023-12-01,IE,3.76049139169906
2023-12-01,IT,2.39138382509298
2023-12-01,NL,1.98976865703479
2023-12-01,US,1.87624996941977
2023-12-02,AU,2.24490756398404
2023-12-02,CA,2.27180415377153
2023-12-02,DE,2.06625685569831
2023-12-02,FR,2.02014017281343
2023-12-02,GB,2.03470011190785
2023-12-02,IE,3.77861370402467
2023-12-02,IT,2.39015133242842
2023-12-02,NL,1.98661579140635
2023-12-02,US,1.87399480459722
2023-12-03,AU,2.25452310210798
2023-12-03,CA,2.27244202619894
2023-12-03,DE,2.06526085997916
2023-12-03,FR,2.01744951730188
2023-12-03,GB,2.04045009085844
2023-12-03,IE,3.79040558753911
2023-12-03,IT,2.38829917045161
2023-12-03,NL,1.97727031735536
2023-12-03,US,1.87182502443764
2023-12-04,AU,2.25998132244376
2023-12-04,CA,2.2723555174106
2023-12-04,DE,2.06472741062641
2023-12-04,FR,2.01486761097599
2023-12-04,GB,2.04579442581177
2023-12-04,IE,3.80701714549328
2023-12-04,IT,2.38332819721683
2023-12-04,NL,1.96694484441617
2023-12-04,US,1.86987801668923
2023-12-05,AU,2.26362506058233
2023-12-05,CA,2.27495188453819
2023-12-05,DE,2.06261039619
2023-12-05,FR,2.01369671494195
2023-12-05,GB,2.05229832336925
2023-12-05,IE,3.82976960590313
2023-12-05,IT,2.38378529375131
2023-12-05,NL,1.96388900115037
2023-12-05,US,1.86911253297017
2023-12-06,AU,2.26626807213639
2023-12-06,CA,2.27818590143413
2023-12-06,DE,2.06416550241419
2023-12-06,FR,2.01214232564572
2023-12-06,GB,2.05865303686067
2023-12-06,IE,3.85678570033647
2023-12-06,IT,2.38620103600069
2023-12-06,NL,1.96109548093651
2023-12-06,US,1.87227527038353
2023-12-07,AU,2.27000663770263
2023-12-07,CA,2.28033378279339
2023-12-07,DE,2.06499569090113
2023-12-07,FR,2.00792901498981
2023-12-07,GB,2.06332241584405
2023-12-07,IE,3.8768371489374
2023-12-07,IT,2.38847079891676
2023-12-07,NL,1.95285040778639
2023-12-07,US,1.87763065449571
2023-12-08,AU,2.26694712236061
2023-12-08,CA,2.28843580316751
2023-12-08,DE,2.07388258847872
2023-12-08,FR,2.00799788345366
2023-12-08,GB,2.06733869248871
2023-12-08,IE,3.90919578369474
2023-12-08,IT,2.39080766090552
2023-12-08,NL,1.95200818638791
2023-12-08,US,1.878993793643
2023-12-09,AU,2.2522129960018
2023-12-09,CA,2.29429578377945
2023-12-09,DE,2.08402096776363
2023-12-09,FR,2.00786223387362
2023-12-09,GB,2.06857869062627
2023-12-09,IE,3.91739599731398
2023-12-09,IT,2.38994447723692
2023-12-09,NL,1.9482561103034
2023-12-09,US,1.8792115630603
2023-12-10,AU,2.24238314193534
2023-12-10,CA,2.30438626548952
2023-12-10,DE,2.09312810454109
2023-12-10,FR,2.00789157191413
2023-12-10,GB,2.07308841575212
2023-12-10,IE,3.95494495559494
2023-12-10,IT,2.39569727054594
2023-12-10,NL,1.95044929627569
2023-12-10,US,1.88159153731616
2023-12-11,AU,2.23412123220551
2023-12-11,CA,2.31365394697451
2023-12-11,DE,2.10037568274931
2023-12-11,FR,2.00839407040219
2023-12-11,GB,2.07856441191949
2023-12-11,IE,3.98568286566684
2023-12-11,IT,2.39947719949306
2023-12-11,NL,1.95312004764669
2023-12-11,US,1.8834506350379
2023-12-12,AU,2.22357653551714
2023-12-12,CA,2.32382107376304
2023-12-12,DE,2.1092596286853
2023-12-12,FR,2.00791165868633
2023-12-12,GB,2.08336019861018
2023-12-12,IE,4.0299369569796
2023-12-12,IT,2.40015093495146
2023-12-12,NL,1.94799771932243
2023-12-12,US,1.88673454520218
2023-12-13,AU,2.22187456278299
2023-12-13,CA,2.33488660578309
2023-12-13,DE,2.12000103073283
2023-12-13,FR,2.00828184272413
2023-12-13,GB,2.08870554852476
2023-12-13,IE,4.06328577991384
2023-12-13,IT,2.39939663319544
2023-12-13,NL,1.94568879084006
2023-12-13,US,1.88944449239132
2023-12-14,AU,2.21876747935996
2023-12-14,CA,2.34569154363102
2023-12-14,DE,2.13036607505743
2023-12-14,FR,2.00664998529405
2023-12-14,GB,2.09712180746258
2023-12-14,IE,4.09600812323528
2023-12-14,IT,2.39786034987388
2023-12-14,NL,1.94733826094585
2023-12-14,US,1.8900006714974
2023-12-15,AU,2.21740629066565
2023-12-15,CA,2.35194276867912
2023-12-15,DE,2.13233190409583
2023-12-15,FR,2.00349399548474
2023-12-15,GB,2.10774930887785
2023-12-15,IE,4.10002033918368
2023-12-15,IT,2.3972780291089
2023-12-15,NL,1.95184462451548
2023-12-15,US,1.89464840472733
2023-12-16,AU,2.22520806895948
2023-12-16,CA,2.36539377439353
2023-12-16,DE,2.13790479605166
2023-12-16,FR,1.99806936694
2023-12-16,GB,2.12319090044138
2023-12-16,IE,4.12515276753458
2023-12-16,IT,2.40102585903481
2023-12-16,NL,1.95522938214747
2023-12-16,US,1.90219722555426
2023-12-17,AU,2.23174749425084
2023-12-17,CA,2.37381829773498
2023-12-17,DE,2.14277006029527
2023-12-17,FR,1.99492656832241
2023-12-17,GB,2.13571960835503
2023-12-17,IE,4.12502629643404
2023-12-17,IT,2.40150892573067
2023-12-17,NL,1.96007575711651
2023-12-17,US,1.90983026376999
2023-12-18,AU,2.2396462895461
2023-12-18,CA,2.38353530698471
2023-12-18,DE,2.14578653616072
2023-12-18,FR,1.99185344610397
2023-12-18,GB,2.14658438781899
2023-12-18,IE,4.12257584670064
2023-12-18,IT,2.40411287637583
2023-12-18,NL,1.96441052888015
2023-12-18,US,1.9169305960696
2023-12-19,AU,2.25092829773326
2023-12-19,CA,2.39282357743723
2023-12-19,DE,2.14822298331974
2023-12-19,FR,1.98632794701948
2023-12-19,GB,2.16021769734186
2023-12-19,IE,4.11076299467325
2023-12-19,IT,2.41055752262931
2023-12-19,NL,1.97210081639154
2023-12-19,US,1.92196173426843
2023-12-20,AU,2.2554171884903
2023-12-20,CA,2.40272115175873
2023-12-20,DE,2.15008887881934
2023-12-20,FR,1.98204867677213
2023-12-20,GB,2.1761722082655
2023-12-20,IE,4.09363669819679
2023-12-20,IT,2.41485637278744
2023-12-20,NL,1.97575391728271
2023-12-20,US,1.92646809510382
2023-12-21,AU,2.26921714403474
2023-12-21,CA,2.41403811207629
2023-12-21,DE,2.15016503700404
2023-12-21,FR,1.97917028852836
2023-12-21,GB,2.19224588940661
2023-12-21,IE,4.10832878488761
2023-12-21,IT,2.42319221413148
2023-12-21,NL,1.98026905237179
2023-12-21,US,1.92868971091831
2023-12-22,AU,2.2827468487904
2023-12-22,CA,2.42771341185664
2023-12-22,DE,2.15320718162175
2023-12-22,FR,1.9757005101671
2023-12-22,GB,2.2061465662537
2023-12-22,IE,4.12495770297652
2023-12-22,IT,2.43024004677263
2023-12-22,NL,1.98291107521057
2023-12-22,US,1.93013314925459
2023-12-23,AU,2.29236048525809
2023-12-23,CA,2.43631691883056
2023-12-23,DE,2.15452572967324
2023-12-23,FR,1.97697248147848
2023-12-23,GB,2.2194898578474
2023-12-23,IE,4.12630812626707
2023-12-23,IT,2.43994004853764
2023-12-23,NL,1.98716983692147
2023-12-23,US,1.93067571552769
2023-12-24,AU,2.30295502670268
2023-12-24,CA,2.4460598027229
2023-12-24,DE,2.1568463081613
2023-12-24,FR,1.97769349359765
2023-12-24,GB,2.23553628461018
2023-12-24,IE,4.1461073425899
2023-12-24,IT,2.44662004805315
2023-12-24,NL,1.99078318599416
2023-12-24,US,1.929222097103
2023-12-25,AU,2.31902250006668
2023-12-25,CA,2.45663974356375
2023-12-25,DE,2.16004171126422
2023-12-25,FR,1.97696001712894
2023-12-25,GB,2.24844482275343
2023-12-25,IE,4.16540840171572
2023-12-25,IT,2.45429727332431
2023-12-25,NL,1.99052133307489
2023-12-25,US,1.92856053899347
2023-12-26,AU,2.33562598258726
2023-12-26,CA,2.4664110144701
2023-12-26,DE,2.16326128819979
2023-12-26,FR,1.98269454447497
2023-12-26,GB,2.26125447879942
2023-12-26,IE,4.19209288008846
2023-12-26,IT,2.4613801412516
2023-12-26,NL,1.99078813764397
2023-12-26,US,1.93058846056546
2023-12-27,AU,2.35283142695118
2023-12-27,CA,2.47500644228742
2023-12-27,DE,2.16674858155626
2023-12-27,FR,1.98704399950846
2023-12-27,GB,2.27256731592276
2023-12-27,IE,4.23104812467325
2023-12-27,IT,2.47173626006238
2023-12-27,NL,1.99362636423384
2023-12-27,US,1.9302159583199
2023-12-28,AU,2.36208772165893
2023-12-28,CA,2.48246826485319
2023-12-28,DE,2.17316247239549
2023-12-28,FR,1.99428288786194
2023-12-28,GB,2.28305708861058
2023-12-28,IE,4.23596701895032
2023-12-28,IT,2.47590459404631
2023-12-28,NL,1.99366040362359
2023-12-28,US,1.93358685069516
2023-12-29,AU,2.37185667629684
2023-12-29,CA,2.4871756436217
2023-12-29,DE,2.17849282215371
2023-12-29,FR,2.00021759056934
2023-12-29,GB,2.29181593337631
2023-12-29,IE,4.25187749911563
2023-12-29,IT,2.48138603316628
2023-12-29,NL,1.99689627672243
2023-12-29,US,1.93770590742626
2023-12-30,AU,2.37828586413985
2023-12-30,CA,2.4923220656004
2023-12-30,DE,2.1818910097483
2023-12-30,FR,2.00416320249747
2023-12-30,GB,2.29741310334672
2023-12-30,IE,4.27866706512405
2023-12-30,IT,2.48344286568699
2023-12-30,NL,1.99477492940074
2023-12-30,US,1.93876841216276
2023-12-31,AU,2.38573180768499
2023-12-31,CA,2.4990326195808
2023-12-31,DE,2.18598410680515
2023-12-31,FR,2.00701347118828
2023-12-31,GB,2.29869362385668
2023-12-31,IE,4.28175495574831
2023-12-31,IT,2.48967022154186
2023-12-31,NL,1.99404374045887
2023-12-31,US,1.93815513410153
2024-01-01,AU,2.3960585600615
2024-01-01,CA,2.50431514690168
2024-01-01,DE,2.1928126415546
2024-01-01,FR,2.01029416652166
2024-01-01,GB,2.30571276562185
2024-01-01,IE,4.28947300341886
2024-01-01,IT,2.49647440874918
2024-01-01,NL,1.99708837138891
2024-01-01,US,1.9377826426572
2024-01-02,AU,2.40692936583805
2024-01-02,CA,2.50935316093154
2024-01-02,DE,2.19988149889011
2024-01-02,FR,2.01336018963063
2024-01-02,GB,2.31131927451288
2024-01-02,IE,4.3020684981962
2024-01-02,IT,2.50572543231843
2024-01-02,NL,2.0005705778951
2024-01-02,US,1.93695372178093
2024-01-03,AU,2.41418597707465
2024-01-03,CA,2.51419758329567
2024-01-03,DE,2.20436401014007
2024-01-03,FR,2.01570904381439
2024-01-03,GB,2.3096094029268
2024-01-03,IE,4.30773138718544
2024-01-03,IT,2.5089773429999
2024-01-03,NL,2.00194244565469
2024-01-03,US,1.93581213614064
2024-01-04,AU,2.42183239845055
2024-01-04,CA,2.52325352934005
2024-01-04,DE,2.20832047460462
2024-01-04,FR,2.01522187825405
2024-01-04,GB,2.29955663885785
2024-01-04,IE,4.30393870736699
2024-01-04,IT,2.51249064200353
2024-01-04,NL,2.0002498572183
2024-01-04,US,1.9354111266854
2024-01-05,AU,2.42639518714696
2024-01-05,CA,2.52961172096475
2024-01-05,DE,2.21190757332411
2024-01-05,FR,2.01795989671242
2024-01-05,GB,2.28626964057138
2024-01-05,IE,4.30840240698134
2024-01-05,IT,2.5154216225648
2024-01-05,NL,2.00237929469884
2024-01-05,US,1.93202836403408
2024-01-06,AU,2.43092605099559
2024-01-06,CA,2.53621351219693
2024-01-06,DE,2.21580661060036
2024-01-06,FR,2.01712467341675
2024-01-06,GB,2.27070746029217
2024-01-06,IE,4.31649573999244
2024-01-06,IT,2.51780181040463
2024-01-06,NL,2.00325041983132
2024-01-06,US,1.92959665422549
2024-01-07,AU,2.43410620825267
2024-01-07,CA,2.53737430784761
2024-01-07,DE,2.21788705523946
2024-01-07,FR,2.01723991967063
2024-01-07,GB,2.25917859298416
2024-01-07,IE,4.32408502475719
2024-01-07,IT,2.51809565054842
2024-01-07,NL,2.00120497947926
2024-01-07,US,1.9318141519891
2024-01-08,AU,2.42995130096042
2024-01-08,CA,2.5409044102219
2024-01-08,DE,2.21696616386302
2024-01-08,FR,2.01732426914825
2024-01-08,GB,2.24746796049191
2024-01-08,IE,4.32835452083831
2024-01-08,IT,2.51695611136567
2024-01-08,NL,1.99950781289538
2024-01-08,US,1.93121490971185
2024-01-09,AU,2.42081030685689
2024-01-09,CA,2.5435822351333
2024-01-09,DE,2.21904471577608
2024-01-09,FR,2.01406684926755
2024-01-09,GB,2.23001183197211
2024-01-09,IE,4.31430066592248
2024-01-09,IT,2.50502724962916
2024-01-09,NL,1.99761197009073
2024-01-09,US,1.93051021409376
2024-01-10,AU,2.41324658758803
2024-01-10,CA,2.54746482453843
2024-01-10,DE,2.21905184836069
2024-01-10,FR,2.00978277991111
2024-01-10,GB,2.21616792194898
2024-01-10,IE,4.30964816637913
2024-01-10,IT,2.49400840007402
2024-01-10,NL,2.00213972065938
2024-01-10,US,1.93236468631662
2024-01-11,AU,2.40454568222034
2024-01-11,CA,2.54357352517252
2024-01-11,DE,2.21933913275478
2024-01-11,FR,2.00653665309245
2024-01-11,GB,2.20936000026293
2024-01-11,IE,4.30255208010531
2024-01-11,IT,2.48499585506216
2024-01-11,NL,2.00974853369117
2024-01-11,US,1.93207536965053
2024-01-12,AU,2.40159676017654
2024-01-12,CA,2.54315270880742
2024-01-12,DE,2.2212601032908
2024-01-12,FR,2.00135302031012
2024-01-12,GB,2.20662764732684
2024-01-12,IE,4.29229086490539
2024-01-12,IT,2.47438892509829
2024-01-12,NL,2.00995321024756
2024-01-12,US,1.93489245359227
2024-01-13,AU,2.40591813416308
2024-01-13,CA,2.54130672834632
2024-01-13,DE,2.22233717050554
2024-01-13,FR,1.99801595267753
2024-01-13,GB,2.20523593184743
2024-01-13,IE,4.28611765990347
2024-01-13,IT,2.4637680340297
2024-01-13,NL,2.01193688098376
2024-01-13,US,1.9375332490088
2024-01-14,AU,2.40620912116102
2024-01-14,CA,2.54238918106819
2024-01-14,DE,2.22483515363788
2024-01-14,FR,1.99360476648293
2024-01-14,GB,2.20494198807637
2024-01-14,IE,4.27648598062797
2024-01-14,IT,2.45198467915473
2024-01-14,NL,2.01587885782683
2024-01-14,US,1.93996770247747
2024-01-15,AU,2.40365137591801
2024-01-15,CA,2.54162904764508
2024-01-15,DE,2.22901810552241
2024-01-15,FR,1.98912659803224
2024-01-15,GB,2.20360951182949
2024-01-15,IE,4.26764128095711
2024-01-15,IT,2.44233143753104
2024-01-15,NL,2.01811186657251
2024-01-15,US,1.9447994123742
2024-01-16,AU,2.40366026858081
2024-01-16,CA,2.54213768390625
2024-01-16,DE,2.23181133048412
2024-01-16,FR,1.98810682501808
2024-01-16,GB,2.20474228396018
2024-01-16,IE,4.26219573665554
2024-01-16,IT,2.43446704169384
2024-01-16,NL,2.01649002347369
2024-01-16,US,1.94954605411233
2024-01-17,AU,2.40159583512635
2024-01-17,CA,2.54090654704935
2024-01-17,DE,2.23991632559691
2024-01-17,FR,1.988891847247
2024-01-17,GB,2.20594165044484
2024-01-17,IE,4.25637898669996
2024-01-17,IT,2.42463277089244
2024-01-17,NL,2.0093924784334
2024-01-17,US,1.95268669503085
2024-01-18,AU,2.40465984996263
2024-01-18,CA,2.542949334187
2024-01-18,DE,2.24710513776708
2024-01-18,FR,1.98846850778054
2024-01-18,GB,2.20892209095993
2024-01-18,IE,4.25211579012908
2024-01-18,IT,2.41592174615618
2024-01-18,NL,2.00719036983345
2024-01-18,US,1.95870950996658
2024-01-19,AU,2.40246709121773
2024-01-19,CA,2.54483153213228
2024-01-19,DE,2.25139860643462
2024-01-19,FR,1.98868916490543
2024-01-19,GB,2.21109073504328
2024-01-19,IE,4.23174185800694
2024-01-19,IT,2.41292488804712
2024-01-19,NL,2.00464416942378
2024-01-19,US,1.96355089770929
2024-01-20,AU,2.38979824840944
2024-01-20,CA,2.54692614577025
2024-01-20,DE,2.25570692992042
2024-01-20,FR,1.98979466523214
2024-01-20,GB,2.21334502029232
2024-01-20,IE,4.20884312447599
2024-01-20,IT,2.40901640747358
2024-01-20,NL,2.00613585698442
2024-01-20,US,1.97205342601275
2024-01-21,AU,2.37769314300529
2024-01-21,CA,2.55107176121858
2024-01-21,DE,2.2602360558859
2024-01-21,FR,1.99106261533425
2024-01-21,GB,2.21152692154833
2024-01-21,IE,4.19214528390528
2024-01-21,IT,2.40411340936381
2024-01-21,NL,2.00502781053609
2024-01-21,US,1.97698458899109
2024-01-22,AU,2.37209360359433
2024-01-22,CA,2.55567727061875
2024-01-22,DE,2.26549979677404
2024-01-22,FR,1.99322391156384
2024-01-22,GB,2.20980789851283
2024-01-22,IE,4.1713159553113
2024-01-22,IT,2.39772150940898
2024-01-22,NL,2.00364302915696
2024-01-22,US,1.98235049492606
2024-01-23,AU,2.36889971322357
2024-01-23,CA,2.55599264925548
2024-01-23,DE,2.27032640245426
2024-01-23,FR,1.99221708548312
2024-01-23,GB,2.20584173568052
2024-01-23,IE,4.15464142349455
2024-01-23,IT,2.39187847936811
2024-01-23,NL,2.00548094782467
2024-01-23,US,1.98728711364869
2024-01-24,AU,2.36485811652342
2024-01-24,CA,2.55575302160541
2024-01-24,DE,2.27151624659589
2024-01-24,FR,1.99038813239801
2024-01-24,GB,2.20361139125477
2024-01-24,IE,4.15324557580505
2024-01-24,IT,2.38880573648057
2024-01-24,NL,2.00760260968943
2024-01-24,US,1.99271033841075
2024-01-25,AU,2.35318937878567
2024-01-25,CA,2.55161788688527
2024-01-25,DE,2.27315082349824
2024-01-25,FR,1.98952301100461
2024-01-25,GB,2.19937529172288
2024-01-25,IE,4.15661964278842
2024-01-25,IT,2.38563760175864
2024-01-25,NL,2.00490324815124
2024-01-25,US,1.99570710929262
2024-01-26,AU,2.34398961001692
2024-01-26,CA,2.54557633340888
2024-01-26,DE,2.27681386569224
2024-01-26,FR,1.9833261371953
2024-01-26,GB,2.19420251661064
2024-01-26,IE,4.1492488562038
2024-01-26,IT,2.37482479336287
2024-01-26,NL,2.00574159385254
2024-01-26,US,1.99775747321
2024-01-27,AU,2.34417163519042
2024-01-27,CA,2.54492536518435
2024-01-27,DE,2.27952681992789
2024-01-27,FR,1.97777858692855
2024-01-27,GB,2.19099931861098
2024-01-27,IE,4.16289956366574
2024-01-27,IT,2.36874881260276
2024-01-27,NL,2.00733562715089
2024-01-27,US,1.99982523293119
2024-01-28,AU,2.34633963449318
2024-01-28,CA,2.54652625028767
2024-01-28,DE,2.28311792469009
2024-01-28,FR,1.97103288613465
2024-01-28,GB,2.18675917189464
2024-01-28,IE,4.17145326856057
2024-01-28,IT,2.36276869904274
2024-01-28,NL,2.01040832436879
2024-01-28,US,2.00352373114357
2024-01-29,AU,2.34210005555696
2024-01-29,CA,2.54198364740873
2024-01-29,DE,2.28314752904099
2024-01-29,FR,1.96325445046171
2024-01-29,GB,2.18185675177727
2024-01-29,IE,4.18701051735008
2024-01-29,IT,2.35705427724101
2024-01-29,NL,2.01545014675071
2024-01-29,US,2.00693755438269
2024-01-30,AU,2.33410430626909
2024-01-30,CA,2.53826602034837
2024-01-30,DE,2.28231648497047
2024-01-30,FR,1.96168976234757
2024-01-30,GB,2.18205762317593
2024-01-30,IE,4.19939449392572
2024-01-30,IT,2.3528051882514
2024-01-30,NL,2.02065485471876
2024-01-30,US,2.01113038045852
2024-01-31,AU,2.32341289968193
2024-01-31,CA,2.5368491360486
2024-01-31,DE,2.2826578004463
2024-01-31,FR,1.95973257873533
2024-01-31,GB,2.1773308358675
2024-01-31,IE,4.18318934396725
2024-01-31,IT,2.35379955543409
2024-01-31,NL,2.02527253993624
2024-01-31,US,2.01253276946008
2024-02-01,AU,2.3196438336767
2024-02-01,CA,2.53488626294938
2024-02-01,DE,2.27911751283794
2024-02-01,FR,1.95944874768067
2024-02-01,GB,2.18242883736432
2024-02-01,IE,4.1805043052741
2024-02-01,IT,2.35052240863692
2024-02-01,NL,2.02994252824505
2024-02-01,US,2.01827792087398
2024-02-02,AU,2.31238637369507
2024-02-02,CA,2.52704485361578
2024-02-02,DE,2.2759376216556
2024-02-02,FR,1.96401143385456
2024-02-02,GB,2.18426241243939
2024-02-02,IE,4.16075345653944
2024-02-02,IT,2.35084901955981
2024-02-02,NL,2.03283586017605
2024-02-02,US,2.0225117720114
2024-02-03,AU,2.300630786885
2024-02-03,CA,2.5148837276241
2024-02-03,DE,2.27601276574173
2024-02-03,FR,1.9688146972708
2024-02-03,GB,2.19202523368673
2024-02-03,IE,4.16582224702297
2024-02-03,IT,2.353020649022
2024-02-03,NL,2.03319034892398
2024-02-03,US,2.02417815061956
2024-02-04,AU,2.28570658023049
2024-02-04,CA,2.49963343866192
2024-02-04,DE,2.2755998239559
2024-02-04,FR,1.9732264462607
2024-02-04,GB,2.19991843902966
2024-02-04,IE,4.16814481980666
2024-02-04,IT,2.35581665575891
2024-02-04,NL,2.03027420649374
2024-02-04,US,2.0246733105601
2024-02-05,AU,2.27399430598622
2024-02-05,CA,2.48917789231612
2024-02-05,DE,2.27780333875144
2024-02-05,FR,1.977314991501
2024-02-05,GB,2.21085451912887
2024-02-05,IE,4.16601657945723
2024-02-05,IT,2.36044680815787
2024-02-05,NL,2.0258586884598
2024-02-05,US,2.02514157644464
2024-02-06,AU,2.2671238227885
2024-02-06,CA,2.48781877128607
2024-02-06,DE,2.27855990499219
2024-02-06,FR,1.97596199412615
2024-02-06,GB,2.22060149940523
2024-02-06,IE,4.17757529253287
2024-02-06,IT,2.36486433956442
2024-02-06,NL,2.02147333400769
2024-02-06,US,2.02529613957994
2024-02-07,AU,2.26297814325025
2024-02-07,CA,2.48356696469568
2024-02-07,DE,2.2798059981088
2024-02-07,FR,1.97434251603091
2024-02-07,GB,2.23450281156527
2024-02-07,IE,4.19775619743039
2024-02-07,IT,2.36506299197768
2024-02-07,NL,2.01617648867492
2024-02-07,US,2.03085940566135
2024-02-08,AU,2.25825258920679
2024-02-08,CA,2.48767460781629
2024-02-08,DE,2.28669467603175
2024-02-08,FR,1.97280306398767
2024-02-08,GB,2.23866522394137
2024-02-08,IE,4.20414279035642
2024-02-08,IT,2.36582613499226
2024-02-08,NL,2.01281856993229
2024-02-08,US,2.03095885601081
2024-02-09,AU,2.25331138726432
2024-02-09,CA,2.49422915254605
2024-02-09,DE,2.29536513634271
2024-02-09,FR,1.97138731386959
2024-02-09,GB,2.24979899663686
2024-02-09,IE,4.23861152260823
2024-02-09,IT,2.36804129827809
2024-02-09,NL,2.01224909220306
2024-02-09,US,2.03418150443743
2024-02-10,AU,2.25112533195604
2024-02-10,CA,2.5058587258531
2024-02-10,DE,2.30328341835505
2024-02-10,FR,1.97026588792879
2024-02-10,GB,2.2523176373654
2024-02-10,IE,4.2430273171331
2024-02-10,IT,2.36127950087718
2024-02-10,NL,2.01027762171734
2024-02-10,US,2.0381759321496
2024-02-11,AU,2.25261345018987
2024-02-11,CA,2.51894124011997
2024-02-11,DE,2.31179427873927
2024-02-11,FR,1.97105730361428
2024-02-11,GB,2.2561275168121
2024-02-11,IE,4.25956192512865
2024-02-11,IT,2.35598960233741
2024-02-11,NL,2.01361181680278
2024-02-11,US,2.04278440399469
2024-02-12,AU,2.25515138260725
2024-02-12,CA,2.53073164304283
2024-02-12,DE,2.32038651913239
2024-02-12,FR,1.97173244932645
2024-02-12,GB,2.25951208194776
2024-02-12,IE,4.27680601731027
2024-02-12,IT,2.35396282022686
2024-02-12,NL,2.01771894303255
2024-02-12,US,2.04642620218764
2024-02-13,AU,2.24930178840324
2024-02-13,CA,2.53443194962136
2024-02-13,DE,2.32090146096994
2024-02-13,FR,1.9750505060812
2024-02-13,GB,2.25949436791101
2024-02-13,IE,4.27243426129972
2024-02-13,IT,2.35539418415828
2024-02-13,NL,2.01626491285941
2024-02-13,US,2.0504235108047
2024-02-14,AU,2.25130569707799
2024-02-14,CA,2.53835977045672
2024-02-14,DE,2.32202784148055
2024-02-14,FR,1.97347739908771
2024-02-14,GB,2.25964167357837
2024-02-14,IE,4.27535443333392
2024-02-14,IT,2.35499767352334
2024-02-14,NL,2.02196308583296
2024-02-14,US,2.05275485207687
2024-02-15,AU,2.24987333826271
2024-02-15,CA,2.53733534294529
2024-02-15,DE,2.31916222014444
2024-02-15,FR,1.97064116766519
2024-02-15,GB,2.26309473004181
2024-02-15,IE,4.27389034046386
2024-02-15,IT,2.35627869616122
2024-02-15,NL,2.02830787750237
2024-02-15,US,2.05704442441933
2024-02-16,AU,2.25335409681873
2024-02-16,CA,2.53363489325571
2024-02-16,DE,2.30886110078102
2024-02-16,FR,1.97005548005004
2024-02-16,GB,2.26349743663231
2024-02-16,IE,4.259629384454
2024-02-16,IT,2.35815107835135
2024-02-16,NL,2.02720817466969
2024-02-16,US,2.05889715790672
2024-02-17,AU,2.25679885372996
2024-02-17,CA,2.51791438407423
2024-02-17,DE,2.29333102066498
2024-02-17,FR,1.9639634281174
2024-02-17,GB,2.25452446239275
2024-02-17,IE,4.22493115962197
2024-02-17,IT,2.3589835518893
2024-02-17,NL,2.02178228152061
2024-02-17,US,2.05684631981668
2024-02-18,AU,2.26207851450077
2024-02-18,CA,2.50815116617021
2024-02-18,DE,2.28066397295018
2024-02-18,FR,1.95881485067221
2024-02-18,GB,2.25790994317726
2024-02-18,IE,4.20958065513027
2024-02-18,IT,2.36467925833065
2024-02-18,NL,2.02020420370269
2024-02-18,US,2.05721844347259
2024-02-19,AU,2.27098262960109
2024-02-19,CA,2.50229361594604
2024-02-19,DE,2.2683593626553
2024-02-19,FR,1.95416419686749
2024-02-19,GB,2.25969548910777
2024-02-19,IE,4.19645630453318
2024-02-19,IT,2.36465446119229
2024-02-19,NL,2.02033228074985
2024-02-19,US,2.05851923237613
2024-02-20,AU,2.28832725436197
2024-02-20,CA,2.49257924133073
2024-02-20,DE,2.26583923632275
2024-02-20,FR,1.94484775072085
2024-02-20,GB,2.26262609404877
2024-02-20,IE,4.1778202316747
2024-02-20,IT,2.36695991283199
2024-02-20,NL,2.02248288125242
2024-02-20,US,2.05760027651048
2024-02-21,AU,2.2971329119097
2024-02-21,CA,2.48545529032927
2024-02-21,DE,2.26131841244789
2024-02-21,FR,1.94033611710701
2024-02-21,GB,2.26713577569728
2024-02-21,IE,4.16433478262956
2024-02-21,IT,2.37221749598357
2024-02-21,NL,2.01798575819754
2024-02-21,US,2.05568692317227
2024-02-22,AU,2.30393186909196
2024-02-22,CA,2.48040931269643
2024-02-22,DE,2.25568294063987
2024-02-22,FR,1.93908452604823
2024-02-22,GB,2.26813217895613
2024-02-22,IE,4.15640640797018
2024-02-22,IT,2.37419261780087
2024-02-22,NL,2.01139171063444
2024-02-22,US,2.0554035024265
2024-02-23,AU,2.31318833261028
2024-02-23,CA,2.48152866364511
2024-02-23,DE,2.25562011999393
2024-02-23,FR,1.93430550131956
2024-02-23,GB,2.27081420111734
2024-02-23,IE,4.18187686075545
2024-02-23,IT,2.36889356803883
2024-02-23,NL,2.00788607922803
2024-02-23,US,2.05703847385074
2024-02-24,AU,2.32136351330022
2024-02-24,CA,2.49429358505596
2024-02-24,DE,2.25720725109774
2024-02-24,FR,1.93368639787957
2024-02-24,GB,2.28005856031132
2024-02-24,IE,4.20326674746641
2024-02-24,IT,2.36958588871835
2024-02-24,NL,2.00856272026131
2024-02-24,US,2.06169902548956
2024-02-25,AU,2.3268721533958
2024-02-25,CA,2.49868903759042
2024-02-25,DE,2.25846190673712
2024-02-25,FR,1.93139513704529
2024-02-25,GB,2.27742575276575
2024-02-25,IE,4.20514405784745
2024-02-25,IT,2.36338030371402
2024-02-25,NL,2.00481870618084
2024-02-25,US,2.0651544027621
2024-02-26,AU,2.32833616264322
2024-02-26,CA,2.50080488475971
2024-02-26,DE,2.25655337850606
2024-02-26,FR,1.92964069006401
2024-02-26,GB,2.27491790349523
2024-02-26,IE,4.20066357764527
2024-02-26,IT,2.35567191601608
2024-02-26,NL,1.99979940237307
2024-02-26,US,2.06780159107464
2024-02-27,AU,2.32718973761187
2024-02-27,CA,2.50275593228338
2024-02-27,DE,2.25347994232062
2024-02-27,FR,1.93353547022123
2024-02-27,GB,2.27726900833597
2024-02-27,IE,4.2081312317297
2024-02-27,IT,2.34423459758759
2024-02-27,NL,1.99739185120106
2024-02-27,US,2.07260446234106
2024-02-28,AU,2.34219576122217
2024-02-28,CA,2.5063266018712
2024-02-28,DE,2.25529243265026
2024-02-28,FR,1.94010053882007
2024-02-28,GB,2.27817940421189
2024-02-28,IE,4.20904085700756
2024-02-28,IT,2.33346202802327
2024-02-28,NL,1.99567957959425
2024-02-28,US,2.07534197824592
2024-02-29,AU,2.35197761879835
2024-02-29,CA,2.50907254355368
2024-02-29,DE,2.25976492071068
2024-02-29,FR,1.94288853664999
2024-02-29,GB,2.27787514479204
2024-02-29,IE,4.21264276424769
2024-02-29,IT,2.32524423454461
2024-02-29,NL,1.99284899508079
2024-02-29,US,2.07448105271639
2024-03-01,AU,2.35977655257374
2024-03-01,CA,2.51435463244699
2024-03-01,DE,2.26462648316842
2024-03-01,FR,1.94548657086097
2024-03-01,GB,2.28151131282549
2024-03-01,IE,4.21139871288635
2024-03-01,IT,2.32592721990985
2024-03-01,NL,1.98876813425844
2024-03-01,US,2.07617742882258
2024-03-02,AU,2.36682628636335
2024-03-02,CA,2.51247591551023
2024-03-02,DE,2.2656919192426
2024-03-02,FR,1.9459901240436
2024-03-02,GB,2.28415139125953
2024-03-02,IE,4.18284264841071
2024-03-02,IT,2.32381468351666
2024-03-02,NL,1.9830468923157
2024-03-02,US,2.07634835558967
2024-03-03,AU,2.37244517074809
2024-03-03,CA,2.51011369826679
2024-03-03,DE,2.26535183085219
2024-03-03,FR,1.94941783211701
2024-03-03,GB,2.28881402756767
2024-03-03,IE,4.17417661889026
2024-03-03,IT,2.32216536533803
2024-03-03,NL,1.98004871834232
2024-03-03,US,2.07551145026735
2024-03-04,AU,2.3825608602911
2024-03-04,CA,2.50897161850979
2024-03-04,DE,2.26919660604262
2024-03-04,FR,1.9544621696958
2024-03-04,GB,2.29399610012746
2024-03-04,IE,4.17459549610221
2024-03-04,IT,2.3259635702384
2024-03-04,NL,1.97592274156166
2024-03-04,US,2.07574503952206
2024-03-05,AU,2.39439541353757
2024-03-05,CA,2.51371383754178
2024-03-05,DE,2.27299202143364
2024-03-05,FR,1.95756893325046
2024-03-05,GB,2.29601665524224
2024-03-05,IE,4.1701396821757
2024-03-05,IT,2.33056684676043
2024-03-05,NL,1.97066938077512
2024-03-05,US,2.07442418453061
2024-03-06,AU,2.39532518905961
2024-03-06,CA,2.5092163972303
2024-03-06,DE,2.27400224973667
2024-03-06,FR,1.95938630122357
2024-03-06,GB,2.29811388551107
2024-03-06,IE,4.16812968886917
2024-03-06,IT,2.3305585687099
2024-03-06,NL,1.96615356832677
2024-03-06,US,2.07293560801986
2024-03-07,AU,2.4038387713607
2024-03-07,CA,2.50356050136938
2024-03-07,DE,2.28006305977914
2024-03-07,FR,1.96062601429535
2024-03-07,GB,2.30125174226235
2024-03-07,IE,4.17196491727286
2024-03-07,IT,2.3298329308054
2024-03-07,NL,1.96293560602391
2024-03-07,US,2.07112721783295
2024-03-08,AU,2.41485318460498
2024-03-08,CA,2.49301552572763
2024-03-08,DE,2.28107894163553
2024-03-08,FR,1.96292013276816
2024-03-08,GB,2.30084916066661
2024-03-08,IE,4.16695430347314
2024-03-08,IT,2.33062844798224
2024-03-08,NL,1.96205126802816
2024-03-08,US,2.06691909750683
2024-03-09,AU,2.42545149556886
2024-03-09,CA,2.49076822503295
2024-03-09,DE,2.28670900117069
2024-03-09,FR,1.96803269915977
2024-03-09,GB,2.30476384190542
2024-03-09,IE,4.19843308218934
2024-03-09,IT,2.3378597671638
2024-03-09,NL,1.96843032946839
2024-03-09,US,2.06477704434812
2024-03-10,AU,2.43732745375913
2024-03-10,CA,2.49213898756984
2024-03-10,DE,2.28951292349899
2024-03-10,FR,1.97103923203079
2024-03-10,GB,2.30511030904208
2024-03-10,IE,4.21174395376487
2024-03-10,IT,2.34403828961625
2024-03-10,NL,1.97081932851082
2024-03-10,US,2.06230126084897
2024-03-11,AU,2.44447844730151
2024-03-11,CA,2.49273069955697
2024-03-11,DE,2.28785381902118
2024-03-11,FR,1.97157128015354
2024-03-11,GB,2.3028549869984
2024-03-11,IE,4.22495260910102
2024-03-11,IT,2.348038846578
2024-03-11,NL,1.97543117329693
2024-03-11,US,2.05976745438706
2024-03-12,AU,2.45123100753994
2024-03-12,CA,2.4941699990954
2024-03-12,DE,2.28718729286136
2024-03-12,FR,1.97209507427636
2024-03-12,GB,2.3003128616653
2024-03-12,IE,4.25176177445501
2024-03-12,IT,2.34872696368119
2024-03-12,NL,1.97907607529436
2024-03-12,US,2.05711801533166
2024-03-13,AU,2.45269286027553
2024-03-13,CA,2.4976881877546
2024-03-13,DE,2.28494240488904
2024-03-13,FR,1.9718238748343
2024-03-13,GB,2.29993970173998
2024-03-13,IE,4.2721825756396
2024-03-13,IT,2.35021937124207
2024-03-13,NL,1.9821204094349
2024-03-13,US,2.05676886020825
2024-03-14,AU,2.45775142466469
2024-03-14,CA,2.50260211634672
2024-03-14,DE,2.27610594157692
2024-03-14,FR,1.97188524681356
2024-03-14,GB,2.29909106338941
2024-03-14,IE,4.28334970571926
2024-03-14,IT,2.34949182277009
2024-03-14,NL,1.9860505034504
2024-03-14,US,2.05701766895222
2024-03-15,AU,2.45899010150565
2024-03-15,CA,2.50877919702346
2024-03-15,DE,2.26764336810186
2024-03-15,FR,1.97297378433819
2024-03-15,GB,2.29498896691861
2024-03-15,IE,4.29427369795914
2024-03-15,IT,2.34629560536198
2024-03-15,NL,1.99041299573051
2024-03-15,US,2.0572010628685
2024-03-16,AU,2.45884064593708
2024-03-16,CA,2.50794826830429
2024-03-16,DE,2.26071932482353
2024-03-16,FR,1.97283571489032
2024-03-16,GB,2.28765819890885
2024-03-16,IE,4.3139757458615
2024-03-16,IT,2.33998306007064
2024-03-16,NL,1.98964212524216
2024-03-16,US,2.05697565386343
2024-03-17,AU,2.45925520510357
2024-03-17,CA,2.50774498518855
2024-03-17,DE,2.25484235297361
2024-03-17,FR,1.96912146140077
2024-03-17,GB,2.2908977566167
2024-03-17,IE,4.33099510642103
2024-03-17,IT,2.33816577043879
2024-03-17,NL,1.99226942710348
2024-03-17,US,2.05788444912655
2024-03-18,AU,2.46291413965028
2024-03-18,CA,2.50715352074481
2024-03-18,DE,2.25210137203574
2024-03-18,FR,1.97077825875248
2024-03-18,GB,2.29470520703191
2024-03-18,IE,4.33990827014844
2024-03-18,IT,2.33444544952564
2024-03-18,NL,1.9950127317617
2024-03-18,US,2.05865043517417
2024-03-19,AU,2.46196852397356
2024-03-19,CA,2.50477579486719
2024-03-19,DE,2.24628080473744
2024-03-19,FR,1.96992291042811
2024-03-19,GB,2.29918526452467
2024-03-19,IE,4.34785760957411
2024-03-19,IT,2.33091583280873
2024-03-19,NL,2.00214953452677
2024-03-19,US,2.0574264890555
2024-03-20,AU,2.46736596293867
2024-03-20,CA,2.50872536684345
2024-03-20,DE,2.24582824756863
2024-03-20,FR,1.96899808575481
2024-03-20,GB,2.29836840712681
2024-03-20,IE,4.35275091181574
2024-03-20,IT,2.3284386053922
2024-03-20,NL,2.01116015825378
2024-03-20,US,2.05442010060979
2024-03-21,AU,2.46409883696085
2024-03-21,CA,2.51538694853378
2024-03-21,DE,2.24424865152624
2024-03-21,FR,1.96971753485727
2024-03-21,GB,2.29659034826937
2024-03-21,IE,4.34667621677729
2024-03-21,IT,2.32869540354648
2024-03-21,NL,2.01864367722833
2024-03-21,US,2.05107802449879
2024-03-22,AU,2.46549198061499
2024-03-22,CA,2.5236469222709
2024-03-22,DE,2.24299143748072
2024-03-22,FR,1.96975839681671
2024-03-22,GB,2.30110092389553
2024-03-22,IE,4.3474728152452
2024-03-22,IT,2.32904152758617
2024-03-22,NL,2.0236661845243
2024-03-22,US,2.04960277731225
2024-03-23,AU,2.44415602927976
2024-03-23,CA,2.53273928865912
2024-03-23,DE,2.23903857312196
2024-03-23,FR,1.9685148903247
2024-03-23,GB,2.31051662762097
2024-03-23,IE,4.36647401147074
2024-03-23,IT,2.32981981886589
2024-03-23,NL,2.02916933229788
2024-03-23,US,2.04756347012153
2024-03-24,AU,2.42229455810217
2024-03-24,CA,2.53908443645112
2024-03-24,DE,2.23404019583863
2024-03-24,FR,1.97086014332847
2024-03-24,GB,2.30749440710956
2024-03-24,IE,4.37010523034206
2024-03-24,IT,2.32658974762715
2024-03-24,NL,2.03296238426683
2024-03-24,US,2.04400499392648
2024-03-25,AU,2.3994041566386
2024-03-25,CA,2.54528243243194
2024-03-25,DE,2.22952118426408
2024-03-25,FR,1.96955694142376
2024-03-25,GB,2.30582142333372
2024-03-25,IE,4.36548257512313
2024-03-25,IT,2.32377557896461
2024-03-25,NL,2.03511098038733
2024-03-25,US,2.04140083068179
2024-03-26,AU,2.37811022078815
2024-03-26,CA,2.55021901455496
2024-03-26,DE,2.23013564582988
2024-03-26,FR,1.96965463632035
2024-03-26,GB,2.30406747358631
2024-03-26,IE,4.36649358851117
2024-03-26,IT,2.32956459997378
2024-03-26,NL,2.03442230364343
2024-03-26,US,2.04105750516138
2024-03-27,AU,2.3550167066244
2024-03-27,CA,2.55304980078415
2024-03-27,DE,2.22798299097835
2024-03-27,FR,1.97129128217349
2024-03-27,GB,2.30637074908649
2024-03-27,IE,4.36390370854185
2024-03-27,IT,2.33501240987451
2024-03-27,NL,2.03289241350796
2024-03-27,US,2.04374395661631
2024-03-28,AU,2.34136912350555
2024-03-28,CA,2.55453474265103
2024-03-28,DE,2.22397239005301
2024-03-28,FR,1.971543522082
2024-03-28,GB,2.31257435022539
2024-03-28,IE,4.38447749594844
2024-03-28,IT,2.34049465526261
2024-03-28,NL,2.0323866362859
2024-03-28,US,2.04680649479584
2024-03-29,AU,2.32581824650028
2024-03-29,CA,2.55621824730983
2024-03-29,DE,2.22342685749573
2024-03-29,FR,1.97264823117656
2024-03-29,GB,2.31172264164046
2024-03-29,IE,4.39398250057386
2024-03-29,IT,2.34484956980929
2024-03-29,NL,2.03294064692365
2024-03-29,US,2.0478262231458
2024-03-30,AU,2.33404879235237
2024-03-30,CA,2.55833472637169
2024-03-30,DE,2.22955838928381
2024-03-30,FR,1.97635749473891
2024-03-30,GB,2.31479493633271
2024-03-30,IE,4.39213401206808
2024-03-30,IT,2.35525462342896
2024-03-30,NL,2.03162530641711
2024-03-30,US,2.04883743596936
2024-03-31,AU,2.3419119819783
2024-03-31,CA,2.55968437888228
2024-03-31,DE,2.23216014711085
2024-03-31,FR,1.98073163837034
2024-03-31,GB,2.32098275664005
2024-03-31,IE,4.38677308453457
2024-03-31,IT,2.36392463598473
2024-03-31,NL,2.03083572870173
2024-03-31,US,2.05003241858708
2024-04-01,AU,2.35110370166894
2024-04-01,CA,2.56122178729962
2024-04-01,DE,2.23604806350823
2024-04-01,FR,1.98304127406828
2024-04-01,GB,2.32979639023317
2024-04-01,IE,4.39683248083534
2024-04-01,IT,2.37350943540017
2024-04-01,NL,2.02719714862159
2024-04-01,US,2.04796550325097
2024-04-02,AU,2.35778892679414
2024-04-02,CA,2.56391959177799
2024-04-02,DE,2.23779257639545
2024-04-02,FR,1.99283597901863
2024-04-02,GB,2.34009009065851
2024-04-02,IE,4.39401092815185
2024-04-02,IT,2.38062687103652
2024-04-02,NL,2.02453426060754
2024-04-02,US,2.04707755523579
2024-04-03,AU,2.37008895310902
2024-04-03,CA,2.56588394381492
2024-04-03,DE,2.23955215604685
2024-04-03,FR,2.00156466766999
2024-04-03,GB,2.34401235581883
2024-04-03,IE,4.41736295874629
2024-04-03,IT,2.38315323574207
2024-04-03,NL,2.02151491247525
2024-04-03,US,2.0449738368608
2024-04-04,AU,2.38177028743208
2024-04-04,CA,2.56515971907324
2024-04-04,DE,2.24512076827883
2024-04-04,FR,2.01318002105889
2024-04-04,GB,2.34532574197566
2024-04-04,IE,4.43735519240552
2024-04-04,IT,2.3873406489016
2024-04-04,NL,2.01727221634129
2024-04-04,US,2.04434473937533
2024-04-05,AU,2.38898984917432
2024-04-05,CA,2.56550333001341
2024-04-05,DE,2.24512142984933
2024-04-05,FR,2.02193070732147
2024-04-05,GB,2.34646899799767
2024-04-05,IE,4.47177987918697
2024-04-05,IT,2.38992611872747
2024-04-05,NL,2.01462262038207
2024-04-05,US,2.04151144929936
2024-04-06,AU,2.39656598914697
2024-04-06,CA,2.56297196664446
2024-04-06,DE,2.23957598340149
2024-04-06,FR,2.02966706673455
2024-04-06,GB,2.34117757788806
2024-04-06,IE,4.49799569543716
2024-04-06,IT,2.380107414739
2024-04-06,NL,2.01430788607796
2024-04-06,US,2.04016964866409
2024-04-07,AU,2.40522034812958
2024-04-07,CA,2.56131434979865
2024-04-07,DE,2.23685876982913
2024-04-07,FR,2.03686400454698
2024-04-07,GB,2.33785767435351
2024-04-07,IE,4.53466502529865
2024-04-07,IT,2.37270550316637
2024-04-07,NL,2.01352026598221
2024-04-07,US,2.03692711315969
2024-04-08,AU,2.41163743795278
2024-04-08,CA,2.55877741100874
2024-04-08,DE,2.22935633804027
2024-04-08,FR,2.04637610758997
2024-04-08,GB,2.33073971091428
2024-04-08,IE,4.56874091320796
2024-04-08,IT,2.36407709378862
2024-04-08,NL,2.01304196583547
2024-04-08,US,2.0361113389717
2024-04-09,AU,2.4270860622002
2024-04-09,CA,2.55416220550694
2024-04-09,DE,2.21816761721114
2024-04-09,FR,2.04585358653724
2024-04-09,GB,2.32294945231291
2024-04-09,IE,4.60295620621964
2024-04-09,IT,2.35267615855973
2024-04-09,NL,2.01156002628294
2024-04-09,US,2.03463005983295
2024-04-10,AU,2.43693102085902
2024-04-10,CA,2.5521792924777
2024-04-10,DE,2.20795875425568
2024-04-10,FR,2.04401166668171
2024-04-10,GB,2.32114016475804
2024-04-10,IE,4.60205671514845
2024-04-10,IT,2.3459700685898
2024-04-10,NL,2.00390611461398
2024-04-10,US,2.0319794038738
2024-04-11,AU,2.42740831477851
2024-04-11,CA,2.55342967159454
2024-04-11,DE,2.1981935288688
2024-04-11,FR,2.04167999659232
2024-04-11,GB,2.31864933688397
2024-04-11,IE,4.60474052052253
2024-04-11,IT,2.34234129858184
2024-04-11,NL,2.00306637108018
2024-04-11,US,2.02988953693246
2024-04-12,AU,2.41593116005419
2024-04-12,CA,2.55227070780035
2024-04-12,DE,2.19666939823261
2024-04-12,FR,2.03928240107551
2024-04-12,GB,2.32100081213284
2024-04-12,IE,4.6068033170659
2024-04-12,IT,2.33910650555546
2024-04-12,NL,2.00257914959757
2024-04-12,US,2.03135493335677
2024-04-13,AU,2.40351200098079
2024-04-13,CA,2.5512347281474
2024-04-13,DE,2.19578500337713
2024-04-13,FR,2.03769259069784
2024-04-13,GB,2.32417449090054
2024-04-13,IE,4.57191429199902
2024-04-13,IT,2.34347771151818
2024-04-13,NL,2.00262058797524
2024-04-13,US,2.0303326816294
2024-04-14,AU,2.38984157711139
2024-04-14,CA,2.54968378609448
2024-04-14,DE,2.19721680656875
2024-04-14,FR,2.03560193094228
2024-04-14,GB,2.32748360676111
2024-04-14,IE,4.56703813748654
2024-04-14,IT,2.34887688812063
2024-04-14,NL,2.00239137713743
2024-04-14,US,2.03087455380467
2024-04-15,AU,2.37659111253653
2024-04-15,CA,2.54829061780709
2024-04-15,DE,2.20044012957866
2024-04-15,FR,2.03180548688525
2024-04-15,GB,2.33083975468779
2024-04-15,IE,4.55372891896781
2024-04-15,IT,2.35623062397297
2024-04-15,NL,2.00368068840444
2024-04-15,US,2.03096987546314
2024-04-16,AU,2.36131367785997
2024-04-16,CA,2.54536191596209
2024-04-16,DE,2.206080808674
2024-04-16,FR,2.0304242280141
2024-04-16,GB,2.3326135045416
2024-04-16,IE,4.55441343884718
2024-04-16,IT,2.3584856195628
2024-04-16,NL,2.00225891608721
2024-04-16,US,2.03046323941808
2024-04-17,AU,2.34462410709988
2024-04-17,CA,2.54317245554302
2024-04-17,DE,2.20660777332322
2024-04-17,FR,2.03193437960173
2024-04-17,GB,2.33667930271874
2024-04-17,IE,4.593080713692
2024-04-17,IT,2.36404615484958
2024-04-17,NL,2.00970957161727
2024-04-17,US,2.03315326127264
2024-04-18,AU,2.34303891250093
2024-04-18,CA,2.53902336661742
2024-04-18,DE,2.20835363859239
2024-04-18,FR,2.0349975578541
2024-04-18,GB,2.34188599352087
2024-04-18,IE,4.61180752853105
2024-04-18,IT,2.36530063641151
2024-04-18,NL,2.01354888698311
2024-04-18,US,2.03544986937102
2024-04-19,AU,2.34070494535804
2024-04-19,CA,2.5372236861284
2024-04-19,DE,2.20527800962006
2024-04-19,FR,2.03960115003384
2024-04-19,GB,2.34676899964304
2024-04-19,IE,4.62304189591845
2024-04-19,IT,2.36299502803809
2024-04-19,NL,2.01523870368172
2024-04-19,US,2.0356588727617
2024-04-20,AU,2.33958829638625
2024-04-20,CA,2.53878750586112
2024-04-20,DE,2.20165175787811
2024-04-20,FR,2.03721867236948
2024-04-20,GB,2.34784870863856
2024-04-20,IE,4.64410258182877
2024-04-20,IT,2.35383585444662
2024-04-20,NL,2.01002078183629
2024-04-20,US,2.03325574256137
2024-04-21,AU,2.34244175004508
2024-04-21,CA,2.54259606636251
2024-04-21,DE,2.20121286680129
2024-04-21,FR,2.03843068607543
2024-04-21,GB,2.35367498989581
2024-04-21,IE,4.66057984680215
2024-04-21,IT,2.34868780727474
2024-04-21,NL,2.0097636867661
2024-04-21,US,2.03412918655517
2024-04-22,AU,2.34757015207851
2024-04-22,CA,2.5481105305747
2024-04-22,DE,2.20185655352997
2024-04-22,FR,2.03990373202915
2024-04-22,GB,2.36062990689382
2024-04-22,IE,4.68677091124413
2024-04-22,IT,2.34450653754368
2024-04-22,NL,2.01074171548514
2024-04-22,US,2.03531029338969
2024-04-23,AU,2.34645451265367
2024-04-23,CA,2.55828103604436
2024-04-23,DE,2.20719788031088
2024-04-23,FR,2.04463017180477
2024-04-23,GB,2.36643922553542
2024-04-23,IE,4.70774454141865
2024-04-23,IT,2.33854663188588
2024-04-23,NL,2.01408595579069
2024-04-23,US,2.03658503541581
2024-04-24,AU,2.34681202648625
2024-04-24,CA,2.5635283470531
2024-04-24,DE,2.21163981837994
2024-04-24,FR,2.04397834005284
2024-04-24,GB,2.36688082255222
2024-04-24,IE,4.71363103881423
2024-04-24,IT,2.32725861663225
2024-04-24,NL,2.0166630605099
2024-04-24,US,2.03244276934824
2024-04-25,AU,2.34451329651623
2024-04-25,CA,2.5702649530904
2024-04-25,DE,2.21563404081467
2024-04-25,FR,2.04334607277782
2024-04-25,GB,2.36880472502154
2024-04-25,IE,4.70258683340732
2024-04-25,IT,2.31683867597253
2024-04-25,NL,2.01657206722966
2024-04-25,US,2.02794416057048
2024-04-26,AU,2.34603706738692
2024-04-26,CA,2.57439944843712
2024-04-26,DE,2.22049290794399
2024-04-26,FR,2.04281500155628
2024-04-26,GB,2.37046266993067
2024-04-26,IE,4.7064746402118
2024-04-26,IT,2.31210533225265
2024-04-26,NL,2.01753442487664
2024-04-26,US,2.02148857621023
2024-04-27,AU,2.34835174646348
2024-04-27,CA,2.57907644188944
2024-04-27,DE,2.22643996930009
2024-04-27,FR,2.04843643280734
2024-04-27,GB,2.37413010300753
2024-04-27,IE,4.72304997243864
2024-04-27,IT,2.31156709707307
2024-04-27,NL,2.0214991646686
2024-04-27,US,2.02217459320256
2024-04-28,AU,2.3503391130387
2024-04-28,CA,2.58110907367333
2024-04-28,DE,2.22686321578726
2024-04-28,FR,2.05143349584256
2024-04-28,GB,2.37146765064571
2024-04-28,IE,4.72312040091441
2024-04-28,IT,2.30692069316044
2024-04-28,NL,2.02077048801302
2024-04-28,US,2.020272105868
2024-04-29,AU,2.34550369238831
2024-04-29,CA,2.58253071176652
2024-04-29,DE,2.2281839748718
2024-04-29,FR,2.05394429146094
2024-04-29,GB,2.37376086595069
2024-04-29,IE,4.7079929862303
2024-04-29,IT,2.29924714608198
2024-04-29,NL,2.01892604151066
2024-04-29,US,2.01743819399205
2024-04-30,AU,2.3448979907721
2024-04-30,CA,2.58495971162628
2024-04-30,DE,2.22298279277159
2024-04-30,FR,2.05363086842705
2024-04-30,GB,2.3780101702059
2024-04-30,IE,4.67590472372416
2024-04-30,IT,2.29490144465017
2024-04-30,NL,2.01684574233273
2024-04-30,US,2.01649522270221
2024-05-01,AU,2.34347558618347
2024-05-01,CA,2.59171804328719
2024-05-01,DE,2.22268912782349
2024-05-01,FR,2.05711164305449
2024-05-01,GB,2.38782222786261
2024-05-01,IE,4.62934732030577
2024-05-01,IT,2.29237456067387
2024-05-01,NL,2.00514210525822
2024-05-01,US,2.01900378112045
2024-05-02,AU,2.34570811023807
2024-05-02,CA,2.59961679670253
2024-05-02,DE,2.21867694006367
2024-05-02,FR,2.05991132241757
2024-05-02,GB,2.39407761869386
2024-05-02,IE,4.61027708358453
2024-05-02,IT,2.29131691199003
2024-05-02,NL,1.99997440961796
2024-05-02,US,2.02089059698618
2024-05-03,AU,2.35211287126645
2024-05-03,CA,2.60867179599945
2024-05-03,DE,2.21683080797362
2024-05-03,FR,2.06108523408539
2024-05-03,GB,2.39949678335712
2024-05-03,IE,4.57642469617768
2024-05-03,IT,2.28549871443039
2024-05-03,NL,1.99386501374562
2024-05-03,US,2.02303357103477
2024-05-04,AU,2.35379153245074
2024-05-04,CA,2.61611256803954
2024-05-04,DE,2.21599978342023
2024-05-04,FR,2.06399599334434
2024-05-04,GB,2.40857117630372
2024-05-04,IE,4.53600183533254
2024-05-04,IT,2.28228048957885
2024-05-04,NL,1.99256142441379
2024-05-04,US,2.02421717309614
2024-05-05,AU,2.35142720318012
2024-05-05,CA,2.62502406575359
2024-05-05,DE,2.21573341764933
2024-05-05,FR,2.06648341369996
2024-05-05,GB,2.41697398821344
2024-05-05,IE,4.50572580286595
2024-05-05,IT,2.27660743778885
2024-05-05,NL,1.99040461879805
2024-05-05,US,2.02479871167587
2024-05-06,AU,2.35817479989246
2024-05-06,CA,2.62993931823438
2024-05-06,DE,2.21431909174995
2024-05-06,FR,2.07009077020747
2024-05-06,GB,2.41741877684494
2024-05-06,IE,4.4775107062289
2024-05-06,IT,2.27269834776343
2024-05-06,NL,1.98805378832402
2024-05-06,US,2.02647276800196
2024-05-07,AU,2.36461607697073
2024-05-07,CA,2.6375453578915
2024-05-07,DE,2.2114472233602
2024-05-07,FR,2.07395156134275
2024-05-07,GB,2.42114043938655
2024-05-07,IE,4.47868098988721
2024-05-07,IT,2.27012313172063
2024-05-07,NL,1.98386015669623
2024-05-07,US,2.02679959503414
2024-05-08,AU,2.36507099216177
2024-05-08,CA,2.64492591975795
2024-05-08,DE,2.20758534250177
2024-05-08,FR,2.07873586114213
2024-05-08,GB,2.4192294814021
2024-05-08,IE,4.46022061467413
2024-05-08,IT,2.27387469933817
2024-05-08,NL,1.98693479988784
2024-05-08,US,2.02699761952246
2024-05-09,AU,2.36762216954124
2024-05-09,CA,2.651010679132
2024-05-09,DE,2.20736849852158
2024-05-09,FR,2.0839681211227
2024-05-09,GB,2.42103828463388
2024-05-09,IE,4.47362880706021
2024-05-09,IT,2.27610898689726
2024-05-09,NL,1.98858206281701
2024-05-09,US,2.02741104048277
2024-05-10,AU,2.36986671870256
2024-05-10,CA,2.65651915212088
2024-05-10,DE,2.20475964194099
2024-05-10,FR,2.09046881513686
2024-05-10,GB,2.42496719140067
2024-05-10,IE,4.47946731357161
2024-05-10,IT,2.28274200038759
2024-05-10,NL,1.98942516154248
2024-05-10,US,2.03156385895839
2024-05-11,AU,2.37543139199542
2024-05-11,CA,2.66011840487399
2024-05-11,DE,2.20344198056568
2024-05-11,FR,2.09433782550683
2024-05-11,GB,2.42725938593844
2024-05-11,IE,4.49079417336044
2024-05-11,IT,2.2876263871073
2024-05-11,NL,1.98917573637321
2024-05-11,US,2.03375605214519
2024-05-12,AU,2.38076286975084
2024-05-12,CA,2.66229459014995
2024-05-12,DE,2.20090828906433
2024-05-12,FR,2.09876534352036
2024-05-12,GB,2.43011772905505
2024-05-12,IE,4.50277195042212
2024-05-12,IT,2.29241282867643
2024-05-12,NL,1.98922983277414
2024-05-12,US,2.03672844456998
2024-05-13,AU,2.37873836409168
2024-05-13,CA,2.66974299974779
2024-05-13,DE,2.19920258375423
2024-05-13,FR,2.10395696212315
2024-05-13,GB,2.43657848196186
2024-05-13,IE,4.52563184955162
2024-05-13,IT,2.30108447428992
2024-05-13,NL,1.99137347899045
2024-05-13,US,2.03961299439047
2024-05-14,AU,2.37673884551451
2024-05-14,CA,2.67189409266627
2024-05-14,DE,2.19793624200152
2024-05-14,FR,2.10794482033352
2024-05-14,GB,2.43986854450141
2024-05-14,IE,4.534118354963
2024-05-14,IT,2.31040710830635
2024-05-14,NL,1.99297045508991
2024-05-14,US,2.04263670345596
2024-05-15,AU,2.38422131178718
2024-05-15,CA,2.67457349543101
2024-05-15,DE,2.19695594045952
2024-05-15,FR,2.11054182512285
2024-05-15,GB,2.44183400954718
2024-05-15,IE,4.55317160100016
2024-05-15,IT,2.31177405234379
2024-05-15,NL,1.99639146844489
2024-05-15,US,2.04794740546578
2024-05-16,AU,2.38854017283513
2024-05-16,CA,2.67471846159857
2024-05-16,DE,2.19806294930173
2024-05-16,FR,2.11055093421712
2024-05-16,GB,2.44124963920245
2024-05-16,IE,4.55131869260826
2024-05-16,IT,2.31356998803662
2024-05-16,NL,1.99373065302647
2024-05-16,US,2.0535814395494
2024-05-17,AU,2.38697632305781
2024-05-17,CA,2.6797571977102
2024-05-17,DE,2.20111927239886
2024-05-17,FR,2.11101879733673
2024-05-17,GB,2.4380465963695
2024-05-17,IE,4.56004990477606
2024-05-17,IT,2.31622614132317
2024-05-17,NL,1.99256000766759
2024-05-17,US,2.05852995708188
2024-05-18,AU,2.37624763726179
2024-05-18,CA,2.67931016294729
2024-05-18,DE,2.19509461302815
2024-05-18,FR,2.11159670007626
2024-05-18,GB,2.42133950701669
2024-05-18,IE,4.5118216674679
2024-05-18,IT,2.31276557823546
2024-05-18,NL,1.98369120465036
2024-05-18,US,2.05751890594443
2024-05-19,AU,2.36914522196806
2024-05-19,CA,2.67440734351125
2024-05-19,DE,2.19173583758661
2024-05-19,FR,2.10904318689111
2024-05-19,GB,2.39914889287674
2024-05-19,IE,4.44541659226941
2024-05-19,IT,2.30629724921445
2024-05-19,NL,1.97399484459707
2024-05-19,US,2.05623046640269
2024-05-20,AU,2.36682121121962
2024-05-20,CA,2.66861000225861
2024-05-20,DE,2.18761143900064
2024-05-20,FR,2.10699131718221
2024-05-20,GB,2.37601465344965
2024-05-20,IE,4.38192347315228
2024-05-20,IT,2.29991578259867
2024-05-20,NL,1.96358721030519
2024-05-20,US,2.05400936954187
2024-05-21,AU,2.36060809556379
2024-05-21,CA,2.65779671448937
2024-05-21,DE,2.18589794113067
2024-05-21,FR,2.10421221338561
2024-05-21,GB,2.35169110285407
2024-05-21,IE,4.30549823004782
2024-05-21,IT,2.29354403634698
2024-05-21,NL,1.95596633135499
2024-05-21,US,2.05185866696015
2024-05-22,AU,2.35182565097471
2024-05-22,CA,2.65117728511675
2024-05-22,DE,2.18616239560307
2024-05-22,FR,2.1024582181911
2024-05-22,GB,2.34124020343432
2024-05-22,IE,4.28931338505045
2024-05-22,IT,2.29772293739403
2024-05-22,NL,1.94489685448478
2024-05-22,US,2.05159597499421
2024-05-23,AU,2.34301073809431
2024-05-23,CA,2.648861088291
2024-05-23,DE,2.18386851684831
2024-05-23,FR,2.10324485814982
2024-05-23,GB,2.3366659043993
2024-05-23,IE,4.27012025580516
2024-05-23,IT,2.30248622980073
2024-05-23,NL,1.9358935623265
2024-05-23,US,2.05512147076099
2024-05-24,AU,2.34266482537
2024-05-24,CA,2.64676193044198
2024-05-24,DE,2.17885429177865
2024-05-24,FR,2.10263987642999
2024-05-24,GB,2.33786504750513
2024-05-24,IE,4.25134253133719
2024-05-24,IT,2.30464631083278
2024-05-24,NL,1.92822660638873
2024-05-24,US,2.05686587824694
2024-05-25,AU,2.34638836290749
2024-05-25,CA,2.65527220964487
2024-05-25,DE,2.18151667244363
2024-05-25,FR,2.10120388367306
2024-05-25,GB,2.34966112817755
2024-05-25,IE,4.26910390730462
2024-05-25,IT,2.30984062382459
2024-05-25,NL,1.92790462725405
2024-05-25,US,2.06678636249964
2024-05-26,AU,2.34936299918203
2024-05-26,CA,2.66629159900035
2024-05-26,DE,2.18243778468663
2024-05-26,FR,2.10207283170899
2024-05-26,GB,2.36706704868955
2024-05-26,IE,4.30354088755029
2024-05-26,IT,2.31626909946851
2024-05-26,NL,1.92774414755027
2024-05-26,US,2.07500722470343
2024-05-27,AU,2.35393420800392
2024-05-27,CA,2.67674203587614
2024-05-27,DE,2.18232274622202
2024-05-27,FR,2.10191052300274
2024-05-27,GB,2.38477322605252
2024-05-27,IE,4.33561122027613
2024-05-27,IT,2.31792865649782
2024-05-27,NL,1.92767824045359
2024-05-27,US,2.08406852155745
2024-05-28,AU,2.35833459476444
2024-05-28,CA,2.69341307779315
2024-05-28,DE,2.18358528103209
2024-05-28,FR,2.10342980266514
2024-05-28,GB,2.40699989172518
2024-05-28,IE,4.38423191361154
2024-05-28,IT,2.31848899382604
2024-05-28,NL,1.92595062739224
2024-05-28,US,2.09401077554125
2024-05-29,AU,2.36045344943654
2024-05-29,CA,2.70348448369283
2024-05-29,DE,2.18245652768465
2024-05-29,FR,2.1044726249399
2024-05-29,GB,2.41618066569478
2024-05-29,IE,4.38793903421735
2024-05-29,IT,2.31341198979498
2024-05-29,NL,1.92512329466593
2024-05-29,US,2.09922650337582
2024-05-30,AU,2.37033701201486
2024-05-30,CA,2.70905550274318
2024-05-30,DE,2.18222704112378
2024-05-30,FR,2.10266076290874
2024-05-30,GB,2.4196233469058
2024-05-30,IE,4.39175263465449
2024-05-30,IT,2.30722667390743
2024-05-30,NL,1.92547992157887
2024-05-30,US,2.10086735113673
2024-05-31,AU,2.37298283950411
2024-05-31,CA,2.70559772329724
2024-05-31,DE,2.18276808286805
2024-05-31,FR,2.10038752291721
2024-05-31,GB,2.41898187089471
2024-05-31,IE,4.38494593541971
2024-05-31,IT,2.29623648554353
2024-05-31,NL,1.92667737363011
2024-05-31,US,2.10783950911381
2024-06-01,AU,2.37275614060488
2024-06-01,CA,2.70683107362719
2024-06-01,DE,2.18342481412099
2024-06-01,FR,2.09963440606771
2024-06-01,GB,2.42399836029331
2024-06-01,IE,4.42579662479969
2024-06-01,IT,2.29308541514495
2024-06-01,NL,1.92537693318573
2024-06-01,US,2.11409281675891
2024-06-02,AU,2.37322913461884
2024-06-02,CA,2.7098933821419
2024-06-02,DE,2.18568583516725
2024-06-02,FR,2.09958752205252
2024-06-02,GB,2.42956337237274
2024-06-02,IE,4.45093458365192
2024-06-02,IT,2.29188599304931
2024-06-02,NL,1.92399148647779
2024-06-02,US,2.12127925948376
2024-06-03,AU,2.3741663840878
2024-06-03,CA,2.71216893927273
2024-06-03,DE,2.18897573634823
2024-06-03,FR,2.09894542131046
2024-06-03,GB,2.43535812300809
2024-06-03,IE,4.47509145882921
2024-06-03,IT,2.29390566170783
2024-06-03,NL,1.92590606864647
2024-06-03,US,2.1274537786207
2024-06-04,AU,2.3861768832897
2024-06-04,CA,2.71571025583266
2024-06-04,DE,2.19050479015371
2024-06-04,FR,2.09623494768511
2024-06-04,GB,2.43856645892191
2024-06-04,IE,4.49250996974242
2024-06-04,IT,2.29655786688506
2024-06-04,NL,1.92886719008405
2024-06-04,US,2.13485052510608
2024-06-05,AU,2.3975564545912
2024-06-05,CA,2.7276554863763
2024-06-05,DE,2.19142587778971
2024-06-05,FR,2.09222586196591
2024-06-05,GB,2.44527834659895
2024-06-05,IE,4.52423496187013
2024-06-05,IT,2.29826188046546
2024-06-05,NL,1.93149346325234
2024-06-05,US,2.14305454683027
2024-06-06,AU,2.40139278554528
2024-06-06,CA,2.73405942681045
2024-06-06,DE,2.1887413157377
2024-06-06,FR,2.08497242719171
2024-06-06,GB,2.44628530631305
2024-06-06,IE,4.51084179243256
2024-06-06,IT,2.29831583418197
2024-06-06,NL,1.93205499913963
2024-06-06,US,2.15221713202799
2024-06-07,AU,2.40706290594665
2024-06-07,CA,2.7435202911493
2024-06-07,DE,2.18873442964095
2024-06-07,FR,2.08094449236442
2024-06-07,GB,2.44950917317749
2024-06-07,IE,4.53920448379703
2024-06-07,IT,2.30685640371776
2024-06-07,NL,1.92966077672666
2024-06-07,US,2.15743757350357
2024-06-08,AU,2.41578750457983
2024-06-08,CA,2.74830835456634
2024-06-08,DE,2.18754052453568
2024-06-08,FR,2.07469967655977
2024-06-08,GB,2.45025770572709
2024-06-08,IE,4.52183058484078
2024-06-08,IT,2.31476206508894
2024-06-08,NL,1.92800162118994
2024-06-08,US,2.16060117774729
2024-06-09,AU,2.42539908632945
2024-06-09,CA,2.75281190326112
2024-06-09,DE,2.18570765307187
2024-06-09,FR,2.06908079134166
2024-06-09,GB,2.44856256497272
2024-06-09,IE,4.53183628002558
2024-06-09,IT,2.3212311884042
2024-06-09,NL,1.92288840390341
2024-06-09,US,2.16482092151898
2024-06-10,AU,2.43334412373545
2024-06-10,CA,2.75665553924117
2024-06-10,DE,2.18120987036474
2024-06-10,FR,2.06483191030384
2024-06-10,GB,2.44767723183737
2024-06-10,IE,4.54309735799223
2024-06-10,IT,2.32649867128718
2024-06-10,NL,1.91593388375113
2024-06-10,US,2.1695646716364
2024-06-11,AU,2.43206062041699
2024-06-11,CA,2.7586641682001
2024-06-11,DE,2.18084083088446
2024-06-11,FR,2.0607665308094
2024-06-11,GB,2.44282081253504
2024-06-11,IE,4.55288579748124
2024-06-11,IT,2.33481623824618
2024-06-11,NL,1.91443605665761
2024-06-11,US,2.16983364542423
2024-06-12,AU,2.42966968632699
2024-06-12,CA,2.74930802044595
2024-06-12,DE,2.18815997174557
2024-06-12,FR,2.05941366916383
2024-06-12,GB,2.43996292565317
2024-06-12,IE,4.54497264054706
2024-06-12,IT,2.34434591063887
2024-06-12,NL,1.91363503936523
2024-06-12,US,2.16882462583044
2024-06-13,AU,2.42763045121934
2024-06-13,CA,2.74421912646636
2024-06-13,DE,2.19508901041696
2024-06-13,FR,2.06225744414673
2024-06-13,GB,2.44426680985513
2024-06-13,IE,4.57756037961077
2024-06-13,IT,2.35639636001132
2024-06-13,NL,1.91610153097482
2024-06-13,US,2.16951779337485
2024-06-14,AU,2.41708709979188
2024-06-14,CA,2.74043553131676
2024-06-14,DE,2.2018775236909
2024-06-14,FR,2.06562049255835
2024-06-14,GB,2.44589339824988
2024-06-14,IE,4.58033567367272
2024-06-14,IT,2.3659337962565
2024-06-14,NL,1.92040708674729
2024-06-14,US,2.17011437253932
2024-06-15,AU,2.40875019749903
2024-06-15,CA,2.73008083551343
2024-06-15,DE,2.2062126796597
2024-06-15,FR,2.07053034033926
2024-06-15,GB,2.44006213909937
2024-06-15,IE,4.5934999087441
2024-06-15,IT,2.36812436170087
2024-06-15,NL,1.92522434062052
2024-06-15,US,2.16764569614338
2024-06-16,AU,2.40241571850765
2024-06-16,CA,2.72765687116041
2024-06-16,DE,2.21265287756313
2024-06-16,FR,2.07556135788666
2024-06-16,GB,2.44326789189609
2024-06-16,IE,4.60581552477465
2024-06-16,IT,2.37762149067961
2024-06-16,NL,1.93596499847304
2024-06-16,US,2.16795372742823
2024-06-17,AU,2.39451374709825
2024-06-17,CA,2.72682310735951
2024-06-17,DE,2.22253309573732
2024-06-17,FR,2.08012917922951
2024-06-17,GB,2.44675434634247
2024-06-17,IE,4.6169129116355
2024-06-17,IT,2.38572874894395
2024-06-17,NL,1.94575146753863
2024-06-17,US,2.16868407026016
2024-06-18,AU,2.38554027992479
2024-06-18,CA,2.72958379446788
2024-06-18,DE,2.2282487882395
2024-06-18,FR,2.08391655341603
2024-06-18,GB,2.44803511905934
2024-06-18,IE,4.58871628615914
2024-06-18,IT,2.38745169437507
2024-06-18,NL,1.95043129279045
2024-06-18,US,2.17103147347283
2024-06-19,AU,2.38189809980305
2024-06-19,CA,2.73734958231222
2024-06-19,DE,2.22576228869153
2024-06-19,FR,2.08748749812301
2024-06-19,GB,2.4451916305852
2024-06-19,IE,4.60251977556546
2024-06-19,IT,2.39067260488553
2024-06-19,NL,1.95866358600281
2024-06-19,US,2.17663600079173
2024-06-20,AU,2.37689895920743
2024-06-20,CA,2.74970759204867
2024-06-20,DE,2.22777377849552
2024-06-20,FR,2.09057737398279
2024-06-20,GB,2.4419631688619
2024-06-20,IE,4.6267789557611
2024-06-20,IT,2.39285917435287
2024-06-20,NL,1.96476547511498
2024-06-20,US,2.17901797530861
2024-06-21,AU,2.37938210728399
2024-06-21,CA,2.76015057889812
2024-06-21,DE,2.22859691527135
2024-06-21,FR,2.09134403271565
2024-06-21,GB,2.44040859267664
2024-06-21,IE,4.63732563776499
2024-06-21,IT,2.39750892359826
2024-06-21,NL,1.96660103489917
2024-06-21,US,2.18544265276166
2024-06-22,AU,2.38732346364311
2024-06-22,CA,2.77758098980554
2024-06-22,DE,2.23074476870784
2024-06-22,FR,2.09139615080069
2024-06-22,GB,2.44582603433971
2024-06-22,IE,4.66246252730866
2024-06-22,IT,2.4083233186113
2024-06-22,NL,1.97009274277933
2024-06-22,US,2.19427119982287
2024-06-23,AU,2.39307124266949
2024-06-23,CA,2.78408243821011
2024-06-23,DE,2.23002668834815
2024-06-23,FR,2.09098590387264
2024-06-23,GB,2.44614538310037
2024-06-23,IE,4.67866122826825
2024-06-23,IT,2.41443452641022
2024-06-23,NL,1.97077394553408
2024-06-23,US,2.19982056898978
2024-06-24,AU,2.40357023296692
2024-06-24,CA,2.79153630974077
2024-06-24,DE,2.22687451060043
2024-06-24,FR,2.09013122780166
2024-06-24,GB,2.44401266882849
2024-06-24,IE,4.69890269269143
2024-06-24,IT,2.4198910862622
2024-06-24,NL,1.97074310170158
2024-06-24,US,2.20547346503041
2024-06-25,AU,2.41478836446435
2024-06-25,CA,2.79625684859707
2024-06-25,DE,2.22546122496331
2024-06-25,FR,2.09111314357649
2024-06-25,GB,2.44802832678205
2024-06-25,IE,4.7793447026393
2024-06-25,IT,2.42854161583712
2024-06-25,NL,1.97248328441016
2024-06-25,US,2.2134503857768
2024-06-26,AU,2.42523999376187
2024-06-26,CA,2.80150639405955
2024-06-26,DE,2.22886792673107
2024-06-26,FR,2.09031867937957
2024-06-26,GB,2.45340835063136
2024-06-26,IE,4.82286057101677
2024-06-26,IT,2.43108492240791
2024-06-26,NL,1.97043445376843
2024-06-26,US,2.21961376142838
2024-06-27,AU,2.44122797398261
2024-06-27,CA,2.81149491485907
2024-06-27,DE,2.23442674826241
2024-06-27,FR,2.08752498938525
2024-06-27,GB,2.46588582119783
2024-06-27,IE,4.86438455488938
2024-06-27,IT,2.43216797957976
2024-06-27,NL,1.96826802177551
2024-06-27,US,2.22436101941255
2024-06-28,AU,2.45339178184924
2024-06-28,CA,2.82439350477524
2024-06-28,DE,2.23796692327942
2024-06-28,FR,2.08309779149634
2024-06-28,GB,2.46957479095365
2024-06-28,IE,4.9036313584742
2024-06-28,IT,2.42913179256565
2024-06-28,NL,1.96995443445669
2024-06-28,US,2.22378491697247
2024-06-29,AU,2.45965890987209
2024-06-29,CA,2.83512198947812
2024-06-29,DE,2.24518044590638
2024-06-29,FR,2.0829429211881
2024-06-29,GB,2.47387559658663
2024-06-29,IE,4.94524377531659
2024-06-29,IT,2.42522625218378
2024-06-29,NL,1.96818962872845
2024-06-29,US,2.22289058978924
2024-06-30,AU,2.46682712063649
2024-06-30,CA,2.84875531156184
2024-06-30,DE,2.25273067343641
2024-06-30,FR,2.08240885433392
2024-06-30,GB,2.47579293712652
2024-06-30,IE,4.98610452869243
2024-06-30,IT,2.4225358368817
2024-06-30,NL,1.96923582015016
2024-06-30,US,2.2230955441162
2024-07-01,AU,2.47048980233511
2024-07-01,CA,2.8627802664093
2024-07-01,DE,2.26299425336503
2024-07-01,FR,2.0801960697919
2024-07-01,GB,2.48380863784065
2024-07-01,IE,5.02290654342911
2024-07-01,IT,2.42384589662437
2024-07-01,NL,1.96982830406044
2024-07-01,US,2.22510888862443
2024-07-02,AU,2.46647577003292
2024-07-02,CA,2.87770376606134
2024-07-02,DE,2.26925623977782
2024-07-02,FR,2.07738427450279
2024-07-02,GB,2.48851120592358
2024-07-02,IE,5.03964430273357
2024-07-02,IT,2.42638302639298
2024-07-02,NL,1.97020796993102
2024-07-02,US,2.22441401747887
2024-07-03,AU,2.45695781611525
2024-07-03,CA,2.89424041694148
2024-07-03,DE,2.27407129996142
2024-07-03,FR,2.07531047565859
2024-07-03,GB,2.4970636720206
2024-07-03,IE,5.07126323735059
2024-07-03,IT,2.43239839592444
2024-07-03,NL,1.97251819814687
2024-07-03,US,2.22261223951384
2024-07-04,AU,2.44552288540159
2024-07-04,CA,2.90119557460017
2024-07-04,DE,2.27558164092981
2024-07-04,FR,2.07505939576555
2024-07-04,GB,2.49713864980539
2024-07-04,IE,5.10307389619496
2024-07-04,IT,2.44294581370295
2024-07-04,NL,1.97492862128693
2024-07-04,US,2.22211494361608
2024-07-05,AU,2.44053685208832
2024-07-05,CA,2.9087038137237
2024-07-05,DE,2.27894630294241
2024-07-05,FR,2.07735050814578
2024-07-05,GB,2.50095458084259
2024-07-05,IE,5.15049920878724
2024-07-05,IT,2.45229884533549
2024-07-05,NL,1.97658923082096
2024-07-05,US,2.22253841546635
2024-07-06,AU,2.43247785486626
2024-07-06,CA,2.91197272706367
2024-07-06,DE,2.28001257250651
2024-07-06,FR,2.07606734233903
2024-07-06,GB,2.50649728341148
2024-07-06,IE,5.18848528143733
2024-07-06,IT,2.45925871883179
2024-07-06,NL,1.98055215972255
2024-07-06,US,2.2220575095024
2024-07-07,AU,2.42416555891754
2024-07-07,CA,2.91352633345087
2024-07-07,DE,2.28342150658405
2024-07-07,FR,2.07494134343848
2024-07-07,GB,2.51174131272865
2024-07-07,IE,5.23335409647927
2024-07-07,IT,2.46863259017187
2024-07-07,NL,1.98003194798472
2024-07-07,US,2.22130096226654
2024-07-08,AU,2.41517208707146
2024-07-08,CA,2.91366501574983
2024-07-08,DE,2.2841481458431
2024-07-08,FR,2.07679876053821
2024-07-08,GB,2.51644826389253
2024-07-08,IE,5.27890146460656
2024-07-08,IT,2.47198961125895
2024-07-08,NL,1.98034109349688
2024-07-08,US,2.21737904061084
2024-07-09,AU,2.41560987406914
2024-07-09,CA,2.91005654775837
2024-07-09,DE,2.2897930620637
2024-07-09,FR,2.07689143238949
2024-07-09,GB,2.52402760679458
2024-07-09,IE,5.33518612027997
2024-07-09,IT,2.48142449664638
2024-07-09,NL,1.97981655302497
2024-07-09,US,2.21543768473674
2024-07-10,AU,2.42160807322329
2024-07-10,CA,2.91055000028856
2024-07-10,DE,2.29225699869281
2024-07-10,FR,2.07993074810878
2024-07-10,GB,2.53102048539974
2024-07-10,IE,5.38367105893986
2024-07-10,IT,2.49188500214519
2024-07-10,NL,1.97962724785659
2024-07-10,US,2.21390568012421
2024-07-11,AU,2.42642560902406
2024-07-11,CA,2.91260453768253
2024-07-11,DE,2.29630423568304
2024-07-11,FR,2.0822038610659
2024-07-11,GB,2.53914063700112
2024-07-11,IE,5.42237148250046
2024-07-11,IT,2.49951819833775
2024-07-11,NL,1.97745275101067
2024-07-11,US,2.21102206145957
2024-07-12,AU,2.4293815810336
2024-07-12,CA,2.92067380753808
2024-07-12,DE,2.29966570969732
2024-07-12,FR,2.0809562516817
2024-07-12,GB,2.55348706034052
2024-07-12,IE,5.45662272344786
2024-07-12,IT,2.5121033809323
2024-07-12,NL,1.97612912284135
2024-07-12,US,2.2100216154348
2024-07-13,AU,2.43933271526719
2024-07-13,CA,2.9355481595235
2024-07-13,DE,2.30420306383986
2024-07-13,FR,2.0807391287353
2024-07-13,GB,2.56681820713789
2024-07-13,IE,5.48328063596581
2024-07-13,IT,2.52737740737067
2024-07-13,NL,1.97659896331317
2024-07-13,US,2.2131646027128
2024-07-14,AU,2.44482938194196
2024-07-14,CA,2.95004559666943
2024-07-14,DE,2.30687851571562
2024-07-14,FR,2.08090108136962
2024-07-14,GB,2.57970784447149
2024-07-14,IE,5.49093306427757
2024-07-14,IT,2.53540700821273
2024-07-14,NL,1.97995214851162
2024-07-14,US,2.21343153827528
2024-07-15,AU,2.44970805307944
2024-07-15,CA,2.96363750361871
2024-07-15,DE,2.3153267537325
2024-07-15,FR,2.07968558612891
2024-07-15,GB,2.58980504026696
2024-07-15,IE,5.50585064702623
2024-07-15,IT,2.54794607970332
2024-07-15,NL,1.98155967796473
2024-07-15,US,2.21471047186963
2024-07-16,AU,2.44976276591878
2024-07-16,CA,2.9815265820504
2024-07-16,DE,2.31757357673558
2024-07-16,FR,2.07915667543016
2024-07-16,GB,2.60111709917444
2024-07-16,IE,5.53183439534355
2024-07-16,IT,2.55325681141966
2024-07-16,NL,1.98282865424585
2024-07-16,US,2.21124625704322
2024-07-17,AU,2.44926353157602
2024-07-17,CA,2.99351870289832
2024-07-17,DE,2.32658480560033
2024-07-17,FR,2.07556706328449
2024-07-17,GB,2.60884194960425
2024-07-17,IE,5.5395076861225
2024-07-17,IT,2.55808907386753
2024-07-17,NL,1.98372501770236
2024-07-17,US,2.20586401531537
2024-07-18,AU,2.45066517802267
2024-07-18,CA,3.00833233987031
2024-07-18,DE,2.32807337243445
2024-07-18,FR,2.07429079895286
2024-07-18,GB,2.61359706078628
2024-07-18,IE,5.56127774989724
2024-07-18,IT,2.57149132667939
2024-07-18,NL,1.9860671993403
2024-07-18,US,2.20266887896381
2024-07-19,AU,2.45016777579047
2024-07-19,CA,3.01723816283169
2024-07-19,DE,2.33141085911367
2024-07-19,FR,2.07588541678517
2024-07-19,GB,2.6190905676586
2024-07-19,IE,5.56713828547138
2024-07-19,IT,2.58287958034305
2024-07-19,NL,1.98808665280283
2024-07-19,US,2.19898308439067
2024-07-20,AU,2.44092169708135
2024-07-20,CA,3.01826497000092
2024-07-20,DE,2.33297287810828
2024-07-20,FR,2.07558420391863
2024-07-20,GB,2.60963830315033
2024-07-20,IE,5.54356322322043
2024-07-20,IT,2.58754225567521
2024-07-20,NL,1.98198876881943
2024-07-20,US,2.18930414703471
2024-07-21,AU,2.44016761274159
2024-07-21,CA,3.02880126269673
2024-07-21,DE,2.33785696327417
2024-07-21,FR,2.07601822189571
2024-07-21,GB,2.61380395503202
2024-07-21,IE,5.59583010180809
2024-07-21,IT,2.60651546644754
2024-07-21,NL,1.98248202677452
2024-07-21,US,2.18628551866214
2024-07-22,AU,2.43945323631563
2024-07-22,CA,3.03838128426078
2024-07-22,DE,2.33675725812535
2024-07-22,FR,2.07841262028316
2024-07-22,GB,2.61340753732149
2024-07-22,IE,5.64043790692287
2024-07-22,IT,2.62422231620461
2024-07-22,NL,1.98474920346974
2024-07-22,US,2.18258627896557
2024-07-23,AU,2.43691525212573
2024-07-23,CA,3.04321785050671
2024-07-23,DE,2.34264512897622
2024-07-23,FR,2.0812695548251
2024-07-23,GB,2.61156189651995
2024-07-23,IE,5.66333389667081
2024-07-23,IT,2.64576410227948
2024-07-23,NL,1.98823826752378
2024-07-23,US,2.18169220448795
2024-07-24,AU,2.43407777809472
2024-07-24,CA,3.04852745517961
2024-07-24,DE,2.34455934649119
2024-07-24,FR,2.08651437667537
2024-07-24,GB,2.61001483469367
2024-07-24,IE,5.70759905782613
2024-07-24,IT,2.66759598566747
2024-07-24,NL,1.99061840275555
2024-07-24,US,2.18301796876474
2024-07-25,AU,2.43008627348425
2024-07-25,CA,3.05172163042265
2024-07-25,DE,2.35207067599559
2024-07-25,FR,2.09059402988856
2024-07-25,GB,2.61159518817154
2024-07-25,IE,5.73099956333319
2024-07-25,IT,2.6808292364822
2024-07-25,NL,1.99311194153577
2024-07-25,US,2.18470664525833
2024-07-26,AU,2.42470583205542
2024-07-26,CA,3.05434096469139
2024-07-26,DE,2.35714866625416
2024-07-26,FR,2.09138649072458
2024-07-26,GB,2.60669613998303
2024-07-26,IE,5.75642659080862
2024-07-26,IT,2.69802252189876
2024-07-26,NL,1.99509635103228
2024-07-26,US,2.18359199887469
2024-07-27,AU,2.42564075654143
2024-07-27,CA,3.05544012302647
2024-07-27,DE,2.36356500367777
2024-07-27,FR,2.08862436015644
2024-07-27,GB,2.61664882721093
2024-07-27,IE,5.83778056251801
2024-07-27,IT,2.72278526644499
2024-07-27,NL,2.00437380923745
2024-07-27,US,2.18628290964467
2024-07-28,AU,2.42141147788847
2024-07-28,CA,3.04945763846011
2024-07-28,DE,2.3672699360192
2024-07-28,FR,2.08581681820905
2024-07-28,GB,2.61232243756462
2024-07-28,IE,5.85088507263382
2024-07-28,IT,2.73888664697316
2024-07-28,NL,2.00739107826851
2024-07-28,US,2.18319319565857
2024-07-29,AU,2.42304028989901
2024-07-29,CA,3.04504593827562
2024-07-29,DE,2.37054919450325
2024-07-29,FR,2.08094490077192
2024-07-29,GB,2.6092355615078
2024-07-29,IE,5.86577982473337
2024-07-29,IT,2.75556718697425
2024-07-29,NL,2.0101693328389
2024-07-29,US,2.18281965715614
2024-07-30,AU,2.42943594704108
2024-07-30,CA,3.04247345889985
2024-07-30,DE,2.37291920094378
2024-07-30,FR,2.07656644014853
2024-07-30,GB,2.60695220061825
2024-07-30,IE,5.87646179221971
2024-07-30,IT,2.76972829469368
2024-07-30,NL,2.01065013321504
2024-07-30,US,2.1843025654876
2024-07-31,AU,2.43208009810318
2024-07-31,CA,3.03635518507295
2024-07-31,DE,2.37044534427035
2024-07-31,FR,2.07290495874815
2024-07-31,GB,2.60344038949156
2024-07-31,IE,5.8532430822789
2024-07-31,IT,2.77837391025886
2024-07-31,NL,2.00914179662036
2024-07-31,US,2.1857904090835
2024-08-01,AU,2.43836874272551
2024-08-01,CA,3.03433605714655
2024-08-01,DE,2.37378120202069
2024-08-01,FR,2.06863986714376
2024-08-01,GB,2.60733530326062
2024-08-01,IE,5.84407307228571
2024-08-01,IT,2.79242658419733
2024-08-01,NL,2.00553633163003
2024-08-01,US,2.18705338981971
2024-08-02,AU,2.44863272785586
2024-08-02,CA,3.03324340626294
2024-08-02,DE,2.37562360120173
2024-08-02,FR,2.06665216674708
2024-08-02,GB,2.61472190126379
2024-08-02,IE,5.83490642675504
2024-08-02,IT,2.80123845987648
2024-08-02,NL,2.00734637007541
2024-08-02,US,2.19134154181636
2024-08-03,AU,2.45751026133406
2024-08-03,CA,3.04183355306482
2024-08-03,DE,2.37555820675978
2024-08-03,FR,2.06993979437543
2024-08-03,GB,2.62036787926548
2024-08-03,IE,5.79375973836011
2024-08-03,IT,2.80727689305933
2024-08-03,NL,2.01022657868246
2024-08-03,US,2.19468096682129
2024-08-04,AU,2.46912795841107
2024-08-04,CA,3.05101030457668
2024-08-04,DE,2.37736199695581
2024-08-04,FR,2.07069960981668
2024-08-04,GB,2.62888620674305
2024-08-04,IE,5.76760578918661
2024-08-04,IT,2.81380871211494
2024-08-04,NL,2.01407383525138
2024-08-04,US,2.20079555786212
2024-08-05,AU,2.47602193581178
2024-08-05,CA,3.0585688404591
2024-08-05,DE,2.37800602712088
2024-08-05,FR,2.07218055024575
2024-08-05,GB,2.63563601552348
2024-08-05,IE,5.73731270422446
2024-08-05,IT,2.82294143055348
2024-08-05,NL,2.01682869250942
2024-08-05,US,2.20379413443257
2024-08-06,AU,2.48389036050194
2024-08-06,CA,3.06814124840734
2024-08-06,DE,2.37682786353697
2024-08-06,FR,2.07649630455156
2024-08-06,GB,2.64276508011185
2024-08-06,IE,5.71607710767101
2024-08-06,IT,2.8278867424378
2024-08-06,NL,2.01959635501922
2024-08-06,US,2.20538893629498
2024-08-07,AU,2.49734990245279
2024-08-07,CA,3.07018911549896
2024-08-07,DE,2.37841725780126
2024-08-07,FR,2.07720854979509
2024-08-07,GB,2.6458772235774
2024-08-07,IE,5.72051849302196
2024-08-07,IT,2.83886430838314
2024-08-07,NL,2.02605470829464
2024-08-07,US,2.20994546841911
2024-08-08,AU,2.50447094074482
2024-08-08,CA,3.07186703247433
2024-08-08,DE,2.3737993228482
2024-08-08,FR,2.0776954501954
2024-08-08,GB,2.64153119343191
2024-08-08,IE,5.71178567770788
2024-08-08,IT,2.84005966216908
2024-08-08,NL,2.03335541535986
2024-08-08,US,2.21304030638052
2024-08-09,AU,2.51081314701888
2024-08-09,CA,3.07243445145741
2024-08-09,DE,2.36965960999956
2024-08-09,FR,2.07738002746016
2024-08-09,GB,2.63859126559796
2024-08-09,IE,5.70784399865822
2024-08-09,IT,2.84463159934795
2024-08-09,NL,2.03626997457312
2024-08-09,US,2.21544972063802
2024-08-10,AU,2.51496723527428
2024-08-10,CA,3.06628366122544
2024-08-10,DE,2.36849223753563
2024-08-10,FR,2.07626254733394
2024-08-10,GB,2.63579355320961
2024-08-10,IE,5.7046354952644
2024-08-10,IT,2.84568441275287
2024-08-10,NL,2.03668176465792
2024-08-10,US,2.21781382242783
2024-08-11,AU,2.51865122747549
2024-08-11,CA,3.05881916378395
2024-08-11,DE,2.36412668692065
2024-08-11,FR,2.0766407714734
2024-08-11,GB,2.63115464090855
2024-08-11,IE,5.6877121095431
2024-08-11,IT,2.84896993721566
2024-08-11,NL,2.0358910846344
2024-08-11,US,2.21958167379556
2024-08-12,AU,2.52357113270342
2024-08-12,CA,3.05235192715255
2024-08-12,DE,2.36294784228586
2024-08-12,FR,2.07896869104087
2024-08-12,GB,2.62799543775262
2024-08-12,IE,5.67525810702929
2024-08-12,IT,2.84929979407112
2024-08-12,NL,2.03504819539944
2024-08-12,US,2.22371977857455
2024-08-13,AU,2.52507861708966
2024-08-13,CA,3.04060743729069
2024-08-13,DE,2.36260604712719
2024-08-13,FR,2.07520024162908
2024-08-13,GB,2.61987849432196
2024-08-13,IE,5.66679642341744
2024-08-13,IT,2.86127684000704
2024-08-13,NL,2.03853560348601
2024-08-13,US,2.22870154994405
2024-08-14,AU,2.52676514656762
2024-08-14,CA,3.0401293753069
2024-08-14,DE,2.36106987724731
2024-08-14,FR,2.07251683968067
2024-08-14,GB,2.61916923092408
2024-08-14,IE,5.64819359895938
2024-08-14,IT,2.87254252657879
2024-08-14,NL,2.03740130309123
2024-08-14,US,2.23170493035479
2024-08-15,AU,2.5302183067447
2024-08-15,CA,3.03883425176383
2024-08-15,DE,2.35889046842324
2024-08-15,FR,2.06995126466203
2024-08-15,GB,2.61425021285685
2024-08-15,IE,5.63670153997886
2024-08-15,IT,2.89788272091527
2024-08-15,NL,2.03783562025895
2024-08-15,US,2.2355082256315
2024-08-16,AU,2.53363219545648
2024-08-16,CA,3.03416649469873
2024-08-16,DE,2.35944984567571
2024-08-16,FR,2.0690719426723
2024-08-16,GB,2.60645984286618
2024-08-16,IE,5.62084776447509
2024-08-16,IT,2.92205681488613
2024-08-16,NL,2.03467895410042
2024-08-16,US,2.23885357381224
2024-08-17,AU,2.54685001847697
2024-08-17,CA,3.03360990768654
2024-08-17,DE,2.35756736968813
2024-08-17,FR,2.06854674921401
2024-08-17,GB,2.59907547986519
2024-08-17,IE,5.61685152015167
2024-08-17,IT,2.9515011010503
2024-08-17,NL,2.03113097298817
2024-08-17,US,2.24583755112161
2024-08-18,AU,2.55562892843435
2024-08-18,CA,3.03378513452418
2024-08-18,DE,2.35617153411774
2024-08-18,FR,2.06743601497255
2024-08-18,GB,2.59125562513011
2024-08-18,IE,5.61972699131666
2024-08-18,IT,2.97884642060645
2024-08-18,NL,2.02620164597283
2024-08-18,US,2.24980159654063
2024-08-19,AU,2.56134909403568
2024-08-19,CA,3.03340906789446
2024-08-19,DE,2.35439848924622
2024-08-19,FR,2.06313046096369
2024-08-19,GB,2.58729686244271
2024-08-19,IE,5.626328961229
2024-08-19,IT,3.0032524411295
2024-08-19,NL,2.02242616446553
2024-08-19,US,2.25259228849585
2024-08-20,AU,2.56610862982139
2024-08-20,CA,3.03757402809539
2024-08-20,DE,2.35328653048986
2024-08-20,FR,2.06268028045621
2024-08-20,GB,2.5899188137938
2024-08-20,IE,5.61477857673093
2024-08-20,IT,3.02106079138183
2024-08-20,NL,2.01494434252012
2024-08-20,US,2.25839322147996
2024-08-21,AU,2.56540754279742
2024-08-21,CA,3.04038619531173
2024-08-21,DE,2.35144556671266
2024-08-21,FR,2.06280845110313
2024-08-21,GB,2.5912317553311
2024-08-21,IE,5.60886341772532
2024-08-21,IT,3.02686757129874
2024-08-21,NL,2.01002845543643
2024-08-21,US,2.26202613314414
2024-08-22,AU,2.56918267331113
2024-08-22,CA,3.04239703013892
2024-08-22,DE,2.34975249592045
2024-08-22,FR,2.06377057241797
2024-08-22,GB,2.59533689291884
2024-08-22,IE,5.57752094534135
2024-08-22,IT,3.02856043885857
2024-08-22,NL,2.00631690080299
2024-08-22,US,2.26637167283192
2024-08-23,AU,2.56917450334645
2024-08-23,CA,3.04897988857672
2024-08-23,DE,2.34720810666119
2024-08-23,FR,2.06351029737586
2024-08-23,GB,2.60090248410328
2024-08-23,IE,5.57549526005233
2024-08-23,IT,3.02632286146202
2024-08-23,NL,2.00392176401615
2024-08-23,US,2.27134055696683
2024-08-24,AU,2.55743859840583
2024-08-24,CA,3.05585805746068
2024-08-24,DE,2.34506992450331
2024-08-24,FR,2.06326848857678
2024-08-24,GB,2.60653932605749
2024-08-24,IE,5.54146573629538
2024-08-24,IT,3.02756619616735
2024-08-24,NL,1.99917928994646
2024-08-24,US,2.27474056220114
2024-08-25,AU,2.54995286829427
2024-08-25,CA,3.06329916387623
2024-08-25,DE,2.3425566501641
2024-08-25,FR,2.06131553367431
2024-08-25,GB,2.61322313771948
2024-08-25,IE,5.52494371908446
2024-08-25,IT,3.02540884038372
2024-08-25,NL,1.99536672192517
2024-08-25,US,2.2801052494675
2024-08-26,AU,2.54075322471588
2024-08-26,CA,3.06986700925806
2024-08-26,DE,2.342723879121
2024-08-26,FR,2.06271064040551
2024-08-26,GB,2.61639034911439
2024-08-26,IE,5.50741987677703
2024-08-26,IT,3.02504556019837
2024-08-26,NL,1.99117203346086
2024-08-26,US,2.28554439283892
2024-08-27,AU,2.53825009450844
2024-08-27,CA,3.07706967227444
2024-08-27,DE,2.34294167611297
2024-08-27,FR,2.06208551604377
2024-08-27,GB,2.61995389194357
2024-08-27,IE,5.49909976347324
2024-08-27,IT,3.01590793934157
2024-08-27,NL,1.98688233702173
2024-08-27,US,2.28599484710713
2024-08-28,AU,2.53803694421878
2024-08-28,CA,3.08736108941735
2024-08-28,DE,2.34441656648859
2024-08-28,FR,2.05904184959192
2024-08-28,GB,2.62280868876661
2024-08-28,IE,5.51881573616297
2024-08-28,IT,3.01364831668396
2024-08-28,NL,1.98206165387171
2024-08-28,US,2.28763230525783
2024-08-29,AU,2.53640873932238
2024-08-29,CA,3.09724345772052
2024-08-29,DE,2.3477187778447
2024-08-29,FR,2.05591781106323
2024-08-29,GB,2.62775930706039
2024-08-29,IE,5.5649149076878
2024-08-29,IT,3.00388730897972
2024-08-29,NL,1.97718404588536
2024-08-29,US,2.29507526377899
2024-08-30,AU,2.53944535030439
2024-08-30,CA,3.10563360601909
2024-08-30,DE,2.34456515558652
2024-08-30,FR,2.05709813079878
2024-08-30,GB,2.62939451244542
2024-08-30,IE,5.58139515973954
2024-08-30,IT,2.99575065362961
2024-08-30,NL,1.97400784731838
2024-08-30,US,2.300999110839
2024-08-31,AU,2.54472977794612
2024-08-31,CA,3.10956853992321
2024-08-31,DE,2.34365683223367
2024-08-31,FR,2.05300561434862
2024-08-31,GB,2.63157474718641
2024-08-31,IE,5.6064373579297
2024-08-31,IT,2.98097906371399
2024-08-31,NL,1.97143514646824
2024-08-31,US,2.30800310724509
2024-09-01,AU,2.54828884951997
2024-09-01,CA,3.11304642825209
2024-09-01,DE,2.3401909390806
2024-09-01,FR,2.05064058290597
2024-09-01,GB,2.64065599538492
2024-09-01,IE,5.62329834534958
2024-09-01,IT,2.97028112768231
2024-09-01,NL,1.97033500084939
2024-09-01,US,2.3164578885865
2024-09-02,AU,2.55386161086604
2024-09-02,CA,3.11856904411444
2024-09-02,DE,2.33441224632891
2024-09-02,FR,2.04606152265292
2024-09-02,GB,2.64894008475366
2024-09-02,IE,5.64048858780939
2024-09-02,IT,2.9589566756021
2024-09-02,NL,1.96691369671443
2024-09-02,US,2.32485252571803
2024-09-03,AU,2.55524334675582
2024-09-03,CA,3.12603458308534
2024-09-03,DE,2.32801933769713
2024-09-03,FR,2.04297820831918
2024-09-03,GB,2.65067191596151
2024-09-03,IE,5.65796204246978
2024-09-03,IT,2.95087160697194
2024-09-03,NL,1.96572578199759
2024-09-03,US,2.33574209701151
2024-09-04,AU,2.55398065618708
2024-09-04,CA,3.1258720489307
2024-09-04,DE,2.32004560656472
2024-09-04,FR,2.04178251823289
2024-09-04,GB,2.65123240941948
2024-09-04,IE,5.63632755829629
2024-09-04,IT,2.93994716038502
2024-09-04,NL,1.96473319291218
2024-09-04,US,2.34617482524048
2024-09-05,AU,2.54957164888852
2024-09-05,CA,3.12617278831573
2024-09-05,DE,2.30984931395266
2024-09-05,FR,2.04109885261901
2024-09-05,GB,2.6527756420088
2024-09-05,IE,5.60365087564357
2024-09-05,IT,2.9280160898968
2024-09-05,NL,1.96318285862784
2024-09-05,US,2.35421379166315
2024-09-06,AU,2.54543450390585
2024-09-06,CA,3.13089173684921
2024-09-06,DE,2.30674319978363
2024-09-06,FR,2.03552520568158
2024-09-06,GB,2.65874221954051
2024-09-06,IE,5.58674980829702
2024-09-06,IT,2.91892639749623
2024-09-06,NL,1.96135743848753
2024-09-06,US,2.36395216470765
2024-09-07,AU,2.53447167761453
2024-09-07,CA,3.13170790583813
2024-09-07,DE,2.30238073738932
2024-09-07,FR,2.03624679182001
2024-09-07,GB,2.66152808019281
2024-09-07,IE,5.57658499815644
2024-09-07,IT,2.90542693726011
2024-09-07,NL,1.9610081604378
2024-09-07,US,2.37214111138358
2024-09-08,AU,2.52851418855045
2024-09-08,CA,3.13473399314739
2024-09-08,DE,2.30207552314149
2024-09-08,FR,2.03511037589353
2024-09-08,GB,2.6622127907832
2024-09-08,IE,5.56784443619547
2024-09-08,IT,2.89038613851827
2024-09-08,NL,1.95853953377669
2024-09-08,US,2.37759929178415
2024-09-09,AU,2.52810876252108
2024-09-09,CA,3.13778316367043
2024-09-09,DE,2.30302299982302
2024-09-09,FR,2.03426944863273
2024-09-09,GB,2.66396165270717
2024-09-09,IE,5.55630172893435
2024-09-09,IT,2.87817051601498
2024-09-09,NL,1.95877317288075
2024-09-09,US,2.38359285938349
2024-09-10,AU,2.53055744045666
2024-09-10,CA,3.13980916943347
2024-09-10,DE,2.30296498659851
2024-09-10,FR,2.03412994830727
2024-09-10,GB,2.66382118193948
2024-09-10,IE,5.52858732076692
2024-09-10,IT,2.86990311742268
2024-09-10,NL,1.95671793241838
2024-09-10,US,2.38928228641485
2024-09-11,AU,2.54122186703233
2024-09-11,CA,3.14418121546449
2024-09-11,DE,2.30559234305323
2024-09-11,FR,2.03707465657192
2024-09-11,GB,2.66746500412692
2024-09-11,IE,5.51283256307687
2024-09-11,IT,2.86804688168764
2024-09-11,NL,1.95665511905246
2024-09-11,US,2.39489672796193
2024-09-12,AU,2.55092527530869
2024-09-12,CA,3.14861173275054
2024-09-12,DE,2.30829405023744
2024-09-12,FR,2.03675399584956
2024-09-12,GB,2.66550861403822
2024-09-12,IE,5.49919151337916
2024-09-12,IT,2.86524313196444
2024-09-12,NL,1.95528693176592
2024-09-12,US,2.39448836866842
2024-09-13,AU,2.55837094534973
2024-09-13,CA,3.15170474249226
2024-09-13,DE,2.31176333436087
2024-09-13,FR,2.03883196309144
2024-09-13,GB,2.66083215565035
2024-09-13,IE,5.48430233949739
2024-09-13,IT,2.85263968387767
2024-09-13,NL,1.95486201811835
2024-09-13,US,2.39168477891887
2024-09-14,AU,2.57297973062632
2024-09-14,CA,3.16324245832471
2024-09-14,DE,2.31514723528849
2024-09-14,FR,2.04185605515489
2024-09-14,GB,2.65944341939823
2024-09-14,IE,5.46000994706235
2024-09-14,IT,2.84315074741172
2024-09-14,NL,1.95348537411736
2024-09-14,US,2.39105489944399
2024-09-15,AU,2.5794195928472
2024-09-15,CA,3.170792012852
2024-09-15,DE,2.31740941686807
2024-09-15,FR,2.04512735913231
2024-09-15,GB,2.65938469757031
2024-09-15,IE,5.43639806272713
2024-09-15,IT,2.8298782790693
2024-09-15,NL,1.9535584265885
2024-09-15,US,2.38983494768248
2024-09-16,AU,2.58694163250579
2024-09-16,CA,3.17759350439253
2024-09-16,DE,2.31731008307281
2024-09-16,FR,2.04742958057749
2024-09-16,GB,2.6572216340922
2024-09-16,IE,5.40921260513014
2024-09-16,IT,2.8146434369322
2024-09-16,NL,1.95053238426562
2024-09-16,US,2.38829552160401
2024-09-17,AU,2.59076861240584
2024-09-17,CA,3.17946879938211
2024-09-17,DE,2.31762560933029
2024-09-17,FR,2.04859558084048
2024-09-17,GB,2.66372536706341
2024-09-17,IE,5.38641028153985
2024-09-17,IT,2.79581420974523
2024-09-17,NL,1.94764160473514
2024-09-17,US,2.38777554937923
2024-09-18,AU,2.58737605792329
2024-09-18,CA,3.18697173250237
2024-09-18,DE,2.3160543227093
2024-09-18,FR,2.04790492746856
2024-09-18,GB,2.67139910319382
2024-09-18,IE,5.35550408603595
2024-09-18,IT,2.77912015705546
2024-09-18,NL,1.94256471266516
2024-09-18,US,2.38618295240558
2024-09-19,AU,2.58555190263652
2024-09-19,CA,3.1936389757661
2024-09-19,DE,2.31402596580926
2024-09-19,FR,2.05077015855579
2024-09-19,GB,2.68407251659209
2024-09-19,IE,5.32867090134319
2024-09-19,IT,2.76822036892269
2024-09-19,NL,1.93582649500331
2024-09-19,US,2.38619605221023
2024-09-20,AU,2.58527621301563
2024-09-20,CA,3.19874481412485
2024-09-20,DE,2.31638308527875
2024-09-20,FR,2.05267197395737
2024-09-20,GB,2.69367946786365
2024-09-20,IE,5.31324615371208
2024-09-20,IT,2.7662838080924
2024-09-20,NL,1.93032993436425
2024-09-20,US,2.38828203477945
2024-09-21,AU,2.59049096024522
2024-09-21,CA,3.20109686930481
2024-09-21,DE,2.31208881366483
2024-09-21,FR,2.05360001113722
2024-09-21,GB,2.70608784932111
2024-09-21,IE,5.31921495688773
2024-09-21,IT,2.7591041089567
2024-09-21,NL,1.92765354273225
2024-09-21,US,2.38845442402185
2024-09-22,AU,2.59893985803989
2024-09-22,CA,3.20543534090612
2024-09-22,DE,2.31039494538359
2024-09-22,FR,2.05635027822967
2024-09-22,GB,2.7114736965093
2024-09-22,IE,5.3183071576105
2024-09-22,IT,2.75982660267607
2024-09-22,NL,1.92692432155483
2024-09-22,US,2.39004817911857
2024-09-23,AU,2.59786172697654
2024-09-23,CA,3.2090020867261
2024-09-23,DE,2.30844806318913
2024-09-23,FR,2.06019957755867
2024-09-23,GB,2.72363890335536
2024-09-23,IE,5.32799771828492
2024-09-23,IT,2.75969284235282
2024-09-23,NL,1.93111837886299
2024-09-23,US,2.39053835030204
2024-09-24,AU,2.59916341371603
2024-09-24,CA,3.21483698743064
2024-09-24,DE,2.30472798934686
2024-09-24,FR,2.06505349733993
2024-09-24,GB,2.73166932911333
2024-09-24,IE,5.34394022150535
2024-09-24,IT,2.76648263665657
2024-09-24,NL,1.9320619924649
2024-09-24,US,2.39070246392732
2024-09-25,AU,2.60323380734632
2024-09-25,CA,3.22575546238274
2024-09-25,DE,2.30207459111099
2024-09-25,FR,2.06812894620544
2024-09-25,GB,2.73602117370024
2024-09-25,IE,5.37775122771983
2024-09-25,IT,2.77434451584036
2024-09-25,NL,1.93493478807807
2024-09-25,US,2.39189232374223
2024-09-26,AU,2.60440860542314
2024-09-26,CA,3.23741461321704
2024-09-26,DE,2.30351950144367
2024-09-26,FR,2.06994330894287
2024-09-26,GB,2.73739768667536
2024-09-26,IE,5.41247284692271
2024-09-26,IT,2.77979404613836
2024-09-26,NL,1.94070708882479
2024-09-26,US,2.3936088380188
2024-09-27,AU,2.60601694551336
2024-09-27,CA,3.25194417372468
2024-09-27,DE,2.2983441459004
2024-09-27,FR,2.07510223741534
2024-09-27,GB,2.74330907340946
2024-09-27,IE,5.43497483795985
2024-09-27,IT,2.78242649187785
2024-09-27,NL,1.94733156878176
2024-09-27,US,2.3933550908002
2024-09-28,AU,2.60484656068461
2024-09-28,CA,3.25954486571645
2024-09-28,DE,2.29372859788162
2024-09-28,FR,2.0810006836236
2024-09-28,GB,2.74328182161917
2024-09-28,IE,5.46630661048464
2024-09-28,IT,2.78224909498224
2024-09-28,NL,1.95185794151323
2024-09-28,US,2.39155954543243
2024-09-29,AU,2.60419421000992
2024-09-29,CA,3.26919283676704
2024-09-29,DE,2.28855545108575
2024-09-29,FR,2.08826528486435
2024-09-29,GB,2.74596485254356
2024-09-29,IE,5.48776159109321
2024-09-29,IT,2.78188379503081
2024-09-29,NL,1.95557284466898
2024-09-29,US,2.39130821890179
2024-09-30,AU,2.5979091547484
2024-09-30,CA,3.27644594102821
2024-09-30,DE,2.28141438855013
2024-09-30,FR,2.09375845570338
2024-09-30,GB,2.74268652247238
2024-09-30,IE,5.49786384266727
2024-09-30,IT,2.78395883117347
2024-09-30,NL,1.95729054582141
2024-09-30,US,2.39284738495575
2024-10-01,AU,2.58425160749479
2024-10-01,CA,3.28918702167274
2024-10-01,DE,2.27638667164603
2024-10-01,FR,2.1026348237537
2024-10-01,GB,2.74272826687499
2024-10-01,IE,5.52155381789449
2024-10-01,IT,2.78339996566503
2024-10-01,NL,1.95729122979365
2024-10-01,US,2.39501322444727
2024-10-02,AU,2.56152335712336
2024-10-02,CA,3.2908684069315
2024-10-02,DE,2.26997435085027
2024-10-02,FR,2.11350576936965
2024-10-02,GB,2.74215264247751
2024-10-02,IE,5.53729494788945
2024-10-02,IT,2.77497154132026
2024-10-02,NL,1.95392814831904
2024-10-02,US,2.3989916025604
2024-10-03,AU,2.5452566541233
2024-10-03,CA,3.29288412653126
2024-10-03,DE,2.25616077887923
2024-10-03,FR,2.12342421206982
2024-10-03,GB,2.74632185794894
2024-10-03,IE,5.55000740360456
2024-10-03,IT,2.76487873979557
2024-10-03,NL,1.95074889799644
2024-10-03,US,2.40264556807792
2024-10-04,AU,2.52734779243489
2024-10-04,CA,3.28731600955719
2024-10-04,DE,2.24328136473717
2024-10-04,FR,2.13092322862019
2024-10-04,GB,2.75088216004467
2024-10-04,IE,5.57339844562363
2024-10-04,IT,2.76433704342424
2024-10-04,NL,1.94646652463371
2024-10-04,US,2.40549562306648
2024-10-05,AU,2.51172384939719
2024-10-05,CA,3.28844720197478
2024-10-05,DE,2.23632007851718
2024-10-05,FR,2.13699550484774
2024-10-05,GB,2.76195689199542
2024-10-05,IE,5.60426614156973
2024-10-05,IT,2.78078006763947
2024-10-05,NL,1.94302281390303
2024-10-05,US,2.41281856272319
2024-10-06,AU,2.49850096663335
2024-10-06,CA,3.28669241675807
2024-10-06,DE,2.22677459836949
2024-10-06,FR,2.14360660636757
2024-10-06,GB,2.77010338058715
2024-10-06,IE,5.61978210651212
2024-10-06,IT,2.79323160702617
2024-10-06,NL,1.93820166911641
2024-10-06,US,2.41860612707711
2024-10-07,AU,2.49597061257047
2024-10-07,CA,3.29248378498065
2024-10-07,DE,2.22473530963294
2024-10-07,FR,2.15225002654831
2024-10-07,GB,2.78029555566157
2024-10-07,IE,5.6419783497319
2024-10-07,IT,2.80773831424806
2024-10-07,NL,1.93341951603654
2024-10-07,US,2.42592228535197
2024-10-08,AU,2.49347499632423
2024-10-08,CA,3.29228332166628
2024-10-08,DE,2.22507714921622
2024-10-08,FR,2.16082439908537
2024-10-08,GB,2.78701821471321
2024-10-08,IE,5.65434262316485
2024-10-08,IT,2.82739267304975
2024-10-08,NL,1.93656194653103
2024-10-08,US,2.43134086250593
2024-10-09,AU,2.49721239884664
2024-10-09,CA,3.29595197363905
2024-10-09,DE,2.23499732854348
2024-10-09,FR,2.16650122136886
2024-10-09,GB,2.79749235031157
2024-10-09,IE,5.64588013487333
2024-10-09,IT,2.851336803381
2024-10-09,NL,1.94190769717771
2024-10-09,US,2.4354283007277
2024-10-10,AU,2.50505597363099
2024-10-10,CA,3.29986623932427
2024-10-10,DE,2.24885106171025
2024-10-10,FR,2.17450370090612
2024-10-10,GB,2.80179330451241
2024-10-10,IE,5.65552686470943
2024-10-10,IT,2.87561520948739
2024-10-10,NL,1.94782989568921
2024-10-10,US,2.43863847121629
2024-10-11,AU,2.51135193832756
2024-10-11,CA,3.30687611568854
2024-10-11,DE,2.26349510802705
2024-10-11,FR,2.178212249054
2024-10-11,GB,2.80924116178627
2024-10-11,IE,5.65872382670322
2024-10-11,IT,2.88806045858998
2024-10-11,NL,1.95302145208076
2024-10-11,US,2.4466297994512
2024-10-12,AU,2.51206282733688
2024-10-12,CA,3.31169651480171
2024-10-12,DE,2.27623393106921
2024-10-12,FR,2.18575478093627
2024-10-12,GB,2.8146966152113
2024-10-12,IE,5.66342039549977
2024-10-12,IT,2.89578811561363
2024-10-12,NL,1.95897335475095
2024-10-12,US,2.44901598759181
2024-10-13,AU,2.51111390099125
2024-10-13,CA,3.32050223650707
2024-10-13,DE,2.29181808251693
2024-10-13,FR,2.19210251481844
2024-10-13,GB,2.82034528100023
2024-10-13,IE,5.67209259019699
2024-10-13,IT,2.90529524763939
2024-10-13,NL,1.96423235697491
2024-10-13,US,2.45138540616706
2024-10-14,AU,2.50689593473639
2024-10-14,CA,3.32545764589544
2024-10-14,DE,2.30276240121692
2024-10-14,FR,2.19741083465701
2024-10-14,GB,2.82618031599024
2024-10-14,IE,5.67824705455405
2024-10-14,IT,2.91186638704239
2024-10-14,NL,1.97084636204492
2024-10-14,US,2.45140965530805
2024-10-15,AU,2.5072564383929
2024-10-15,CA,3.33428909215296
2024-10-15,DE,2.31117728692545
2024-10-15,FR,2.19684272241978
2024-10-15,GB,2.82910130293745
2024-10-15,IE,5.68247680294056
2024-10-15,IT,2.91268508175987
2024-10-15,NL,1.97397462825742
2024-10-15,US,2.45373030142185
2024-10-16,AU,2.51744231761085
2024-10-16,CA,3.34135765397386
2024-10-16,DE,2.31139560412628
2024-10-16,FR,2.20170268545018
2024-10-16,GB,2.82957483352145
2024-10-16,IE,5.70963651009591
2024-10-16,IT,2.90886805557628
2024-10-16,NL,1.97616870227344
2024-10-16,US,2.45399938687914
2024-10-17,AU,2.51350438072347
2024-10-17,CA,3.34103775750026
2024-10-17,DE,2.30896640334297
2024-10-17,FR,2.20372407284341
2024-10-17,GB,2.8314026160892
2024-10-17,IE,5.71828930387736
2024-10-17,IT,2.90296735458149
2024-10-17,NL,1.97565066525912
2024-10-17,US,2.45468371927533
2024-10-18,AU,2.51807909820708
2024-10-18,CA,3.34978761870692
2024-10-18,DE,2.30909512511935
2024-10-18,FR,2.20909861896843
2024-10-18,GB,2.83198662146274
2024-10-18,IE,5.70356007883354
2024-10-18,IT,2.90246939038652
2024-10-18,NL,1.97424160987683
2024-10-18,US,2.45703676095748
2024-10-19,AU,2.52404172849079
2024-10-19,CA,3.35463281725122
2024-10-19,DE,2.31062618836149
2024-10-19,FR,2.21231117218447
2024-10-19,GB,2.82971434403494
2024-10-19,IE,5.68169244974395
2024-10-19,IT,2.89223831288979
2024-10-19,NL,1.97221061831746
2024-10-19,US,2.45824240285127
2024-10-20,AU,2.53201521114934
2024-10-20,CA,3.35827313690496
2024-10-20,DE,2.31135057354207
2024-10-20,FR,2.2144321868161
2024-10-20,GB,2.83085542557524
2024-10-20,IE,5.68557855269463
2024-10-20,IT,2.88352313432844
2024-10-20,NL,1.97223319135564
2024-10-20,US,2.46330035953063
2024-10-21,AU,2.54176770598834
2024-10-21,CA,3.36229095949155
2024-10-21,DE,2.31346393131087
2024-10-21,FR,2.21600917649971
2024-10-21,GB,2.83035733167996
2024-10-21,IE,5.7068380544848
2024-10-21,IT,2.87662400974389
2024-10-21,NL,1.97343055285438
2024-10-21,US,2.46764082907186
2024-10-22,AU,2.55094049129276
2024-10-22,CA,3.36933310468033
2024-10-22,DE,2.31430913952747
2024-10-22,FR,2.22201228835209
2024-10-22,GB,2.83359607224481
2024-10-22,IE,5.73505164207921
2024-10-22,IT,2.87274755841066
2024-10-22,NL,1.97540945997669
2024-10-22,US,2.47127617977477
2024-10-23,AU,2.55333651192822
2024-10-23,CA,3.3735454939316
2024-10-23,DE,2.31377803124189
2024-10-23,FR,2.22513223059877
2024-10-23,GB,2.84181747400665
2024-10-23,IE,5.75582808069259
2024-10-23,IT,2.86931664550944
2024-10-23,NL,1.97853090844364
2024-10-23,US,2.47754971462223
2024-10-24,AU,2.56439920906971
2024-10-24,CA,3.38132697240397
2024-10-24,DE,2.31649297534149
2024-10-24,FR,2.23518471704907
2024-10-24,GB,2.85033894041948
2024-10-24,IE,5.76815348810334
2024-10-24,IT,2.87337733563385
2024-10-24,NL,1.98374317999785
2024-10-24,US,2.48704243507029
2024-10-25,AU,2.56668319102695
2024-10-25,CA,3.37599707084579
2024-10-25,DE,2.3135774022713
2024-10-25,FR,2.24685017764898
2024-10-25,GB,2.85672824785345
2024-10-25,IE,5.79917787625129
2024-10-25,IT,2.87873801444888
2024-10-25,NL,1.98838015469084
2024-10-25,US,2.49163039902283
2024-10-26,AU,2.5743056471173
2024-10-26,CA,3.37582419083649
2024-10-26,DE,2.31090530333962
2024-10-26,FR,2.25940419272968
2024-10-26,GB,2.867280414547
2024-10-26,IE,5.83350884021821
2024-10-26,IT,2.88907755303659
2024-10-26,NL,1.99306892318633
2024-10-26,US,2.50206041445223
2024-10-27,AU,2.5758643116524
2024-10-27,CA,3.3754488955857
2024-10-27,DE,2.30646023315648
2024-10-27,FR,2.26919115013797
2024-10-27,GB,2.87415054736669
2024-10-27,IE,5.83665338906374
2024-10-27,IT,2.8963331132845
2024-10-27,NL,1.99573788018802
2024-10-27,US,2.50826049020672
2024-10-28,AU,2.58026856619221
2024-10-28,CA,3.37301885396626
2024-10-28,DE,2.29941981664258
2024-10-28,FR,2.28298425860304
2024-10-28,GB,2.88202774374889
2024-10-28,IE,5.81877835182103
2024-10-28,IT,2.90079727140954
2024-10-28,NL,1.99516383104654
2024-10-28,US,2.51471042036101
2024-10-29,AU,2.58477573532511
2024-10-29,CA,3.36447839126158
2024-10-29,DE,2.2954512597425
2024-10-29,FR,2.29603918965659
2024-10-29,GB,2.88667581554597
2024-10-29,IE,5.79634544948398
2024-10-29,IT,2.9075717303931
2024-10-29,NL,1.99865552604232
2024-10-29,US,2.52187338521817
2024-10-30,AU,2.59099893958126
2024-10-30,CA,3.35880711930376
2024-10-30,DE,2.29413020339786
2024-10-30,FR,2.3079824134719
2024-10-30,GB,2.88764934264183
2024-10-30,IE,5.80546513023252
2024-10-30,IT,2.9189469790601
2024-10-30,NL,2.00194731303709
2024-10-30,US,2.53006442206229
2024-10-31,AU,2.60212648473133
2024-10-31,CA,3.34457780491269
2024-10-31,DE,2.29145392672901
2024-10-31,FR,2.31900939979267
2024-10-31,GB,2.89310906282108
2024-10-31,IE,5.83760378855056
2024-10-31,IT,2.92457497860886
2024-10-31,NL,2.00298288313749
2024-10-31,US,2.53600992160605
2024-11-01,AU,2.61518544394916
2024-11-01,CA,3.34248692223992
2024-11-01,DE,2.29237085148733
2024-11-01,FR,2.32510981498858
2024-11-01,GB,2.89940236728813
2024-11-01,IE,5.87341626760061
2024-11-01,IT,2.92786170391542
2024-11-01,NL,2.00163606166646
2024-11-01,US,2.54551190471312
2024-11-02,AU,2.62911812444074
2024-11-02,CA,3.34444585502591
2024-11-02,DE,2.29337947109006
2024-11-02,FR,2.33087115894082
2024-11-02,GB,2.90749577337893
2024-11-02,IE,5.91393009862457
2024-11-02,IT,2.93732863540936
2024-11-02,NL,2.00337495254009
2024-11-02,US,2.55262185698307
2024-11-03,AU,2.64158495175086
2024-11-03,CA,3.34383576523148
2024-11-03,DE,2.29477039483085
2024-11-03,FR,2.33949212261631
2024-11-03,GB,2.91623255369244
2024-11-03,IE,5.95973674966788
2024-11-03,IT,2.94695889849123
2024-11-03,NL,2.00474388697032
2024-11-03,US,2.55917229438611
2024-11-04,AU,2.65029209797905
2024-11-04,CA,3.34326526330177
2024-11-04,DE,2.29683886829058
2024-11-04,FR,2.34456381294423
2024-11-04,GB,2.92654945529701
2024-11-04,IE,6.01278881924427
2024-11-04,IT,2.96387042428327
2024-11-04,NL,2.00751904806121
2024-11-04,US,2.56617731057301
2024-11-05,AU,2.65943574356886
2024-11-05,CA,3.33977136095415
2024-11-05,DE,2.29754111239377
2024-11-05,FR,2.3468476862769
2024-11-05,GB,2.93755133589763
2024-11-05,IE,6.0585480708699
2024-11-05,IT,2.97213022881996
2024-11-05,NL,2.01003521093061
2024-11-05,US,2.57165753158562
2024-11-06,AU,2.66506222368339
2024-11-06,CA,3.33676125726789
2024-11-06,DE,2.29729761212124
2024-11-06,FR,2.35363758919714
2024-11-06,GB,2.94598056267298
2024-11-06,IE,6.06499868572706
2024-11-06,IT,2.97888356632435
2024-11-06,NL,2.01297848269236
2024-11-06,US,2.57417684590215
2024-11-07,AU,2.66549874844814
2024-11-07,CA,3.35219680802381
2024-11-07,DE,2.30019439938671
2024-11-07,FR,2.35587333516796
2024-11-07,GB,2.95057765025968
2024-11-07,IE,6.04939916108663
2024-11-07,IT,2.98429927836491
2024-11-07,NL,2.01689581071079
2024-11-07,US,2.57495579590859
2024-11-08,AU,2.67027234712421
2024-11-08,CA,3.35217592139141
2024-11-08,DE,2.30201816899479
2024-11-08,FR,2.36650707518199
2024-11-08,GB,2.95376862502219
2024-11-08,IE,6.03518289764276
2024-11-08,IT,2.98822104325625
2024-11-08,NL,2.02154845756107
2024-11-08,US,2.5725034432511
2024-11-09,AU,2.67046026987109
2024-11-09,CA,3.34703125003898
2024-11-09,DE,2.30289752893049
2024-11-09,FR,2.37418582955887
2024-11-09,GB,2.95026312891202
2024-11-09,IE,6.01666058728859
2024-11-09,IT,2.9859806490022
2024-11-09,NL,2.02295912645566
2024-11-09,US,2.56969659899322
2024-11-10,AU,2.67531863289368
2024-11-10,CA,3.34492684566853
2024-11-10,DE,2.30341588703888
2024-11-10,FR,2.38278306793972
2024-11-10,GB,2.95051355609844
2024-11-10,IE,6.00335575588125
2024-11-10,IT,2.98410507618439
2024-11-10,NL,2.0249367481593
2024-11-10,US,2.56983349187186
2024-11-11,AU,2.68383213863236
2024-11-11,CA,3.33771215785756
2024-11-11,DE,2.3050461664234
2024-11-11,FR,2.39026019025679
2024-11-11,GB,2.94780475684873
2024-11-11,IE,5.98794560456481
2024-11-11,IT,2.97323383935816
2024-11-11,NL,2.02419810684525
2024-11-11,US,2.57030336637008
2024-11-12,AU,2.6977277822702
2024-11-12,CA,3.33823819960486
2024-11-12,DE,2.30445551700899
2024-11-12,FR,2.40279539157172
2024-11-12,GB,2.94809196597076
2024-11-12,IE,5.98840437694291
2024-11-12,IT,2.96760727532494
2024-11-12,NL,2.01767704676474
2024-11-12,US,2.56824286471157
2024-11-13,AU,2.72017830063926
2024-11-13,CA,3.33895094026085
2024-11-13,DE,2.30398261555494
2024-11-13,FR,2.40900780732053
2024-11-13,GB,2.95064606736726
2024-11-13,IE,6.01730444205669
2024-11-13,IT,2.96284980820159
2024-11-13,NL,2.00985742415727
2024-11-13,US,2.56667365613109
2024-11-14,AU,2.73917371162899
2024-11-14,CA,3.33269216136679
2024-11-14,DE,2.30054377007267
2024-11-14,FR,2.41271650959794
2024-11-14,GB,2.94976122224218
2024-11-14,IE,6.0358725084643
2024-11-14,IT,2.95436865843322
2024-11-14,NL,2.00206943984053
2024-11-14,US,2.5657081881225
2024-11-15,AU,2.75300966521452
2024-11-15,CA,3.33473149296242
2024-11-15,DE,2.29681351686038
2024-11-15,FR,2.41201766094169
2024-11-15,GB,2.95448307735573
2024-11-15,IE,6.04122466925688
2024-11-15,IT,2.94790227337327
2024-11-15,NL,1.99802307894836
2024-11-15,US,2.56678913136073
2024-11-16,AU,2.76890437765857
2024-11-16,CA,3.34064456732331
2024-11-16,DE,2.29218923118509
2024-11-16,FR,2.41399723138963
2024-11-16,GB,2.96506073527707
2024-11-16,IE,6.03390452618136
2024-11-16,IT,2.93918746171608
2024-11-16,NL,1.99343797676975
2024-11-16,US,2.56773206761725
2024-11-17,AU,2.78339266523909
2024-11-17,CA,3.34473758165114
2024-11-17,DE,2.29214489685248
2024-11-17,FR,2.41401386300061
2024-11-17,GB,2.9741119054374
2024-11-17,IE,6.01064028428858
2024-11-17,IT,2.9287554605096
2024-11-17,NL,1.99202197101092
2024-11-17,US,2.56660900481718
2024-11-18,AU,2.79454457955718
2024-11-18,CA,3.35509545618437
2024-11-18,DE,2.29014930626098
2024-11-18,FR,2.41534792647902
2024-11-18,GB,2.98976586877088
2024-11-18,IE,5.99438365495387
2024-11-18,IT,2.9240646378483
2024-11-18,NL,1.99139396327366
2024-11-18,US,2.56814469091555
2024-11-19,AU,2.80573145878561
2024-11-19,CA,3.35998671197649
2024-11-19,DE,2.28849561659154
2024-11-19,FR,2.41363675044244
2024-11-19,GB,3.00732635366803
2024-11-19,IE,5.99027679208434
2024-11-19,IT,2.90908986411358
2024-11-19,NL,1.99346361748768
2024-11-19,US,2.57017706152907
2024-11-20,AU,2.80816542169655
2024-11-20,CA,3.36609143115404
2024-11-20,DE,2.28930849265716
2024-11-20,FR,2.41384926486048
2024-11-20,GB,3.01707226693342
2024-11-20,IE,5.97018982121074
2024-11-20,IT,2.90414981287418
2024-11-20,NL,1.99741529131425
2024-11-20,US,2.57081209364001
2024-11-21,AU,2.81250408208233
2024-11-21,CA,3.37643791515667
2024-11-21,DE,2.29313402433218
2024-11-21,FR,2.41757516648694
2024-11-21,GB,3.03121872125841
2024-11-21,IE,5.98609304809698
2024-11-21,IT,2.90428521016379
2024-11-21,NL,1.99998879834299
2024-11-21,US,2.57263860922039
2024-11-22,AU,2.82558732527796
2024-11-22,CA,3.38466059709023
2024-11-22,DE,2.29728073958937
2024-11-22,FR,2.42034270539246
2024-11-22,GB,3.03959574780661
2024-11-22,IE,6.01304934962488
2024-11-22,IT,2.90071281945737
2024-11-22,NL,2.00154025587339
2024-11-22,US,2.57339867333426
2024-11-23,AU,2.83639190263526
2024-11-23,CA,3.38933248792724
2024-11-23,DE,2.30342936979148
2024-11-23,FR,2.4242719584742
2024-11-23,GB,3.04536489775773
2024-11-23,IE,6.05779338444773
2024-11-23,IT,2.90060638361706
2024-11-23,NL,2.00702335423432
2024-11-23,US,2.5703678031184
2024-11-24,AU,2.84546076621001
2024-11-24,CA,3.39283083938226
2024-11-24,DE,2.3037693997548
2024-11-24,FR,2.42862827657282
2024-11-24,GB,3.04619583728842
2024-11-24,IE,6.10648366944677
2024-11-24,IT,2.89845278580742
2024-11-24,NL,2.00913593146397
2024-11-24,US,2.56771213983606
2024-11-25,AU,2.84942723166705
2024-11-25,CA,3.3934175138134
2024-11-25,DE,2.30503044496369
2024-11-25,FR,2.43020736205026
2024-11-25,GB,3.04032631937602
2024-11-25,IE,6.12454255422897
2024-11-25,IT,2.89084160722036
2024-11-25,NL,2.01154581669376
2024-11-25,US,2.56149988683929
2024-11-26,AU,2.84903481479226
2024-11-26,CA,3.39686727436035
2024-11-26,DE,2.30806007610994
2024-11-26,FR,2.4288348476335
2024-11-26,GB,3.0331927830209
2024-11-26,IE,6.12630433591941
2024-11-26,IT,2.88875796393556
2024-11-26,NL,2.01441019776008
2024-11-26,US,2.56594698685408
2024-11-27,AU,2.8546304971463
2024-11-27,CA,3.40110946257535
2024-11-27,DE,2.30832303337643
2024-11-27,FR,2.4281429665784
2024-11-27,GB,3.0296451131454
2024-11-27,IE,6.13213555325239
2024-11-27,IT,2.87199824477539
2024-11-27,NL,2.01625914607395
2024-11-27,US,2.57339296391134
2024-11-28,AU,2.85613835657151
2024-11-28,CA,3.40132116476762
2024-11-28,DE,2.30641606386727
2024-11-28,FR,2.42662394848319
2024-11-28,GB,3.02863754397802
2024-11-28,IE,6.13236006056338
2024-11-28,IT,2.85793183844712
2024-11-28,NL,2.01786330974171
2024-11-28,US,2.57935740892198
2024-11-29,AU,2.84760497986312
2024-11-29,CA,3.40032928134995
2024-11-29,DE,2.30939125087288
2024-11-29,FR,2.42405644525996
2024-11-29,GB,3.02944589715445
2024-11-29,IE,6.14488265142366
2024-11-29,IT,2.84653172820266
2024-11-29,NL,2.01919693067384
2024-11-29,US,2.5850598429128
2024-11-30,AU,2.8371116074534
2024-11-30,CA,3.4019259109354
2024-11-30,DE,2.30624354162505
2024-11-30,FR,2.41726744122604
2024-11-30,GB,3.02867662163331
2024-11-30,IE,6.13277594231822
2024-11-30,IT,2.83434916345817
2024-11-30,NL,2.01781240068163
2024-11-30,US,2.59416084400408
2024-12-01,AU,2.82991654385796
2024-12-01,CA,3.40487531227346
2024-12-01,DE,2.30862681633149
2024-12-01,FR,2.40809866950693
2024-12-01,GB,3.03591453771684
2024-12-01,IE,6.14649222959429
2024-12-01,IT,2.82131364161936
2024-12-01,NL,2.01217805323004
2024-12-01,US,2.60329442864948
2024-12-02,AU,2.82466020851108
2024-12-02,CA,3.41085917822582
2024-12-02,DE,2.3102685924834
2024-12-02,FR,2.40401704025011
2024-12-02,GB,3.04080491084978
2024-12-02,IE,6.18184823792148
2024-12-02,IT,2.80949890736154
2024-12-02,NL,2.00921581242953
2024-12-02,US,2.61336104758431
2024-12-03,AU,2.82614345953033
2024-12-03,CA,3.41145445356232
2024-12-03,DE,2.31122496593981
2024-12-03,FR,2.40003953158883
2024-12-03,GB,3.04635412219341
2024-12-03,IE,6.21134092075972
2024-12-03,IT,2.7939576283041
2024-12-03,NL,2.00493367331595
2024-12-03,US,2.61351007448844
2024-12-04,AU,2.82211771845189
2024-12-04,CA,3.40940193802345
2024-12-04,DE,2.3120259908911
2024-12-04,FR,2.3934993573442
2024-12-04,GB,3.06141549125739
2024-12-04,IE,6.2376645402769
2024-12-04,IT,2.7925254645706
2024-12-04,NL,1.99878461535464
2024-12-04,US,2.61283503039944
2024-12-05,AU,2.82255026183414
2024-12-05,CA,3.40692807445066
2024-12-05,DE,2.31230182128741
2024-12-05,FR,2.39006353691035
2024-12-05,GB,3.07570649281803
2024-12-05,IE,6.26540158461243
2024-12-05,IT,2.79734137099447
2024-12-05,NL,1.99388833040736
2024-12-05,US,2.61802109042154
2024-12-06,AU,2.82537255512529
2024-12-06,CA,3.405488338154
2024-12-06,DE,2.30795396459844
2024-12-06,FR,2.38503749827882
2024-12-06,GB,3.08735082993797
2024-12-06,IE,6.26846413532027
2024-12-06,IT,2.7467120750874
2024-12-06,NL,1.98652124036243
2024-12-06,US,2.6201295371881
2024-12-07,AU,2.83242444173551
2024-12-07,CA,3.40674272652786
2024-12-07,DE,2.31118263920595
2024-12-07,FR,2.38140379631235
2024-12-07,GB,3.10047470643661
2024-12-07,IE,6.27411697462848
2024-12-07,IT,2.74703530565483
2024-12-07,NL,1.97871085046382
2024-12-07,US,2.62445061776993
2024-12-08,AU,2.83622555898521
2024-12-08,CA,3.40842799655583
2024-12-08,DE,2.30979630539059
2024-12-08,FR,2.37877989545356
2024-12-08,GB,3.10589284403345
2024-12-08,IE,6.25620604153185
2024-12-08,IT,2.74785864470637
2024-12-08,NL,1.97431824747582
2024-12-08,US,2.62603855044988
2024-12-09,AU,2.83533080767084
2024-12-09,CA,3.4072089221013
2024-12-09,DE,2.31036881075919
2024-12-09,FR,2.37431241629381
2024-12-09,GB,3.11729151804895
2024-12-09,IE,6.24247921359387
2024-12-09,IT,2.74551820228121
2024-12-09,NL,1.96718407770097
2024-12-09,US,2.62942341130842
2024-12-10,AU,2.83132388657707
2024-12-10,CA,3.40640726141915
2024-12-10,DE,2.31043248676161
2024-12-10,FR,2.37021219279589
2024-12-10,GB,3.12884666202825
2024-12-10,IE,6.23450474186612
2024-12-10,IT,2.7504191332557
2024-12-10,NL,1.96380302533423
2024-12-10,US,2.63387872928567
2024-12-11,AU,2.83102579035466
2024-12-11,CA,3.40912390365948
2024-12-11,DE,2.31060843687485
2024-12-11,FR,2.36467844994318
2024-12-11,GB,3.1339109163292
2024-12-11,IE,6.24450151840499
2024-12-11,IT,2.74844194115473
2024-12-11,NL,1.96297619565542
2024-12-11,US,2.64222569954946
2024-12-12,AU,2.82904436751868
2024-12-12,CA,3.413530866473
2024-12-12,DE,2.31393114204196
2024-12-12,FR,2.35193944736684
2024-12-12,GB,3.13928173763777
2024-12-12,IE,6.25854665480282
2024-12-12,IT,2.74327648403797
2024-12-12,NL,1.96547250806837
2024-12-12,US,2.64439922115682
2024-12-13,AU,2.83035903685706
2024-12-13,CA,3.416679793345
2024-12-13,DE,2.31600849353454
2024-12-13,FR,2.34461555635563
2024-12-13,GB,3.14796543144303
2024-12-13,IE,6.27986553957161
2024-12-13,IT,2.78621752830704
2024-12-13,NL,1.97297407354003
2024-12-13,US,2.64817697156906
2024-12-14,AU,2.82104345734285
2024-12-14,CA,3.41933178054106
2024-12-14,DE,2.31702895226313
2024-12-14,FR,2.33401537642099
2024-12-14,GB,3.14395126874937
2024-12-14,IE,6.31126867685758
2024-12-14,IT,2.77428941915076
2024-12-14,NL,1.97697513734452
2024-12-14,US,2.65070749007121
2024-12-15,AU,2.81989516769329
2024-12-15,CA,3.42873431145696
2024-12-15,DE,2.32098115160356
2024-12-15,FR,2.32629049439871
2024-12-15,GB,3.15729190768199
2024-12-15,IE,6.35777982025043
2024-12-15,IT,2.76814004521591
2024-12-15,NL,1.98634936348302
2024-12-15,US,2.65955988574593
2024-12-16,AU,2.82806283320018
2024-12-16,CA,3.44094195489205
2024-12-16,DE,2.32371382240593
2024-12-16,FR,2.31713514991424
2024-12-16,GB,3.16898286702642
2024-12-16,IE,6.40601697552897
2024-12-16,IT,2.76315288469937
2024-12-16,NL,1.99454020480632
2024-12-16,US,2.66598913518875
2024-12-17,AU,2.82883130814668
2024-12-17,CA,3.45575895074145
2024-12-17,DE,2.32601692886583
2024-12-17,FR,2.30900454116859
2024-12-17,GB,3.18058981063105
2024-12-17,IE,6.44056056105045
2024-12-17,IT,2.75675570009704
2024-12-17,NL,2.00204646252435
2024-12-17,US,2.6722049231991
2024-12-18,AU,2.82646339045823
2024-12-18,CA,3.47067023004013
2024-12-18,DE,2.32873995516903
2024-12-18,FR,2.3035998403178
2024-12-18,GB,3.1975554504353
2024-12-18,IE,6.47262053827887
2024-12-18,IT,2.75004056020922
2024-12-18,NL,2.00924174137608
2024-12-18,US,2.67333755806765
2024-12-19,AU,2.82684818731787
2024-12-19,CA,3.48496525087735
2024-12-19,DE,2.33246538821139
2024-12-19,FR,2.30003638503161
2024-12-19,GB,3.21539946018464
2024-12-19,IE,6.49708171365039
2024-12-19,IT,2.73998024981279
2024-12-19,NL,2.01105809512584
2024-12-19,US,2.67642446120387
2024-12-20,AU,2.8239588904841
2024-12-20,CA,3.50415680423482
2024-12-20,DE,2.33663990821238
2024-12-20,FR,2.2930997285815
2024-12-20,GB,3.23352600933734
2024-12-20,IE,6.53006281596034
2024-12-20,IT,2.73560136051973
2024-12-20,NL,2.01242637268963
2024-12-20,US,2.68058874527682
2024-12-21,AU,2.8305711445377
2024-12-21,CA,3.5204080499699
2024-12-21,DE,2.34374044125453
2024-12-21,FR,2.28946982945949
2024-12-21,GB,3.27126754460346
2024-12-21,IE,6.57498549392303
2024-12-21,IT,2.73998936243697
2024-12-21,NL,2.02229494207707
2024-12-21,US,2.68657616281419
2024-12-22,AU,2.8316861904425
2024-12-22,CA,3.53079980411572
2024-12-22,DE,2.34841400197907
2024-12-22,FR,2.28415187854407
2024-12-22,GB,3.2960587302132
2024-12-22,IE,6.59853682908044
2024-12-22,IT,2.73720150011509
2024-12-22,NL,2.02867763294335
2024-12-22,US,2.68871965513172
2024-12-23,AU,2.83356105510599
2024-12-23,CA,3.54087252180695
2024-12-23,DE,2.35446464222708
2024-12-23,FR,2.28010571699405
2024-12-23,GB,3.32002144415469
2024-12-23,IE,6.61030473064443
2024-12-23,IT,2.73637864392532
2024-12-23,NL,2.03313711550573
2024-12-23,US,2.69093414364357
2024-12-24,AU,2.83826224474957
2024-12-24,CA,3.55662050967163
2024-12-24,DE,2.36407828677799
2024-12-24,FR,2.27867143632836
2024-12-24,GB,3.34539751712462
2024-12-24,IE,6.6489330983978
2024-12-24,IT,2.74206524691002
2024-12-24,NL,2.04007418580734
2024-12-24,US,2.69497086266271
2024-12-25,AU,2.84547058399256
2024-12-25,CA,3.57042704847724
2024-12-25,DE,2.3730690000102
2024-12-25,FR,2.27826771881603
2024-12-25,GB,3.36613369171512
2024-12-25,IE,6.67555997474202
2024-12-25,IT,2.75156948375907
2024-12-25,NL,2.0455799611015
2024-12-25,US,2.69983257306873
2024-12-26,AU,2.85327060814454
2024-12-26,CA,3.58651080873033
2024-12-26,DE,2.37974747721585
2024-12-26,FR,2.28106086481135
2024-12-26,GB,3.38637921024489
2024-12-26,IE,6.70139872881612
2024-12-26,IT,2.76237627388341
2024-12-26,NL,2.05360769282506
2024-12-26,US,2.70452908672132
2024-12-27,AU,2.86396823648165
2024-12-27,CA,3.59747215038275
2024-12-27,DE,2.38756400577933
2024-12-27,FR,2.2837519763752
2024-12-27,GB,3.40448075236798
2024-12-27,IE,6.72060816787465
2024-12-27,IT,2.77640692899069
2024-12-27,NL,2.05748369711206
2024-12-27,US,2.70732597573825
2024-12-28,AU,2.87802364535869
2024-12-28,CA,3.60856582239812
2024-12-28,DE,2.39289727402496
2024-12-28,FR,2.28701452568324
2024-12-28,GB,3.41346633477669
2024-12-28,IE,6.73260836224913
2024-12-28,IT,2.79200820550725
2024-12-28,NL,2.05821793554704
2024-12-28,US,2.70914177197306
2024-12-29,AU,2.88887358184584
2024-12-29,CA,3.61884303475112
2024-12-29,DE,2.39677137118842
2024-12-29,FR,2.29066906610053
2024-12-29,GB,3.41626489997134
2024-12-29,IE,6.7569962580873
2024-12-29,IT,2.81229748392633
2024-12-29,NL,2.05768434485061
2024-12-29,US,2.70980895252033
2024-12-30,AU,2.9007818639801
2024-12-30,CA,3.62902487411846
2024-12-30,DE,2.40231311677069
2024-12-30,FR,2.29553637264164
2024-12-30,GB,3.42633827348072
2024-12-30,IE,6.78793381950271
2024-12-30,IT,2.8333033900342
2024-12-30,NL,2.0616955245614
2024-12-30,US,2.71034677044871
2024-12-31,AU,2.91269503231298
2024-12-31,CA,3.63266993650084
2024-12-31,DE,2.40707096714185
2024-12-31,FR,2.29875270241167
2024-12-31,GB,3.42989276618267
2024-12-31,IE,6.80119971685506
2024-12-31,IT,2.85286254498571
2024-12-31,NL,2.06126719009478
2024-12-31,US,2.70877220538068
2025-01-01,AU,2.93050846346851
2025-01-01,CA,3.63516292466136
2025-01-01,DE,2.41318844972937
2025-01-01,FR,2.29761367125838
2025-01-01,GB,3.43574714432842
2025-01-01,IE,6.81313767536268
2025-01-01,IT,2.87046424856706
2025-01-01,NL,2.05991560023103
2025-01-01,US,2.70790869293161
2025-01-02,AU,2.9478432198857
2025-01-02,CA,3.63311339349924
2025-01-02,DE,2.42112504431424
2025-01-02,FR,2.29702224250434
2025-01-02,GB,3.4422462532668
2025-01-02,IE,6.83741582205507
2025-01-02,IT,2.88694759549522
2025-01-02,NL,2.05759685705037
2025-01-02,US,2.70798660701022
2025-01-03,AU,2.96067230739696
2025-01-03,CA,3.6261576645291
2025-01-03,DE,2.42838217171428
2025-01-03,FR,2.29593373589479
2025-01-03,GB,3.443968748285
2025-01-03,IE,6.8404998710025
2025-01-03,IT,2.90566555962009
2025-01-03,NL,2.05717501766629
2025-01-03,US,2.70851549945305
2025-01-04,AU,2.97020527027403
2025-01-04,CA,3.62291960722371
2025-01-04,DE,2.43394665891732
2025-01-04,FR,2.29105793567554
2025-01-04,GB,3.43748976641279
2025-01-04,IE,6.8365522151253
2025-01-04,IT,2.91800945712717
2025-01-04,NL,2.0564825452788
2025-01-04,US,2.70770878692032
2025-01-05,AU,2.97689090022881
2025-01-05,CA,3.6179900897272
2025-01-05,DE,2.43898768613414
2025-01-05,FR,2.28600125378876
2025-01-05,GB,3.43471585003901
2025-01-05,IE,6.83411200355643
2025-01-05,IT,2.92815719784935
2025-01-05,NL,2.05584462885712
2025-01-05,US,2.70787988927384
2025-01-06,AU,2.98847747041383
2025-01-06,CA,3.61264048101221
2025-01-06,DE,2.44309640344029
2025-01-06,FR,2.27994812815776
2025-01-06,GB,3.42632933720025
2025-01-06,IE,6.8295362341933
2025-01-06,IT,2.93671442777162
2025-01-06,NL,2.05458140864529
2025-01-06,US,2.70782149827703
2025-01-07,AU,2.99727783611206
2025-01-07,CA,3.6094477548003
2025-01-07,DE,2.45244539652572
2025-01-07,FR,2.27039156968386
2025-01-07,GB,3.41731150466463
2025-01-07,IE,6.825350785264
2025-01-07,IT,2.94284332889146
2025-01-07,NL,2.05269976642854
2025-01-07,US,2.70756167336659
2025-01-08,AU,2.9944242517835
2025-01-08,CA,3.60651154868809
2025-01-08,DE,2.45904095193469
2025-01-08,FR,2.26795481628034
2025-01-08,GB,3.40474662517163
2025-01-08,IE,6.81638881418738
2025-01-08,IT,2.94535776205536
2025-01-08,NL,2.05307476170766
2025-01-08,US,2.70723674379309
2025-01-09,AU,2.9896741403594
2025-01-09,CA,3.598373646746
2025-01-09,DE,2.46294921276969
2025-01-09,FR,2.2649145616619
2025-01-09,GB,3.38683382707672
2025-01-09,IE,6.77335714743252
2025-01-09,IT,2.93850359937108
2025-01-09,NL,2.05741691807943
2025-01-09,US,2.70532853906413
2025-01-10,AU,2.98864194684847
2025-01-10,CA,3.60073632780599
2025-01-10,DE,2.46893237253594
2025-01-10,FR,2.26394177470858
2025-01-10,GB,3.37170487588796
2025-01-10,IE,6.74219626814607
2025-01-10,IT,2.92796441801533
2025-01-10,NL,2.06325524861714
2025-01-10,US,2.70439467792727
2025-01-11,AU,2.98231178140926
2025-01-11,CA,3.59752563712843
2025-01-11,DE,2.47418134552621
2025-01-11,FR,2.26646271055557
2025-01-11,GB,3.36399134780055
2025-01-11,IE,6.7124030496697
2025-01-11,IT,2.91306467856413
2025-01-11,NL,2.06621993570285
2025-01-11,US,2.70520449503134
2025-01-12,AU,2.98169878517643
2025-01-12,CA,3.59551373639098
2025-01-12,DE,2.48334597117301
2025-01-12,FR,2.26842207591243
2025-01-12,GB,3.36071351406855
2025-01-12,IE,6.6767531399979
2025-01-12,IT,2.89456393363023
2025-01-12,NL,2.06829395637758
2025-01-12,US,2.70771269326619
2025-01-13,AU,2.97350716499659
2025-01-13,CA,3.59470902099148
2025-01-13,DE,2.49065815742511
2025-01-13,FR,2.26940340978112
2025-01-13,GB,3.35307944383965
2025-01-13,IE,6.64432112376296
2025-01-13,IT,2.88308084187047
2025-01-13,NL,2.07119689675243
2025-01-13,US,2.71129476936017
2025-01-14,AU,2.97392368346008
2025-01-14,CA,3.59974605218107
2025-01-14,DE,2.49036914717576
2025-01-14,FR,2.27587800864013
2025-01-14,GB,3.34252013632352
2025-01-14,IE,6.61484982142261
2025-01-14,IT,2.86638183688755
2025-01-14,NL,2.07649865930981
2025-01-14,US,2.71617187264688
2025-01-15,AU,2.98041138421946
2025-01-15,CA,3.60237463889796
2025-01-15,DE,2.49173607064454
2025-01-15,FR,2.27253228497962
2025-01-15,GB,3.33018934432689
2025-01-15,IE,6.5626700150292
2025-01-15,IT,2.84805839414756
2025-01-15,NL,2.07854527238855
2025-01-15,US,2.71842470034529
2025-01-16,AU,2.98801185659763
2025-01-16,CA,3.61399503697726
2025-01-16,DE,2.49376603984269
2025-01-16,FR,2.27335144953599
2025-01-16,GB,3.32257968373754
2025-01-16,IE,6.54766353983287
2025-01-16,IT,2.83441060623247
2025-01-16,NL,2.07776295694076
2025-01-16,US,2.72140976572557
2025-01-17,AU,2.99586569617184
2025-01-17,CA,3.6230063505431
2025-01-17,DE,2.49522614526336
2025-01-17,FR,2.27395844711335
2025-01-17,GB,3.31868199445011
2025-01-17,IE,6.52577697572311
2025-01-17,IT,2.81554624149791
2025-01-17,NL,2.07503782934084
2025-01-17,US,2.72457777732663
2025-01-18,AU,3.00683396470793
2025-01-18,CA,3.63540161758565
2025-01-18,DE,2.49687781685224
2025-01-18,FR,2.27349698957863
2025-01-18,GB,3.31693167946476
2025-01-18,IE,6.51525678889439
2025-01-18,IT,2.80205615317896
2025-01-18,NL,2.07329784595834
2025-01-18,US,2.72940340754794
2025-01-19,AU,3.0164620641475
2025-01-19,CA,3.64829770607244
2025-01-19,DE,2.49722309929248
2025-01-19,FR,2.27377196542325
2025-01-19,GB,3.3129904003685
2025-01-19,IE,6.49884155373442
2025-01-19,IT,2.79514006731306
2025-01-19,NL,2.07431134757603
2025-01-19,US,2.73184538394167
2025-01-20,AU,3.02776669043263
2025-01-20,CA,3.66206336031709
2025-01-20,DE,2.49809449886131
2025-01-20,FR,2.27538542154863
2025-01-20,GB,3.30837917741568
2025-01-20,IE,6.48873608980107
2025-01-20,IT,2.78168582035403
2025-01-20,NL,2.07689402264012
2025-01-20,US,2.73360172396102
2025-01-21,AU,3.03817630917627
2025-01-21,CA,3.6646685618636
2025-01-21,DE,2.50263881464791
2025-01-21,FR,2.27345332659511
2025-01-21,GB,3.3163102685334
2025-01-21,IE,6.4680663248791
2025-01-21,IT,2.77257470034608
2025-01-21,NL,2.0821945152146
2025-01-21,US,2.73294402214255
2025-01-22,AU,3.04108049714263
2025-01-22,CA,3.67259475038765
2025-01-22,DE,2.5066997694078
2025-01-22,FR,2.27677726932775
2025-01-22,GB,3.32459000733558
2025-01-22,IE,6.47187204969067
2025-01-22,IT,2.76540541017273
2025-01-22,NL,2.08888896004344
2025-01-22,US,2.73593319922772
2025-01-23,AU,3.04529189735398
2025-01-23,CA,3.67520246427433
2025-01-23,DE,2.51279276007949
2025-01-23,FR,2.27536243748529
2025-01-23,GB,3.33796152252054
2025-01-23,IE,6.45431227817436
2025-01-23,IT,2.76706507623979
2025-01-23,NL,2.09842820915396
2025-01-23,US,2.7382117363064
2025-01-24,AU,3.05056914730674
2025-01-24,CA,3.6779474874083
2025-01-24,DE,2.51445135592859
2025-01-24,FR,2.27150507645407
2025-01-24,GB,3.34542672700879
2025-01-24,IE,6.44692587885069
2025-01-24,IT,2.77165849389676
2025-01-24,NL,2.10115070047473
2025-01-24,US,2.7412930849883
2025-01-25,AU,3.05720990141447
2025-01-25,CA,3.67753346585878
2025-01-25,DE,2.51942215820424
2025-01-25,FR,2.27046197096482
2025-01-25,GB,3.35722410385525
2025-01-25,IE,6.45432671487895
2025-01-25,IT,2.77744097573671
2025-01-25,NL,2.10540114182547
2025-01-25,US,2.74305876897674
2025-01-26,AU,3.06099693489933
2025-01-26,CA,3.67422496367387
2025-01-26,DE,2.52349013957473
2025-01-26,FR,2.26794383660476
2025-01-26,GB,3.36214467438869
2025-01-26,IE,6.45291648403385
2025-01-26,IT,2.77685660767941
2025-01-26,NL,2.10780894395938
2025-01-26,US,2.74381708358307
2025-01-27,AU,3.06264732107579
2025-01-27,CA,3.6684177076363
2025-01-27,DE,2.5279189864992
2025-01-27,FR,2.26449267612249
2025-01-27,GB,3.36716857065397
2025-01-27,IE,6.44434197631203
2025-01-27,IT,2.77580600435084
2025-01-27,NL,2.10667855449023
2025-01-27,US,2.74760117875079
2025-01-28,AU,3.06035360732985
2025-01-28,CA,3.66601363353282
2025-01-28,DE,2.53142887007563
2025-01-28,FR,2.25564162099645
2025-01-28,GB,3.36592930252199
2025-01-28,IE,6.43692246621891
2025-01-28,IT,2.77664249465836
2025-01-28,NL,2.10265075106497
2025-01-28,US,2.75530142122601
2025-01-29,AU,3.05761902879529
2025-01-29,CA,3.66451852401277
2025-01-29,DE,2.53714706428286
2025-01-29,FR,2.25351413940434
2025-01-29,GB,3.36166208505084
2025-01-29,IE,6.4353452676932
2025-01-29,IT,2.77848095711415
2025-01-29,NL,2.09949366632926
2025-01-29,US,2.75949325502641
2025-01-30,AU,3.05198967655782
2025-01-30,CA,3.66755430565927
2025-01-30,DE,2.53859741093843
2025-01-30,FR,2.25116333490142
2025-01-30,GB,3.36483614137906
2025-01-30,IE,6.43111579452132
2025-01-30,IT,2.7750348668555
2025-01-30,NL,2.09431764834878
2025-01-30,US,2.76518041849651
2025-01-31,AU,3.04019254745667
2025-01-31,CA,3.67104018069615
2025-01-31,DE,2.54301652489504
2025-01-31,FR,2.2508472108903
2025-01-31,GB,3.37196287635406
2025-01-31,IE,6.43018901355707
2025-01-31,IT,2.77152675901661
2025-01-31,NL,2.09576880632207
2025-01-31,US,2.76990398079451
2025-02-01,AU,3.03159429862491
2025-02-01,CA,3.67444834429211
2025-02-01,DE,2.54505273327687
2025-02-01,FR,2.25063469507894
2025-02-01,GB,3.38283944819091
2025-02-01,IE,6.40894913751275
2025-02-01,IT,2.76667038849253
2025-02-01,NL,2.09339173799403
2025-02-01,US,2.77581541925347
2025-02-02,AU,3.02299476227263
2025-02-02,CA,3.68438555086609
2025-02-02,DE,2.54621857981501
2025-02-02,FR,2.25017444916953
2025-02-02,GB,3.3975748444896
2025-02-02,IE,6.39542815916861
2025-02-02,IT,2.76558506150151
2025-02-02,NL,2.09182622232323
2025-02-02,US,2.78238681270934
2025-02-03,AU,3.01525905533368
2025-02-03,CA,3.69657094807892
2025-02-03,DE,2.54611382477164
2025-02-03,FR,2.24971109657035
2025-02-03,GB,3.41846390849598
2025-02-03,IE,6.38209290158183
2025-02-03,IT,2.76661450703162
2025-02-03,NL,2.09205332515805
2025-02-03,US,2.78504607408551
2025-02-04,AU,3.01148270551195
2025-02-04,CA,3.71280443120967
2025-02-04,DE,2.54380766532421
2025-02-04,FR,2.25744348480167
2025-02-04,GB,3.43497795699293
2025-02-04,IE,6.3886692503612
2025-02-04,IT,2.76456650418203
2025-02-04,NL,2.08992991573353
2025-02-04,US,2.78703555537692
2025-02-05,AU,3.01523691728483
2025-02-05,CA,3.72282353505954
2025-02-05,DE,2.54310196494756
2025-02-05,FR,2.2600123481569
2025-02-05,GB,3.45421716548579
2025-02-05,IE,6.39271737234986
2025-02-05,IT,2.76112610761773
2025-02-05,NL,2.08923240767716
2025-02-05,US,2.79151943352367
2025-02-06,AU,3.02277376131772
2025-02-06,CA,3.72752613973919
2025-02-06,DE,2.54465971154531
2025-02-06,FR,2.26108869114541
2025-02-06,GB,3.46337113606891
2025-02-06,IE,6.38859989986874
2025-02-06,IT,2.7548103009423
2025-02-06,NL,2.0878437497287
2025-02-06,US,2.79418066015265
2025-02-07,AU,3.03455597597716
2025-02-07,CA,3.73036397845786
2025-02-07,DE,2.54531727340126
2025-02-07,FR,2.26465732853644
2025-02-07,GB,3.47192251240561
2025-02-07,IE,6.38679025927494
2025-02-07,IT,2.74932512740279
2025-02-07,NL,2.08723423715737
2025-02-07,US,2.79726296025048
2025-02-08,AU,3.04702796503729
2025-02-08,CA,3.73682585425802
2025-02-08,DE,2.55040742415089
2025-02-08,FR,2.26505302670005
2025-02-08,GB,3.47508789460495
2025-02-08,IE,6.40596656535584
2025-02-08,IT,2.75196124200744
2025-02-08,NL,2.09122548522694
2025-02-08,US,2.7990215772141
2025-02-09,AU,3.06221053477982
2025-02-09,CA,3.73639109441352
2025-02-09,DE,2.55484982711542
2025-02-09,FR,2.26609108944406
2025-02-09,GB,3.479569005211
2025-02-09,IE,6.4229036561272
2025-02-09,IT,2.75379350319224
2025-02-09,NL,2.09509671308142
2025-02-09,US,2.80094847498541
2025-02-10,AU,3.07819074231754
2025-02-10,CA,3.73411036219317
2025-02-10,DE,2.56233005704632
2025-02-10,FR,2.26886657323027
2025-02-10,GB,3.4832191176467
2025-02-10,IE,6.44469796281645
2025-02-10,IT,2.75625343790171
2025-02-10,NL,2.0991112275751
2025-02-10,US,2.80408682790589
2025-02-11,AU,3.09236137914033
2025-02-11,CA,3.73167419178729
2025-02-11,DE,2.5694504106486
2025-02-11,FR,2.27139019655852
2025-02-11,GB,3.49080506145279
2025-02-11,IE,6.46467884938985
2025-02-11,IT,2.76103322875898
2025-02-11,NL,2.10839530027055
2025-02-11,US,2.80551796403708
2025-02-12,AU,3.1030239831149
2025-02-12,CA,3.73260587315939
2025-02-12,DE,2.56924452766791
2025-02-12,FR,2.27346863800101
2025-02-12,GB,3.49820792949489
2025-02-12,IE,6.46942647002577
2025-02-12,IT,2.76504283021674
2025-02-12,NL,2.12043935438558
2025-02-12,US,2.80491703127435
2025-02-13,AU,3.11571597212852
2025-02-13,CA,3.73689649615651
2025-02-13,DE,2.57973024521981
2025-02-13,FR,2.27852092691303
2025-02-13,GB,3.50713198876568
2025-02-13,IE,6.48567610228844
2025-02-13,IT,2.77264173833849
2025-02-13,NL,2.13314987716802
2025-02-13,US,2.80360090022775
2025-02-14,AU,3.12566191610802
2025-02-14,CA,3.74420352235616
2025-02-14,DE,2.58314517391334
2025-02-14,FR,2.28076610388906
2025-02-14,GB,3.51110636455368
2025-02-14,IE,6.51299149863206
2025-02-14,IT,2.7817165603735
2025-02-14,NL,2.14243624262984
2025-02-14,US,2.79935439863235
2025-02-15,AU,3.12884370588085
2025-02-15,CA,3.73881103641634
2025-02-15,DE,2.57820915902566
2025-02-15,FR,2.28037702179299
2025-02-15,GB,3.50016496279435
2025-02-15,IE,6.47064356998839
2025-02-15,IT,2.77530757406215
2025-02-15,NL,2.14552250975058
2025-02-15,US,2.78986624473648
2025-02-16,AU,3.13793375581535
2025-02-16,CA,3.74667627895028
2025-02-16,DE,2.57835748333551
2025-02-16,FR,2.28395803119914
2025-02-16,GB,3.50188881328279
2025-02-16,IE,6.49304853304963
2025-02-16,IT,2.78469887598193
2025-02-16,NL,2.15626967613089
2025-02-16,US,2.78599510751123
2025-02-17,AU,3.1509878564008
2025-02-17,CA,3.75501482838617
2025-02-17,DE,2.57692635947373
2025-02-17,FR,2.28688235610228
2025-02-17,GB,3.49974503699314
2025-02-17,IE,6.51442176055102
2025-02-17,IT,2.79441411781352
2025-02-17,NL,2.16467082646096
2025-02-17,US,2.78175027544203
2025-02-18,AU,3.16133480024523
2025-02-18,CA,3.76208473276812
2025-02-18,DE,2.57676853316524
2025-02-18,FR,2.29101905147642
2025-02-18,GB,3.49563034821518
2025-02-18,IE,6.51455889333231
2025-02-18,IT,2.79779166944113
2025-02-18,NL,2.16918805796723
2025-02-18,US,2.77773434194299
2025-02-19,AU,3.17750029324996
2025-02-19,CA,3.76798277888681
2025-02-19,DE,2.58219091674149
2025-02-19,FR,2.29798388377018
2025-02-19,GB,3.49488619842688
2025-02-19,IE,6.51887113247084
2025-02-19,IT,2.80020301952171
2025-02-19,NL,2.16877299831267
2025-02-19,US,2.77617709033762
2025-02-20,AU,3.1873516419397
2025-02-20,CA,3.7689251026185
2025-02-20,DE,2.57717855866165
2025-02-20,FR,2.30319570613757
2025-02-20,GB,3.48764435741723
2025-02-20,IE,6.51275357804048
2025-02-20,IT,2.80839315466867
2025-02-20,NL,2.16721625266327
2025-02-20,US,2.77403386083675
2025-02-21,AU,3.19894336841517
2025-02-21,CA,3.76669178268888
2025-02-21,DE,2.58246302030354
2025-02-21,FR,2.30976704060517
2025-02-21,GB,3.48495312169961
2025-02-21,IE,6.49724415375927
2025-02-21,IT,2.81468442464606
2025-02-21,NL,2.16856243488164
2025-02-21,US,2.77279980879007
2025-02-22,AU,3.21436359643661
2025-02-22,CA,3.77666001041721
2025-02-22,DE,2.59161113110325
2025-02-22,FR,2.32229979871645
2025-02-22,GB,3.49453362836673
2025-02-22,IE,6.56448318888504
2025-02-22,IT,2.83727631233978
2025-02-22,NL,2.17681063271052
2025-02-22,US,2.77993399485204
2025-02-23,AU,3.22304433915614
2025-02-23,CA,3.77463702923259
2025-02-23,DE,2.59713758483378
2025-02-23,FR,2.3312620068426
2025-02-23,GB,3.4900478587207
2025-02-23,IE,6.56685596643895
2025-02-23,IT,2.84322068167403
2025-02-23,NL,2.1765576524258
2025-02-23,US,2.7815192747291
2025-02-24,AU,3.23400040080801
2025-02-24,CA,3.77270078136555
2025-02-24,DE,2.60248287066096
2025-02-24,FR,2.33884459424479
2025-02-24,GB,3.49792308248558
2025-02-24,IE,6.56387887987468
2025-02-24,IT,2.84919528881813
2025-02-24,NL,2.17756570379319
2025-02-24,US,2.78234829337655
2025-02-25,AU,3.25915763686194
2025-02-25,CA,3.77171572803448
2025-02-25,DE,2.60734855332501
2025-02-25,FR,2.34809313271099
2025-02-25,GB,3.51043920570012
2025-02-25,IE,6.57259260651202
2025-02-25,IT,2.86054813436423
2025-02-25,NL,2.18114474401201
2025-02-25,US,2.78201403444138
2025-02-26,AU,3.28473087015442
2025-02-26,CA,3.77167860891942
2025-02-26,DE,2.61214068367634
2025-02-26,FR,2.35792677584127
2025-02-26,GB,3.52464941736502
2025-02-26,IE,6.59681202763394
2025-02-26,IT,2.87354327211265
2025-02-26,NL,2.18388598828083
2025-02-26,US,2.78208349501919
2025-02-27,AU,3.31234899871247
2025-02-27,CA,3.77755986295041
2025-02-27,DE,2.61963903046637
2025-02-27,FR,2.37146753017828
2025-02-27,GB,3.53656134286833
2025-02-27,IE,6.63417778410036
2025-02-27,IT,2.87958957209228
2025-02-27,NL,2.18662570861359
2025-02-27,US,2.78256873424436
2025-02-28,AU,3.34271413522404
2025-02-28,CA,3.78502514082268
2025-02-28,DE,2.62370880372668
2025-02-28,FR,2.38400387106474
2025-02-28,GB,3.54899338151594
2025-02-28,IE,6.67726797781751
2025-02-28,IT,2.88732911838045
2025-02-28,NL,2.18834141050157
2025-02-28,US,2.78381384104167
2025-03-01,AU,3.37751115954506
2025-03-01,CA,3.78831152315573
2025-03-01,DE,2.62887362734513
2025-03-01,FR,2.39511897124015
2025-03-01,GB,3.56221601586512
2025-03-01,IE,6.68417921809532
2025-03-01,IT,2.88702112914201
2025-03-01,NL,2.18721396111528
2025-03-01,US,2.78043206486605
2025-03-02,AU,3.41490917706013
2025-03-02,CA,3.79415215840241
2025-03-02,DE,2.63480062953547
2025-03-02,FR,2.40598024165291
2025-03-02,GB,3.57929816446439
2025-03-02,IE,6.70858172418826
2025-03-02,IT,2.88721083034085
2025-03-02,NL,2.18572008930872
2025-03-02,US,2.7775158665273
2025-03-03,AU,3.4475000126185
2025-03-03,CA,3.80323651085611
2025-03-03,DE,2.63968852330147
2025-03-03,FR,2.41595830190652
2025-03-03,GB,3.58732488044265
2025-03-03,IE,6.74157945984462
2025-03-03,IT,2.88356895475834
2025-03-03,NL,2.18479735454783
2025-03-03,US,2.77577579038769
2025-03-04,AU,3.47441607762593
2025-03-04,CA,3.81360382351183
2025-03-04,DE,2.64361163598169
2025-03-04,FR,2.42543464450728
2025-03-04,GB,3.59503091539089
2025-03-04,IE,6.7771168088578
2025-03-04,IT,2.88912578261334
2025-03-04,NL,2.18126536257485
2025-03-04,US,2.77702154464888
2025-03-05,AU,3.49432514590054
2025-03-05,CA,3.82087298978777
2025-03-05,DE,2.65199469534951
2025-03-05,FR,2.44769855805989
2025-03-05,GB,3.61242422465482
2025-03-05,IE,6.79093155164171
2025-03-05,IT,2.8970803165365
2025-03-05,NL,2.18444517087693
2025-03-05,US,2.77379017599368
2025-03-06,AU,3.51194452654124
2025-03-06,CA,3.82626536912387
2025-03-06,DE,2.65569560846848
2025-03-06,FR,2.45008177555314
2025-03-06,GB,3.61324930241363
2025-03-06,IE,6.78983863311646
2025-03-06,IT,2.90438850881323
2025-03-06,NL,2.18204843934353
2025-03-06,US,2.77081888113549
2025-03-07,AU,3.52271926427596
2025-03-07,CA,3.83290623373646
2025-03-07,DE,2.66191225282802
2025-03-07,FR,2.4508905027162
2025-03-07,GB,3.6128788142983
2025-03-07,IE,6.77895223725972
2025-03-07,IT,2.91576091397648
2025-03-07,NL,2.1801808101592
2025-03-07,US,2.76943699872223
2025-03-08,AU,3.52360570411165
2025-03-08,CA,3.84109901536356
2025-03-08,DE,2.66692350982317
2025-03-08,FR,2.4525641552406
2025-03-08,GB,3.61111930666925
2025-03-08,IE,6.77932714544944
2025-03-08,IT,2.92759529468676
2025-03-08,NL,2.17852219509223
2025-03-08,US,2.76945403580541
2025-03-09,AU,3.52686393590154
2025-03-09,CA,3.85089345668686
2025-03-09,DE,2.67094231421455
2025-03-09,FR,2.4527335116217
2025-03-09,GB,3.60822824757151
2025-03-09,IE,6.75719248308402
2025-03-09,IT,2.94445421970946
2025-03-09,NL,2.17797470706027
2025-03-09,US,2.76770204144525
2025-03-10,AU,3.52917563605704
2025-03-10,CA,3.85864829786632
2025-03-10,DE,2.67717862502386
2025-03-10,FR,2.45659862406887
2025-03-10,GB,3.6069602303665
2025-03-10,IE,6.73602682994544
2025-03-10,IT,2.96329533028717
2025-03-10,NL,2.17840411871125
2025-03-10,US,2.76680471451178
2025-03-11,AU,3.52606408115579
2025-03-11,CA,3.8630922128974
2025-03-11,DE,2.68416920719955
2025-03-11,FR,2.44818430965117
2025-03-11,GB,3.59810391291173
2025-03-11,IE,6.69668009530831
2025-03-11,IT,2.97044026719726
2025-03-11,NL,2.17661414142424
2025-03-11,US,2.76399875946488
2025-03-12,AU,3.53224529604802
2025-03-12,CA,3.8682358563158
2025-03-12,DE,2.68618273550346
2025-03-12,FR,2.42673680381686
2025-03-12,GB,3.57561885054092
2025-03-12,IE,6.69245578864919
2025-03-12,IT,2.97286878392483
2025-03-12,NL,2.17227300941159
2025-03-12,US,2.76183517561977
2025-03-13,AU,3.54112617596422
2025-03-13,CA,3.87121106204533
2025-03-13,DE,2.69372392284926
2025-03-13,FR,2.42944054235323
2025-03-13,GB,3.57558610122648
2025-03-13,IE,6.69532116191562
2025-03-13,IT,2.98107458636032
2025-03-13,NL,2.17528023615083
2025-03-13,US,2.75937735916092
2025-03-14,AU,3.54668793251777
2025-03-14,CA,3.86955329894161
2025-03-14,DE,2.69876034137603
2025-03-14,FR,2.43276024900527
2025-03-14,GB,3.57718102248622
2025-03-14,IE,6.6952958590126
2025-03-14,IT,2.98667316473789
2025-03-14,NL,2.17970001841458
2025-03-14,US,2.75344858001829
2025-03-15,AU,3.56051478291446
2025-03-15,CA,3.87160604053572
2025-03-15,DE,2.70644368712346
2025-03-15,FR,2.43526178683815
2025-03-15,GB,3.58108406670355
2025-03-15,IE,6.70016437395704
2025-03-15,IT,2.99338294464772
2025-03-15,NL,2.1848455136124
2025-03-15,US,2.74769098292801
2025-03-16,AU,3.57248267178526
2025-03-16,CA,3.86880357585
2025-03-16,DE,2.71411053232368
2025-03-16,FR,2.43882631339016
2025-03-16,GB,3.58287493297403
2025-03-16,IE,6.710682408132
2025-03-16,IT,2.99239784455175
2025-03-16,NL,2.18923270399986
2025-03-16,US,2.74347198274538
2025-03-17,AU,3.58101594651945
2025-03-17,CA,3.86457362235048
2025-03-17,DE,2.71932367667955
2025-03-17,FR,2.43882120910294
2025-03-17,GB,3.58577487114177
2025-03-17,IE,6.71355850337583
2025-03-17,IT,2.99308074993296
2025-03-17,NL,2.19139466525513
2025-03-17,US,2.73693604279717
2025-03-18,AU,3.58611448908852
2025-03-18,CA,3.86439365712185
2025-03-18,DE,2.72559268007076
2025-03-18,FR,2.45588805856005
2025-03-18,GB,3.59342745696816
2025-03-18,IE,6.75070516895097
2025-03-18,IT,3.00045665321389
2025-03-18,NL,2.19624632301598
2025-03-18,US,2.72984150100496
2025-03-19,AU,3.58494322123165
2025-03-19,CA,3.86114022750335
2025-03-19,DE,2.73157725145089
2025-03-19,FR,2.47919266789478
2025-03-19,GB,3.60061115718992
2025-03-19,IE,6.76111997688676
2025-03-19,IT,3.01118693820095
2025-03-19,NL,2.1997275927871
2025-03-19,US,2.72671883520548
2025-03-20,AU,3.58273103092383
2025-03-20,CA,3.86276321315739
2025-03-20,DE,2.7311394507247
2025-03-20,FR,2.49555921389818
2025-03-20,GB,3.61326887692712
2025-03-20,IE,6.77242688711852
2025-03-20,IT,3.01747335873052
2025-03-20,NL,2.20250065925907
2025-03-20,US,2.72722760948924
2025-03-21,AU,3.58455701690413
2025-03-21,CA,3.8615731099241
2025-03-21,DE,2.73459016207508
2025-03-21,FR,2.51106692082153
2025-03-21,GB,3.62617893928925
2025-03-21,IE,6.78280217917243
2025-03-21,IT,3.0235684330421
2025-03-21,NL,2.1991713520726
2025-03-21,US,2.73079375082048
2025-03-22,AU,3.58110102439166
2025-03-22,CA,3.86008786558459
2025-03-22,DE,2.73674028810901
2025-03-22,FR,2.52728041890127
2025-03-22,GB,3.63968778506772
2025-03-22,IE,6.78857921758342
2025-03-22,IT,3.03194613329964
2025-03-22,NL,2.19554880591986
2025-03-22,US,2.73471737715171
2025-03-23,AU,3.57720985193398
2025-03-23,CA,3.86169624158422
2025-03-23,DE,2.7389289227299
2025-03-23,FR,2.54459615169415
2025-03-23,GB,3.65775085246437
2025-03-23,IE,6.79339594693193
2025-03-23,IT,3.04356928521673
2025-03-23,NL,2.19203411954699
2025-03-23,US,2.739886219612
2025-03-24,AU,3.58031843538806
2025-03-24,CA,3.8636350860824
2025-03-24,DE,2.74199340198808
2025-03-24,FR,2.56340907193292
2025-03-24,GB,3.67009040951292
2025-03-24,IE,6.79700561288973
2025-03-24,IT,3.05650094726775
2025-03-24,NL,2.18901226223285
2025-03-24,US,2.74575890292493
2025-03-25,AU,3.58277021730854
2025-03-25,CA,3.86416761605096
2025-03-25,DE,2.74382958442399
2025-03-25,FR,2.56788935587401
2025-03-25,GB,3.68394411954418
2025-03-25,IE,6.78084625267204
2025-03-25,IT,3.06107310697882
2025-03-25,NL,2.18155699520955
2025-03-25,US,2.75119945901506
2025-03-26,AU,3.58123657170902
2025-03-26,CA,3.86851522010277
2025-03-26,DE,2.74186466522678
2025-03-26,FR,2.56074456890704
2025-03-26,GB,3.69531210946299
2025-03-26,IE,6.76896624693911
2025-03-26,IT,3.05100499907549
2025-03-26,NL,2.1736343849517
2025-03-26,US,2.75556089644155
2025-03-27,AU,3.5806047569857
2025-03-27,CA,3.86878378228294
2025-03-27,DE,2.74523557886897
2025-03-27,FR,2.55287190223698
2025-03-27,GB,3.69913575279433
2025-03-27,IE,6.76007060354425
2025-03-27,IT,3.03988840164643
2025-03-27,NL,2.16570022034278
2025-03-27,US,2.75888781881045
2025-03-28,AU,3.58091262982043
2025-03-28,CA,3.88222661548262
2025-03-28,DE,2.7471773927009
2025-03-28,FR,2.546851890039
2025-03-28,GB,3.70199090936097
2025-03-28,IE,6.76389610799634
2025-03-28,IT,3.02494995845045
2025-03-28,NL,2.16027873532652
2025-03-28,US,2.76094560306411
2025-03-29,AU,3.57909939266368
2025-03-29,CA,3.89758953859309
2025-03-29,DE,2.74825324862399
2025-03-29,FR,2.53985495914207
2025-03-29,GB,3.71043271477407
2025-03-29,IE,6.78780028035128
2025-03-29,IT,3.01201316764084
2025-03-29,NL,2.15873821246358
2025-03-29,US,2.76115047166429
2025-03-30,AU,3.57576058396328
2025-03-30,CA,3.91052113358114
2025-03-30,DE,2.74910472884764
2025-03-30,FR,2.53346862921072
2025-03-30,GB,3.71612938209209
2025-03-30,IE,6.81123205999345
2025-03-30,IT,3.0008360168995
2025-03-30,NL,2.15766465567901
2025-03-30,US,2.76029782958223
2025-03-31,AU,3.56669381627101
2025-03-31,CA,3.92434857335063
2025-03-31,DE,2.74886511461421
2025-03-31,FR,2.52710521391296
2025-03-31,GB,3.72363092028642
2025-03-31,IE,6.84092497137433
2025-03-31,IT,2.9859965591973
2025-03-31,NL,2.15590759506591
2025-03-31,US,2.76032972891601
2025-04-01,AU,3.5609966745828
2025-04-01,CA,3.93449811262188
2025-04-01,DE,2.74991883596553
2025-04-01,FR,2.52771654670803
2025-04-01,GB,3.74404037274311
2025-04-01,IE,6.8850860319777
2025-04-01,IT,2.97537058890318
2025-04-01,NL,2.15750483535343
2025-04-01,US,2.76127277660321
2025-04-02,AU,3.55578006344971
2025-04-02,CA,3.94694381950651
2025-04-02,DE,2.75539674149778
2025-04-02,FR,2.53232718269735
2025-04-02,GB,3.77551706806332
2025-04-02,IE,6.94463618131846
2025-04-02,IT,2.97833736109187
2025-04-02,NL,2.15925899762234
2025-04-02,US,2.76303668939624
2025-04-03,AU,3.55006364723007
2025-04-03,CA,3.96117392673054
2025-04-03,DE,2.75529614647825
2025-04-03,FR,2.5365299160765
2025-04-03,GB,3.79995311096195
2025-04-03,IE,6.98843385950526
2025-04-03,IT,2.98528663336725
2025-04-03,NL,2.15628387761008
2025-04-03,US,2.76042541300635
2025-04-04,AU,3.5430128819517
2025-04-04,CA,3.96968762909368
2025-04-04,DE,2.75562539195889
2025-04-04,FR,2.54029539611654
2025-04-04,GB,3.82551260630174
2025-04-04,IE,7.02993426190608
2025-04-04,IT,2.99276486500887
2025-04-04,NL,2.15767481194866
2025-04-04,US,2.76052628486859
2025-04-05,AU,3.54292900143848
2025-04-05,CA,3.97664191741464
2025-04-05,DE,2.7560666437196
2025-04-05,FR,2.54172231743167
2025-04-05,GB,3.84498757826227
2025-04-05,IE,7.01711314024044
2025-04-05,IT,2.99752724785035
2025-04-05,NL,2.15640082327651
2025-04-05,US,2.76395065057062
2025-04-06,AU,3.5437395586364
2025-04-06,CA,3.98593213642339
2025-04-06,DE,2.75631633800198
2025-04-06,FR,2.54425278727188
2025-04-06,GB,3.86520854486583
2025-04-06,IE,7.03876905701149
2025-04-06,IT,3.00209433948523
2025-04-06,NL,2.15553793982889
2025-04-06,US,2.76764640491496
2025-04-07,AU,3.54618699694081
2025-04-07,CA,3.99378456783236
2025-04-07,DE,2.75744405054107
2025-04-07,FR,2.5470968531156
2025-04-07,GB,3.8783369806977
2025-04-07,IE,7.06658663062851
2025-04-07,IT,3.00981224581343
2025-04-07,NL,2.15621803257113
2025-04-07,US,2.77135150380247
2025-04-08,AU,3.54229379552644
2025-04-08,CA,4.00378378839552
2025-04-08,DE,2.75592854952064
2025-04-08,FR,2.55576438522171
2025-04-08,GB,3.8876019578928
2025-04-08,IE,7.08209592183545
2025-04-08,IT,3.01647462010643
2025-04-08,NL,2.15709924475715
2025-04-08,US,2.77045849203724
2025-04-09,AU,3.52723895400346
2025-04-09,CA,4.01245833769208
2025-04-09,DE,2.75601727857064
2025-04-09,FR,2.56151411681582
2025-04-09,GB,3.88820565805602
2025-04-09,IE,7.09334476611024
2025-04-09,IT,3.02384151552749
2025-04-09,NL,2.15775752659291
2025-04-09,US,2.76987046025986
2025-04-10,AU,3.51259787859804
2025-04-10,CA,4.02411745024806
2025-04-10,DE,2.75623206251126
2025-04-10,FR,2.56967732259856
2025-04-10,GB,3.8926641377378
2025-04-10,IE,7.11406538611908
2025-04-10,IT,3.02421622512347
2025-04-10,NL,2.16234714997044
2025-04-10,US,2.77303846835078
2025-04-11,AU,3.49577314014984
2025-04-11,CA,4.03478565207062
2025-04-11,DE,2.75766762084388
2025-04-11,FR,2.57841428664533
2025-04-11,GB,3.90597245787775
2025-04-11,IE,7.14667013384715
2025-04-11,IT,3.03123691675055
2025-04-11,NL,2.16650945267227
2025-04-11,US,2.77439154574262
2025-04-12,AU,3.47653271378231
2025-04-12,CA,4.04243038713488
2025-04-12,DE,2.75673430519125
2025-04-12,FR,2.58778190962041
2025-04-12,GB,3.91669039866452
2025-04-12,IE,7.2232316921642
2025-04-12,IT,3.0359059938837
2025-04-12,NL,2.17057838444609
2025-04-12,US,2.77180003878113
2025-04-13,AU,3.45758619733963
2025-04-13,CA,4.04788672605221
2025-04-13,DE,2.75475694904542
2025-04-13,FR,2.59602977334312
2025-04-13,GB,3.92576047671654
2025-04-13,IE,7.26034737721936
2025-04-13,IT,3.03727651708465
2025-04-13,NL,2.1740794730984
2025-04-13,US,2.76905762003861
2025-04-14,AU,3.44886269512676
2025-04-14,CA,4.05499489513506
2025-04-14,DE,2.75348807007105
2025-04-14,FR,2.60458879492077
2025-04-14,GB,3.94377689942097
2025-04-14,IE,7.28592776928724
2025-04-14,IT,3.035403412785
2025-04-14,NL,2.17631080780512
2025-04-14,US,2.76554515945771
2025-04-15,AU,3.44842171514929
2025-04-15,CA,4.06273927339559
2025-04-15,DE,2.75746513747919
2025-04-15,FR,2.60360385044444
2025-04-15,GB,3.95241441969085
2025-04-15,IE,7.31474893451502
2025-04-15,IT,3.03612348700355
2025-04-15,NL,2.1787501526074
2025-04-15,US,2.76783665715352
2025-04-16,AU,3.46561514459562
2025-04-16,CA,4.06985610342662
2025-04-16,DE,2.7554489548806
2025-04-16,FR,2.60442702214418
2025-04-16,GB,3.96481399099755
2025-04-16,IE,7.35062039648726
2025-04-16,IT,3.03747834204446
2025-04-16,NL,2.18093017383884
2025-04-16,US,2.76718629949457
2025-04-17,AU,3.48001743536387
2025-04-17,CA,4.07510811209044
2025-04-17,DE,2.75741064177021
2025-04-17,FR,2.60418021589996
2025-04-17,GB,3.98248080398113
2025-04-17,IE,7.40656584144036
2025-04-17,IT,3.04423454637388
2025-04-17,NL,2.18574967801033
2025-04-17,US,2.76983490227805
2025-04-18,AU,3.49746956150445
2025-04-18,CA,4.09176623804806
2025-04-18,DE,2.75662732321033
2025-04-18,FR,2.60357543033994
2025-04-18,GB,3.99231988701781
2025-04-18,IE,7.43151786384308
2025-04-18,IT,3.03689048896086
2025-04-18,NL,2.18869732974418
2025-04-18,US,2.77397245073405
2025-04-19,AU,3.51884511593164
2025-04-19,CA,4.10858943762215
2025-04-19,DE,2.76104814043209
2025-04-19,FR,2.60161947794982
2025-04-19,GB,3.99821264164373
2025-04-19,IE,7.44996878505834
2025-04-19,IT,3.03222375374259
2025-04-19,NL,2.18939291832575
2025-04-19,US,2.77907246537672
2025-04-20,AU,3.53829594199267
2025-04-20,CA,4.12748440077667
2025-04-20,DE,2.76801718821804
2025-04-20,FR,2.59825941155657
2025-04-20,GB,4.01110035553935
2025-04-20,IE,7.48774580841046
2025-04-20,IT,3.03254849644853
2025-04-20,NL,2.19079819988899
2025-04-20,US,2.78393956056836
2025-04-21,AU,3.54930568919205
2025-04-21,CA,4.14624654583854
2025-04-21,DE,2.77587924218031
2025-04-21,FR,2.59423244129503
2025-04-21,GB,4.02265379525396
2025-04-21,IE,7.53521942309849
2025-04-21,IT,3.03437161067057
2025-04-21,NL,2.19157485625803
2025-04-21,US,2.78969544860303
2025-04-22,AU,3.56591866944961
2025-04-22,CA,4.16251841481094
2025-04-22,DE,2.780431020273
2025-04-22,FR,2.59240695940914
2025-04-22,GB,4.03799506045146
2025-04-22,IE,7.59645000591386
2025-04-22,IT,3.03485179892907
2025-04-22,NL,2.19243494518067
2025-04-22,US,2.79366923658931
2025-04-23,AU,3.57424272434677
2025-04-23,CA,4.17860273850252
2025-04-23,DE,2.79040687881658
2025-04-23,FR,2.58860956644622
2025-04-23,GB,4.04448545257283
2025-04-23,IE,7.6218446476308
2025-04-23,IT,3.03489318990693
2025-04-23,NL,2.19454245229622
2025-04-23,US,2.79811297612522
2025-04-24,AU,3.58570783316938
2025-04-24,CA,4.18786543503907
2025-04-24,DE,2.79857259763517
2025-04-24,FR,2.58407801965447
2025-04-24,GB,4.04617440220474
2025-04-24,IE,7.65082283750876
2025-04-24,IT,3.0313813182196
2025-04-24,NL,2.19000909428038
2025-04-24,US,2.79873598972832
2025-04-25,AU,3.60006115046618
2025-04-25,CA,4.18342550331006
2025-04-25,DE,2.80596952606338
2025-04-25,FR,2.5787249317885
2025-04-25,GB,4.03962512020001
2025-04-25,IE,7.65533745377277
2025-04-25,IT,3.03512856958041
2025-04-25,NL,2.1878501584706
2025-04-25,US,2.79779620236483
2025-04-26,AU,3.61233060056164
2025-04-26,CA,4.1813724350367
2025-04-26,DE,2.80901399173873
2025-04-26,FR,2.57471466932737
2025-04-26,GB,4.03537537199806
2025-04-26,IE,7.63784046152672
2025-04-26,IT,3.04467658057951
2025-04-26,NL,2.18695354429389
2025-04-26,US,2.79513439480277
2025-04-27,AU,3.62397347385993
2025-04-27,CA,4.17495197674421
2025-04-27,DE,2.81371098766596
2025-04-27,FR,2.57266257728555
2025-04-27,GB,4.02705234179288
2025-04-27,IE,7.63869296377697
2025-04-27,IT,3.05311851412993
2025-04-27,NL,2.18733826899998
2025-04-27,US,2.79258472533441
2025-04-28,AU,3.63764465125115
2025-04-28,CA,4.17244515931983
2025-04-28,DE,2.81560621140595
2025-04-28,FR,2.57131926630352
2025-04-28,GB,4.0170948158972
2025-04-28,IE,7.62688100368023
2025-04-28,IT,3.06117139282988
2025-04-28,NL,2.18573624789842
2025-04-28,US,2.78901652571078
2025-04-29,AU,3.64319878638906
2025-04-29,CA,4.17171161668675
2025-04-29,DE,2.81897822460043
2025-04-29,FR,2.56998842994592
2025-04-29,GB,4.00002128073255
2025-04-29,IE,7.60504572005371
2025-04-29,IT,3.06193012795268
2025-04-29,NL,2.18694958267423
2025-04-29,US,2.78679089169866
2025-04-30,AU,3.65606202243608
2025-04-30,CA,4.16187511092039
2025-04-30,DE,2.82202088880825
2025-04-30,FR,2.56858650210254
2025-04-30,GB,3.98784753120758
2025-04-30,IE,7.58902214657127
2025-04-30,IT,3.06224488098163
2025-04-30,NL,2.18868581274839
2025-04-30,US,2.78486447262678
2025-05-01,AU,3.66825992061266
2025-05-01,CA,4.16911683979622
2025-05-01,DE,2.82439663807561
2025-05-01,FR,2.56576080905496
2025-05-01,GB,3.9745801096159
2025-05-01,IE,7.55230579009122
2025-05-01,IT,3.05772405827903
2025-05-01,NL,2.19283659478429
2025-05-01,US,2.78863258688311
2025-05-02,AU,3.66909933391308
2025-05-02,CA,4.17053927720741
2025-05-02,DE,2.82806089455361
2025-05-02,FR,2.56369091045848
2025-05-02,GB,3.96384115007133
2025-05-02,IE,7.55225577461862
2025-05-02,IT,3.058499222381
2025-05-02,NL,2.19406036702837
2025-05-02,US,2.78991678589455
2025-05-03,AU,3.66310217830918
2025-05-03,CA,4.16753554941976
2025-05-03,DE,2.83538392614338
2025-05-03,FR,2.56076624255933
2025-05-03,GB,3.955956022349
2025-05-03,IE,7.55772893627987
2025-05-03,IT,3.04503314418772
2025-05-03,NL,2.19523424000706
2025-05-03,US,2.7931692718984
2025-05-04,AU,3.65586895705446
2025-05-04,CA,4.16792984393717
2025-05-04,DE,2.83915959796407
2025-05-04,FR,2.55707818078439
2025-05-04,GB,3.94585641614151
2025-05-04,IE,7.55013338681376
2025-05-04,IT,3.02682156114664
2025-05-04,NL,2.1941664056768
2025-05-04,US,2.79579908694529
2025-05-05,AU,3.6437429777107
2025-05-05,CA,4.17064405592991
2025-05-05,DE,2.84488229649708
2025-05-05,FR,2.55116144170018
2025-05-05,GB,3.93626843144935
2025-05-05,IE,7.54972836613323
2025-05-05,IT,3.00825209160429
2025-05-05,NL,2.19564193623149
2025-05-05,US,2.80225084025372
2025-05-06,AU,3.63026140263734
2025-05-06,CA,4.17056842676168
2025-05-06,DE,2.84894484802051
2025-05-06,FR,2.54498146576594
2025-05-06,GB,3.9247766283062
2025-05-06,IE,7.54204893237202
2025-05-06,IT,2.9950690440868
2025-05-06,NL,2.19592187208759
2025-05-06,US,2.80120304436135
2025-05-07,AU,3.61141896649216
2025-05-07,CA,4.18480652443755
2025-05-07,DE,2.85327609074034
2025-05-07,FR,2.53775210931382
2025-05-07,GB,3.91513339995811
2025-05-07,IE,7.57062826626733
2025-05-07,IT,2.98339737509041
2025-05-07,NL,2.19307968908576
2025-05-07,US,2.80008796058555
2025-05-08,AU,3.59209760566971
2025-05-08,CA,4.18751406725125
2025-05-08,DE,2.85993232225431
2025-05-08,FR,2.53105426371396
2025-05-08,GB,3.90639632290494
2025-05-08,IE,7.59799481125002
2025-05-08,IT,2.97561933407645
2025-05-08,NL,2.19399597051719
2025-05-08,US,2.79302010399937
2025-05-09,AU,3.58248580923222
2025-05-09,CA,4.19821152836696
2025-05-09,DE,2.86766682242217
2025-05-09,FR,2.52372525164673
2025-05-09,GB,3.90290106792834
2025-05-09,IE,7.63098798604781
2025-05-09,IT,2.96222201570973
2025-05-09,NL,2.19510831438682
2025-05-09,US,2.78880391720166
2025-05-10,AU,3.57803395763736
2025-05-10,CA,4.21477083758537
2025-05-10,DE,2.87451409690109
2025-05-10,FR,2.52072609407
2025-05-10,GB,3.90335666652731
2025-05-10,IE,7.66101956686337
2025-05-10,IT,2.95973172498793
2025-05-10,NL,2.19658321528201
2025-05-10,US,2.78468633080717
2025-05-11,AU,3.57304836883548
2025-05-11,CA,4.22975463069588
2025-05-11,DE,2.87407820878142
2025-05-11,FR,2.51516536112123
2025-05-11,GB,3.90056529532256
2025-05-11,IE,7.70108492617822
2025-05-11,IT,2.95313726965584
2025-05-11,NL,2.19844686705152
2025-05-11,US,2.77717331016985
2025-05-12,AU,3.57091848714322
2025-05-12,CA,4.24064169569975
2025-05-12,DE,2.87366444906897
2025-05-12,FR,2.5117000005684
2025-05-12,GB,3.89422008027519
2025-05-12,IE,7.74606229584508
2025-05-12,IT,2.94866329223604
2025-05-12,NL,2.20247604126189
2025-05-12,US,2.76657988944973
2025-05-13,AU,3.5689789497199
2025-05-13,CA,4.2477674335735
2025-05-13,DE,2.87218963189458
2025-05-13,FR,2.50763912146336
2025-05-13,GB,3.89407557237842
2025-05-13,IE,7.77310021170496
2025-05-13,IT,2.94386934784703
2025-05-13,NL,2.20544041644149
2025-05-13,US,2.76060052182102
2025-05-14,AU,3.57124409567287
2025-05-14,CA,4.24731725433985
2025-05-14,DE,2.86711188978997
2025-05-14,FR,2.50574837456384
2025-05-14,GB,3.90336403411402
2025-05-14,IE,7.76960181425285
2025-05-14,IT,2.94211911703586
2025-05-14,NL,2.21091861435225
2025-05-14,US,2.75402796681458
2025-05-15,AU,3.58208818488012
2025-05-15,CA,4.24832365480113
2025-05-15,DE,2.86121754625406
2025-05-15,FR,2.50611482588947
2025-05-15,GB,3.9046973281958
2025-05-15,IE,7.77626207278983
2025-05-15,IT,2.94381708376718
2025-05-15,NL,2.21667127564313
2025-05-15,US,2.75112647489584
2025-05-16,AU,3.59355346559405
2025-05-16,CA,4.24697389052746
2025-05-16,DE,2.85096901460052
2025-05-16,FR,2.50769398326154
2025-05-16,GB,3.90778764940142
2025-05-16,IE,7.77224683711001
2025-05-16,IT,2.94507261440416
2025-05-16,NL,2.22204409391379
2025-05-16,US,2.75016434720587
2025-05-17,AU,3.60174537242657
2025-05-17,CA,4.23802836788831
2025-05-17,DE,2.83454459756691
2025-05-17,FR,2.50431470665257
2025-05-17,GB,3.89415194417306
2025-05-17,IE,7.73028989860878
2025-05-17,IT,2.93456196989747
2025-05-17,NL,2.22294088042052
2025-05-17,US,2.74418653765566
2025-05-18,AU,3.61679400385828
2025-05-18,CA,4.23886402233472
2025-05-18,DE,2.82898751449346
2025-05-18,FR,2.50612453417711
2025-05-18,GB,3.89538004824307
2025-05-18,IE,7.69010108816404
2025-05-18,IT,2.94833598922157
2025-05-18,NL,2.22704518223016
2025-05-18,US,2.7463602003635
2025-05-19,AU,3.62307761713765
2025-05-19,CA,4.23541610479699
2025-05-19,DE,2.82342684996226
2025-05-19,FR,2.50868494519199
2025-05-19,GB,3.9086938977437
2025-05-19,IE,7.6097710273176
2025-05-19,IT,2.93099260437522
2025-05-19,NL,2.22792932818836
2025-05-19,US,2.74854607225994
2025-05-20,AU,3.6357400970503
2025-05-20,CA,4.24106819228473
2025-05-20,DE,2.81998088859612
2025-05-20,FR,2.51370048090014
2025-05-20,GB,3.9251842868828
2025-05-20,IE,7.55486497162309
2025-05-20,IT,2.94450338919228
2025-05-20,NL,2.22832983932762
2025-05-20,US,2.7553126489011
2025-05-21,AU,3.64616943341028
2025-05-21,CA,4.25221719793249
2025-05-21,DE,2.81887752934481
2025-05-21,FR,2.51548498741533
2025-05-21,GB,3.93255753392178
2025-05-21,IE,7.51903055095534
2025-05-21,IT,2.95261285957547
2025-05-21,NL,2.22374214594294
2025-05-21,US,2.76369613365883
2025-05-22,AU,3.64647538104828
2025-05-22,CA,4.26190082868635
2025-05-22,DE,2.81781952428207
2025-05-22,FR,2.5180347708719
2025-05-22,GB,3.94763383224382
2025-05-22,IE,7.46835235466513
2025-05-22,IT,2.96708160577506
2025-05-22,NL,2.21928084269396
2025-05-22,US,2.77102470651789
2025-05-23,AU,3.65471909939244
2025-05-23,CA,4.2770267985931
2025-05-23,DE,2.82900955115113
2025-05-23,FR,2.5230033386055
2025-05-23,GB,3.95989458071967
2025-05-23,IE,7.46505390664331
2025-05-23,IT,2.9852458837913
2025-05-23,NL,2.21685719678727
2025-05-23,US,2.78175799895351
2025-05-24,AU,3.66359360431061
2025-05-24,CA,4.29435648636585
2025-05-24,DE,2.84592510232732
2025-05-24,FR,2.53121438029573
2025-05-24,GB,3.9982619849236
2025-05-24,IE,7.49775566103999
2025-05-24,IT,3.01460107447883
2025-05-24,NL,2.21896396644416
2025-05-24,US,2.79829901342986
2025-05-25,AU,3.66700550632286
2025-05-25,CA,4.30347638226502
2025-05-25,DE,2.85947114536601
2025-05-25,FR,2.53820160935436
2025-05-25,GB,4.02488952968688
2025-05-25,IE,7.52412597217811
2025-05-25,IT,3.02457211412933
2025-05-25,NL,2.21634693785947
2025-05-25,US,2.81241789627496
2025-05-26,AU,3.67981414017258
2025-05-26,CA,4.31939088122549
2025-05-26,DE,2.87165032854391
2025-05-26,FR,2.5432430408655
2025-05-26,GB,4.04574438406478
2025-05-26,IE,7.58262807351683
2025-05-26,IT,3.06565914242828
2025-05-26,NL,2.21498239587085
2025-05-26,US,2.82496326810836
2025-05-27,AU,3.68343651806924
2025-05-27,CA,4.33381894914636
2025-05-27,DE,2.88547968350161
2025-05-27,FR,2.54649487309262
2025-05-27,GB,4.0657911663009
2025-05-27,IE,7.6246090780901
2025-05-27,IT,3.07937011717592
2025-05-27,NL,2.21539415345258
2025-05-27,US,2.83611849943667
2025-05-28,AU,3.69385294827194
2025-05-28,CA,4.3399843217466
2025-05-28,DE,2.89833624315466
2025-05-28,FR,2.55392333607425
2025-05-28,GB,4.08454744024161
2025-05-28,IE,7.63059365118529
2025-05-28,IT,3.09492694471034
2025-05-28,NL,2.21816465318395
2025-05-28,US,2.84493863431257
2025-05-29,AU,3.71496791439577
2025-05-29,CA,4.34735103342294
2025-05-29,DE,2.91236586490019
2025-05-29,FR,2.56005865229235
2025-05-29,GB,4.10727065039368
2025-05-29,IE,7.65217060594453
2025-05-29,IT,3.10618393479963
2025-05-29,NL,2.22555941210734
2025-05-29,US,2.85468550397537
2025-05-30,AU,3.73130145344534
2025-05-30,CA,4.34947281827201
2025-05-30,DE,2.91677166829234
2025-05-30,FR,2.56335226891547
2025-05-30,GB,4.13363521022026
2025-05-30,IE,7.63995758716484
2025-05-30,IT,3.11668147674474
2025-05-30,NL,2.22477248295144
2025-05-30,US,2.86560637603162
2025-05-31,AU,3.74299850307204
2025-05-31,CA,4.35863391768444
2025-05-31,DE,2.9213006102207
2025-05-31,FR,2.56510012419535
2025-05-31,GB,4.14722867629144
2025-05-31,IE,7.58632441412673
2025-05-31,IT,3.11415672284948
2025-05-31,NL,2.22345453391366
2025-05-31,US,2.87431543789836
2025-06-01,AU,3.75982269725334
2025-06-01,CA,4.37111996771416
2025-06-01,DE,2.92769400304604
2025-06-01,FR,2.56634026307758
2025-06-01,GB,4.16819645491176
2025-06-01,IE,7.56813244287099
2025-06-01,IT,3.11629280758512
2025-06-01,NL,2.2223245921603
2025-06-01,US,2.88149279023582
2025-06-02,AU,3.78223714915383
2025-06-02,CA,4.38151885687671
2025-06-02,DE,2.93375767215794
2025-06-02,FR,2.56721487911398
2025-06-02,GB,4.18905443823809
2025-06-02,IE,7.57233683940144
2025-06-02,IT,3.11087286958121
2025-06-02,NL,2.22189032841211
2025-06-02,US,2.89125830773586
2025-06-03,AU,3.813937332234
2025-06-03,CA,4.39009090050564
2025-06-03,DE,2.94192631856343
2025-06-03,FR,2.56798993381256
2025-06-03,GB,4.20460997887935
2025-06-03,IE,7.6144066131425
2025-06-03,IT,3.11175893747194
2025-06-03,NL,2.21929204808039
2025-06-03,US,2.90029305918016
2025-06-04,AU,3.8403165539875
2025-06-04,CA,4.40535638516769
2025-06-04,DE,2.94723734472087
2025-06-04,FR,2.56498066874012
2025-06-04,GB,4.22447741945008
2025-06-04,IE,7.69771696959252
2025-06-04,IT,3.1129747139514
2025-06-04,NL,2.2175906531092
2025-06-04,US,2.91115217659189
2025-06-05,AU,3.85255254401363
2025-06-05,CA,4.42033955754116
2025-06-05,DE,2.95311855786801
2025-06-05,FR,2.56114035775162
2025-06-05,GB,4.24504965165903
2025-06-05,IE,7.77474961943398
2025-06-05,IT,3.1080472099581
2025-06-05,NL,2.21159845447823
2025-06-05,US,2.92169801213221
2025-06-06,AU,3.86624254875381
2025-06-06,CA,4.432338791129
2025-06-06,DE,2.95861538123641
2025-06-06,FR,2.55442794546403
2025-06-06,GB,4.263355207001
2025-06-06,IE,7.83981512522191
2025-06-06,IT,3.11273015052542
2025-06-06,NL,2.2143084404204
2025-06-06,US,2.92478988872934
2025-06-07,AU,3.90979752919517
2025-06-07,CA,4.45153496744884
2025-06-07,DE,2.97399160578005
2025-06-07,FR,2.55524270733968
2025-06-07,GB,4.29158524055642
2025-06-07,IE,7.96459939154472
2025-06-07,IT,3.1322622160913
2025-06-07,NL,2.22465584507026
2025-06-07,US,2.93532176272951
2025-06-08,AU,3.94787689222747
2025-06-08,CA,4.47135977304519
2025-06-08,DE,2.98757794387507
2025-06-08,FR,2.55711117786909
2025-06-08,GB,4.31487559071795
2025-06-08,IE,8.05263945549292
2025-06-08,IT,3.14823411239463
2025-06-08,NL,2.2355888398932
2025-06-08,US,2.9452861662547
2025-06-09,AU,3.9880849749168
2025-06-09,CA,4.49231354177312
2025-06-09,DE,3.00376207636081
2025-06-09,FR,2.55879099156531
2025-06-09,GB,4.33616375717562
2025-06-09,IE,8.12949501006102
2025-06-09,IT,3.17259767559944
2025-06-09,NL,2.24653701713715
2025-06-09,US,2.95331542204494
2025-06-10,AU,4.02057480974089
2025-06-10,CA,4.51733822830536
2025-06-10,DE,3.01933182812759
2025-06-10,FR,2.56195966378013
2025-06-10,GB,4.35915553863888
2025-06-10,IE,8.14229648554787
2025-06-10,IT,3.18333622240729
2025-06-10,NL,2.25319773233581
2025-06-10,US,2.9605040392482
2025-06-11,AU,4.05250716340276
2025-06-11,CA,4.53675911012888
2025-06-11,DE,3.03661375928669
2025-06-11,FR,2.566568402185
2025-06-11,GB,4.38480800318468
2025-06-11,IE,8.16225028282988
2025-06-11,IT,3.19318948634732
2025-06-11,NL,2.26358186550241
2025-06-11,US,2.9738591059404
2025-06-12,AU,4.09057077064675
2025-06-12,CA,4.55600266706131
2025-06-12,DE,3.04869437593578
2025-06-12,FR,2.5696359047237
2025-06-12,GB,4.40346619962917
2025-06-12,IE,8.18358223900835
2025-06-12,IT,3.21122875150033
2025-06-12,NL,2.27136296476977
2025-06-12,US,2.98123280620208
2025-06-13,AU,4.12404043113704
2025-06-13,CA,4.56889389412018
2025-06-13,DE,3.06232221498196
2025-06-13,FR,2.57513979451842
2025-06-13,GB,4.42075529688925
2025-06-13,IE,8.21800832394637
2025-06-13,IT,3.21387399516642
2025-06-13,NL,2.27947223492933
2025-06-13,US,2.99055317341758
2025-06-14,AU,4.14065383961406
2025-06-14,CA,4.5627017607572
2025-06-14,DE,3.0650018927743
2025-06-14,FR,2.57796376789504
2025-06-14,GB,4.4147491826066
2025-06-14,IE,8.20977566035073
2025-06-14,IT,3.21146286965712
2025-06-14,NL,2.27500439009402
2025-06-14,US,2.99206407171169
2025-06-15,AU,4.16240429397933
2025-06-15,CA,4.56073283492144
2025-06-15,DE,3.07072626437284
2025-06-15,FR,2.58024922645402
2025-06-15,GB,4.41841910399448
2025-06-15,IE,8.21778644421992
2025-06-15,IT,3.2176073668227
2025-06-15,NL,2.27558676073537
2025-06-15,US,2.99844901486213
2025-06-16,AU,4.1823483511409
2025-06-16,CA,4.55546472894915
2025-06-16,DE,3.07701455759145
2025-06-16,FR,2.58264080342918
2025-06-16,GB,4.42100492720302
2025-06-16,IE,8.22659370744215
2025-06-16,IT,3.22033233950513
2025-06-16,NL,2.27544838688915
2025-06-16,US,3.00506364382573
2025-06-17,AU,4.19941510507017
2025-06-17,CA,4.54367226764609
2025-06-17,DE,3.07828506633384
2025-06-17,FR,2.58593212314539
2025-06-17,GB,4.42229498293073
2025-06-17,IE,8.25281175007157
2025-06-17,IT,3.23257996419476
2025-06-17,NL,2.27814408574149
2025-06-17,US,3.008913715418
2025-06-18,AU,4.21872507531404
2025-06-18,CA,4.54130021131963
2025-06-18,DE,3.07984264782746
2025-06-18,FR,2.59139596323138
2025-06-18,GB,4.42553161500106
2025-06-18,IE,8.25566228595226
2025-06-18,IT,3.239752595601
2025-06-18,NL,2.27746671012103
2025-06-18,US,3.01313468903912
2025-06-19,AU,4.23775291326012
2025-06-19,CA,4.53987798006215
2025-06-19,DE,3.08685632629785
2025-06-19,FR,2.59770722833373
2025-06-19,GB,4.43259039428545
2025-06-19,IE,8.2693137501708
2025-06-19,IT,3.2412931023652
2025-06-19,NL,2.27631499559624
2025-06-19,US,3.02122758850077
2025-06-20,AU,4.25740480345912
2025-06-20,CA,4.55270381064488
2025-06-20,DE,3.0935239735
2025-06-20,FR,2.60491053152735
2025-06-20,GB,4.44077406654093
2025-06-20,IE,8.29484189702927
2025-06-20,IT,3.24874877705061
2025-06-20,NL,2.27023740754096
2025-06-20,US,3.02910925557004
2025-06-21,AU,4.27350623943704
2025-06-21,CA,4.573507968114
2025-06-21,DE,3.10014558551981
2025-06-21,FR,2.62020764549377
2025-06-21,GB,4.46312994015288
2025-06-21,IE,8.34784268518806
2025-06-21,IT,3.25421397279512
2025-06-21,NL,2.27049767424926
2025-06-21,US,3.03767041846502
2025-06-22,AU,4.28709254388745
2025-06-22,CA,4.58869099873521
2025-06-22,DE,3.10379497212654
2025-06-22,FR,2.63425511834956
2025-06-22,GB,4.47516033979017
2025-06-22,IE,8.38078987097174
2025-06-22,IT,3.25621138561867
2025-06-22,NL,2.26523298539961
2025-06-22,US,3.04243670156384
2025-06-23,AU,4.29854504974003
2025-06-23,CA,4.60320644637679
2025-06-23,DE,3.10494197836102
2025-06-23,FR,2.65067292754946
2025-06-23,GB,4.48842693137494
2025-06-23,IE,8.41245555381696
2025-06-23,IT,3.25804724211151
2025-06-23,NL,2.26183431987265
2025-06-23,US,3.04876016320313
2025-06-24,AU,4.3163844028777
2025-06-24,CA,4.61677465528487
2025-06-24,DE,3.10888690900064
2025-06-24,FR,2.66930388172182
2025-06-24,GB,4.4988063999206
2025-06-24,IE,8.46201901708525
2025-06-24,IT,3.25345653490149
2025-06-24,NL,2.25958095432801
2025-06-24,US,3.05809463806237
2025-06-25,AU,4.33235559512861
2025-06-25,CA,4.62583992050465
2025-06-25,DE,3.11212872600815
2025-06-25,FR,2.6838637936851
2025-06-25,GB,4.49933306226882
2025-06-25,IE,8.51093254454932
2025-06-25,IT,3.25392192438694
2025-06-25,NL,2.2543612319352
2025-06-25,US,3.06338129026252
2025-06-26,AU,4.3467134874255
2025-06-26,CA,4.6341019042693
2025-06-26,DE,3.10908276497915
2025-06-26,FR,2.69832342335501
2025-06-26,GB,4.49733178388244
2025-06-26,IE,8.53600859246245
2025-06-26,IT,3.25038217948543
2025-06-26,NL,2.24701034754965
2025-06-26,US,3.07132122558844
2025-06-27,AU,4.36964355129033
2025-06-27,CA,4.65196380844233
2025-06-27,DE,3.09570769160114
2025-06-27,FR,2.71240624663493
2025-06-27,GB,4.48576345098356
2025-06-27,IE,8.56067947494962
2025-06-27,IT,3.24323262471831
2025-06-27,NL,2.24015254985855
2025-06-27,US,3.07813550401898
2025-06-28,AU,4.38967212131268
2025-06-28,CA,4.6698166354579
2025-06-28,DE,3.08288119942564
2025-06-28,FR,2.71386396344584
2025-06-28,GB,4.47697058971402
2025-06-28,IE,8.59832945188678
2025-06-28,IT,3.2395086242917
2025-06-28,NL,2.23581909329281
2025-06-28,US,3.08526083594147
2025-06-29,AU,4.40270172198509
2025-06-29,CA,4.68243307918371
2025-06-29,DE,3.07091955458118
2025-06-29,FR,2.71485852984708
2025-06-29,GB,4.46924374892474
2025-06-29,IE,8.61008824586039
2025-06-29,IT,3.23535001046557
2025-06-29,NL,2.2323297696822
2025-06-29,US,3.09118127213419
2025-06-30,AU,4.42295992986893
2025-06-30,CA,4.69874248458832
2025-06-30,DE,3.0589815409185
2025-06-30,FR,2.71427212515938
2025-06-30,GB,4.45510093958104
2025-06-30,IE,8.59864450079964
2025-06-30,IT,3.23015262992317
2025-06-30,NL,2.22678517099208
2025-06-30,US,3.09378839074831
2025-07-01,AU,4.43881408888873
2025-07-01,CA,4.727221807719
2025-07-01,DE,3.04809105866064
2025-07-01,FR,2.70929627662168
2025-07-01,GB,4.44488706692469
2025-07-01,IE,8.61612068819358
2025-07-01,IT,3.22509693566334
2025-07-01,NL,2.22572130207281
2025-07-01,US,3.0965585849977
2025-07-02,AU,4.45609493185973
2025-07-02,CA,4.75026511729261
2025-07-02,DE,3.04108028669531
2025-07-02,FR,2.70442060341495
2025-07-02,GB,4.42747539354767
2025-07-02,IE,8.60711610918882
2025-07-02,IT,3.21139428748191
2025-07-02,NL,2.2252759614473
2025-07-02,US,3.09602081081231
2025-07-03,AU,4.47848127387062
2025-07-03,CA,4.77431486487275
2025-07-03,DE,3.0388468691482
2025-07-03,FR,2.70162835324553
2025-07-03,GB,4.41467584241674
2025-07-03,IE,8.62587052550536
2025-07-03,IT,3.20450950699059
2025-07-03,NL,2.23131019243456
2025-07-03,US,3.09231158017446
2025-07-04,AU,4.48854160137886
2025-07-04,CA,4.78290466428671
2025-07-04,DE,3.04605375768128
2025-07-04,FR,2.69775011380485
2025-07-04,GB,4.41255647944251
2025-07-04,IE,8.62308185391493
2025-07-04,IT,3.19829484331414
2025-07-04,NL,2.23857174989363
2025-07-04,US,3.09174843730828
2025-07-05,AU,4.50951710148988
2025-07-05,CA,4.79275523298995
2025-07-05,DE,3.05667323634996
2025-07-05,FR,2.68862184191982
2025-07-05,GB,4.40602415819815
2025-07-05,IE,8.64303345562207
2025-07-05,IT,3.19147586313218
2025-07-05,NL,2.24359455665499
2025-07-05,US,3.09198627553477
2025-07-06,AU,4.53331251921962
2025-07-06,CA,4.80579809239212
2025-07-06,DE,3.06531398138489
2025-07-06,FR,2.68053555896101
2025-07-06,GB,4.39773223083691
2025-07-06,IE,8.67041083155347
2025-07-06,IT,3.17952643985662
2025-07-06,NL,2.24664302707347
2025-07-06,US,3.09314647107979
2025-07-07,AU,4.54527617188754
2025-07-07,CA,4.81615038620547
2025-07-07,DE,3.07494553856571
2025-07-07,FR,2.67353564609065
2025-07-07,GB,4.39780304049221
2025-07-07,IE,8.70905070774165
2025-07-07,IT,3.17037274961181
2025-07-07,NL,2.2511358654043
2025-07-07,US,3.09584886054463
2025-07-08,AU,4.56368600689622
2025-07-08,CA,4.82028468004508
2025-07-08,DE,3.08034083362121
2025-07-08,FR,2.6656185607248
2025-07-08,GB,4.39535042990647
2025-07-08,IE,8.7274919972321
2025-07-08,IT,3.1651578943561
2025-07-08,NL,2.24833124876114
2025-07-08,US,3.10199332033965
2025-07-09,AU,4.5787511617792
2025-07-09,CA,4.82562155183199
2025-07-09,DE,3.08217039411659
2025-07-09,FR,2.66163548206654
2025-07-09,GB,4.40265070457019
2025-07-09,IE,8.75993365704454
2025-07-09,IT,3.16985873307247
2025-07-09,NL,2.24895594124641
2025-07-09,US,3.10781530256021
2025-07-10,AU,4.59312424547671
2025-07-10,CA,4.82955980718905
2025-07-10,DE,3.08156143604705
2025-07-10,FR,2.65516797832057
2025-07-10,GB,4.41506364282659
2025-07-10,IE,8.76826917249277
2025-07-10,IT,3.171476200912
2025-07-10,NL,2.24811137009156
2025-07-10,US,3.11822283157524
2025-07-11,AU,4.60964633623793
2025-07-11,CA,4.84074688540227
2025-07-11,DE,3.08250791137359
2025-07-11,FR,2.64872548502095
2025-07-11,GB,4.42915612611977
2025-07-11,IE,8.79792313341658
2025-07-11,IT,3.18286907797563
2025-07-11,NL,2.24779202071324
2025-07-11,US,3.12778177354722
2025-07-12,AU,4.6103913552159
2025-07-12,CA,4.84307606768997
2025-07-12,DE,3.08240486692643
2025-07-12,FR,2.6536246162109
2025-07-12,GB,4.44280504292206
2025-07-12,IE,8.8084767981023
2025-07-12,IT,3.19116552232981
2025-07-12,NL,2.24799293568033
2025-07-12,US,3.13471855279374
2025-07-13,AU,4.6172950414574
2025-07-13,CA,4.85655186135508
2025-07-13,DE,3.08495877621788
2025-07-13,FR,2.65842515997485
2025-07-13,GB,4.45624255579365
2025-07-13,IE,8.82404140004888
2025-07-13,IT,3.20675574378777
2025-07-13,NL,2.25122135220293
2025-07-13,US,3.14265146010846
2025-07-14,AU,4.62961926688713
2025-07-14,CA,4.8630262097586
2025-07-14,DE,3.08651952848172
2025-07-14,FR,2.66166158779817
2025-07-14,GB,4.46553138640271
2025-07-14,IE,8.85273860470382
2025-07-14,IT,3.22104371615443
2025-07-14,NL,2.25585435045538
2025-07-14,US,3.15025699708251
2025-07-15,AU,4.64919319402148
2025-07-15,CA,4.85910148355566
2025-07-15,DE,3.09048523385742
2025-07-15,FR,2.67248763279578
2025-07-15,GB,4.4838121955171
2025-07-15,IE,8.87352140640133
2025-07-15,IT,3.24913261862758
2025-07-15,NL,2.26170275202946
2025-07-15,US,3.15368017325904
2025-07-16,AU,4.66114655791418
2025-07-16,CA,4.85722895436918
2025-07-16,DE,3.09753551050455
2025-07-16,FR,2.67441973640026
2025-07-16,GB,4.50438897086706
2025-07-16,IE,8.90841751920784
2025-07-16,IT,3.26336243069248
2025-07-16,NL,2.26480774872438
2025-07-16,US,3.16102321281928
2025-07-17,AU,4.67364972076692
2025-07-17,CA,4.86192946661561
2025-07-17,DE,3.10840688052414
2025-07-17,FR,2.67330478548587
2025-07-17,GB,4.51889247217701
2025-07-17,IE,8.96059249547888
2025-07-17,IT,3.27972867646407
2025-07-17,NL,2.26666120796022
2025-07-17,US,3.16399704223491
2025-07-18,AU,4.69011561724777
2025-07-18,CA,4.86195555034026
2025-07-18,DE,3.12276986739748
2025-07-18,FR,2.67322208411298
2025-07-18,GB,4.53044203238692
2025-07-18,IE,8.98301967380354
2025-07-18,IT,3.29239753859404
2025-07-18,NL,2.26990317847287
2025-07-18,US,3.16470316076509
2025-07-19,AU,4.71525591374337
2025-07-19,CA,4.86270870877969
2025-07-19,DE,3.13332829504001
2025-07-19,FR,2.65669724884062
2025-07-19,GB,4.53766997133717
2025-07-19,IE,9.00358750457912
2025-07-19,IT,3.30237635465178
2025-07-19,NL,2.26575546243886
2025-07-19,US,3.16690846017709
2025-07-20,AU,4.7417449382181
2025-07-20,CA,4.85979553741237
2025-07-20,DE,3.14705306883988
2025-07-20,FR,2.64068658869707
2025-07-20,GB,4.5553349238754
2025-07-20,IE,9.03888065217321
2025-07-20,IT,3.31389076836429
2025-07-20,NL,2.26647578389394
2025-07-20,US,3.1718203507164
2025-07-21,AU,4.76930560061063
2025-07-21,CA,4.86262604062774
2025-07-21,DE,3.16045024601271
2025-07-21,FR,2.62217016311582
2025-07-21,GB,4.57376528381888
2025-07-21,IE,9.06189694495917
2025-07-21,IT,3.32901073304567
2025-07-21,NL,2.26643316177758
2025-07-21,US,3.17686405716215
2025-07-22,AU,4.77967319296495
2025-07-22,CA,4.87773279796404
2025-07-22,DE,3.17398877797394
2025-07-22,FR,2.59657277980489
2025-07-22,GB,4.58662264542246
2025-07-22,IE,9.08581336734681
2025-07-22,IT,3.32677890441135
2025-07-22,NL,2.26989034967226
2025-07-22,US,3.18427870286309
2025-07-23,AU,4.78367595887617
2025-07-23,CA,4.89334432088632
2025-07-23,DE,3.19586567052155
2025-07-23,FR,2.5778248689772
2025-07-23,GB,4.59517981514188
2025-07-23,IE,9.06685297897448
2025-07-23,IT,3.33824425942727
2025-07-23,NL,2.26965152900009
2025-07-23,US,3.18853231623584
2025-07-24,AU,4.7808154093804
2025-07-24,CA,4.90395963922553
2025-07-24,DE,3.21493854520502
2025-07-24,FR,2.56387567744168
2025-07-24,GB,4.60120064944025
2025-07-24,IE,9.03084942424433
2025-07-24,IT,3.34816719690681
2025-07-24,NL,2.26717370798504
2025-07-24,US,3.19366727291691
2025-07-25,AU,4.75571673777005
2025-07-25,CA,4.91042856100094
2025-07-25,DE,3.22601158339892
2025-07-25,FR,2.54878960384228
2025-07-25,GB,4.60415147367246
2025-07-25,IE,9.00568298419354
2025-07-25,IT,3.35649587456406
2025-07-25,NL,2.26540987756901
2025-07-25,US,3.19737183577033
2025-07-26,AU,4.74166897578107
2025-07-26,CA,4.92193456167795
2025-07-26,DE,3.23681482750399
2025-07-26,FR,2.55584693587141
2025-07-26,GB,4.61453959582269
2025-07-26,IE,8.98874332150558
2025-07-26,IT,3.37530944907564
2025-07-26,NL,2.27134828095209
2025-07-26,US,3.20169900323251
2025-07-27,AU,4.72422599803187
2025-07-27,CA,4.93214872115759
2025-07-27,DE,3.24440640184293
2025-07-27,FR,2.56315789337313
2025-07-27,GB,4.6197675785482
2025-07-27,IE,8.96484678622784
2025-07-27,IT,3.38744880285441
2025-07-27,NL,2.27250753572333
2025-07-27,US,3.20339923663188
2025-07-28,AU,4.70662981300036
2025-07-28,CA,4.94409306124407
2025-07-28,DE,3.25309968503342
2025-07-28,FR,2.57465375161861
2025-07-28,GB,4.62505987393618
2025-07-28,IE,8.93862894030956
2025-07-28,IT,3.40710785706473
2025-07-28,NL,2.27073083392464
2025-07-28,US,3.20540398167398
2025-07-29,AU,4.69656072917908
2025-07-29,CA,4.95166499985215
2025-07-29,DE,3.26656761181926
2025-07-29,FR,2.58907214532795
2025-07-29,GB,4.63237331292029
2025-07-29,IE,8.90214732742892
2025-07-29,IT,3.42631767482435
2025-07-29,NL,2.26774378893498
2025-07-29,US,3.20686039104442
2025-07-30,AU,4.70053768548053
2025-07-30,CA,4.95571173887042
2025-07-30,DE,3.27716684797043
2025-07-30,FR,2.6043690686816
2025-07-30,GB,4.64572867411196
2025-07-30,IE,8.93122740764395
2025-07-30,IT,3.44117210610503
2025-07-30,NL,2.27324719912342
2025-07-30,US,3.20971108974937
2025-07-31,AU,4.70135931048346
2025-07-31,CA,4.96747967983134
2025-07-31,DE,3.29227758905971
2025-07-31,FR,2.61831193882539
2025-07-31,GB,4.66381864667452
2025-07-31,IE,8.9688244257067
2025-07-31,IT,3.46117189582886
2025-07-31,NL,2.27926247333414
2025-07-31,US,3.21407047518094
2025-08-01,AU,4.72704715042218
2025-08-01,CA,4.98326518582601
2025-08-01,DE,3.31572857317317
2025-08-01,FR,2.63272207369654
2025-08-01,GB,4.68690728770489
2025-08-01,IE,9.02997936560662
2025-08-01,IT,3.48007901145468
2025-08-01,NL,2.28354384979847
2025-08-01,US,3.22700249517282
2025-08-02,AU,4.73121637784261
2025-08-02,CA,4.99818740137774
2025-08-02,DE,3.3432999904994
2025-08-02,FR,2.63518780744975
2025-08-02,GB,4.70851193138045
2025-08-02,IE,9.05140017875354
2025-08-02,IT,3.48749781382086
2025-08-02,NL,2.28404964313177
2025-08-02,US,3.23930461028069
2025-08-03,AU,4.73138972107631
2025-08-03,CA,5.00810018302058
2025-08-03,DE,3.37046507314657
2025-08-03,FR,2.63758185926583
2025-08-03,GB,4.72495360624759
2025-08-03,IE,9.07486892309052
2025-08-03,IT,3.49894633895799
2025-08-03,NL,2.28489600225713
2025-08-03,US,3.25133065746966
2025-08-04,AU,4.72387649759941
2025-08-04,CA,5.0163963155911
2025-08-04,DE,3.3960795335521
2025-08-04,FR,2.6380017475233
2025-08-04,GB,4.74020841150379
2025-08-04,IE,9.10474467671823
2025-08-04,IT,3.49984475357307
2025-08-04,NL,2.28675962144389
2025-08-04,US,3.26403497088624
2025-08-05,AU,4.71635726155822
2025-08-05,CA,5.02539502364284
2025-08-05,DE,3.41647491787126
2025-08-05,FR,2.63349257042497
2025-08-05,GB,4.75435140355068
2025-08-05,IE,9.16215757239964
2025-08-05,IT,3.49620478079966
2025-08-05,NL,2.28584082819207
2025-08-05,US,3.27645903824162
2025-08-06,AU,4.71253177504326
2025-08-06,CA,5.04428735351162
2025-08-06,DE,3.4304750323449
2025-08-06,FR,2.6281380842688
2025-08-06,GB,4.76617709665228
2025-08-06,IE,9.21911002984189
2025-08-06,IT,3.49531014124252
2025-08-06,NL,2.28470205045836
2025-08-06,US,3.28831124761322
2025-08-07,AU,4.71291721768622
2025-08-07,CA,5.05262317171745
2025-08-07,DE,3.43863463557462
2025-08-07,FR,2.62322522402304
2025-08-07,GB,4.77949631897988
2025-08-07,IE,9.28272564889247
2025-08-07,IT,3.4973720928084
2025-08-07,NL,2.28861972285453
2025-08-07,US,3.29669757099351
2025-08-08,AU,4.71481557885576
2025-08-08,CA,5.06864627226233
2025-08-08,DE,3.45591886043584
2025-08-08,FR,2.61781603881632
2025-08-08,GB,4.78869612899238
2025-08-08,IE,9.31992765498205
2025-08-08,IT,3.50671627642439
2025-08-08,NL,2.29545040735492
2025-08-08,US,3.29829706749822
2025-08-09,AU,4.72059966695567
2025-08-09,CA,5.08031799680304
2025-08-09,DE,3.47318382613084
2025-08-09,FR,2.61262428157627
2025-08-09,GB,4.79195137184541
2025-08-09,IE,9.39732142005033
2025-08-09,IT,3.52402728758117
2025-08-09,NL,2.30024721954857
2025-08-09,US,3.29811760961262
2025-08-10,AU,4.73400233578503
2025-08-10,CA,5.09663878173708
2025-08-10,DE,3.49230918689485
2025-08-10,FR,2.60828585739625
2025-08-10,GB,4.8050209674313
2025-08-10,IE,9.47411950382848
2025-08-10,IT,3.54196933269645
2025-08-10,NL,2.30533044260868
2025-08-10,US,3.30291486555046
2025-08-11,AU,4.74512527413642
2025-08-11,CA,5.11346882149573
2025-08-11,DE,3.51454225067845
2025-08-11,FR,2.60453796120069
2025-08-11,GB,4.82232712532952
2025-08-11,IE,9.56340375344984
2025-08-11,IT,3.56037011743104
2025-08-11,NL,2.31128724567126
2025-08-11,US,3.30997608713653
2025-08-12,AU,4.74774433782595
2025-08-12,CA,5.129322821891
2025-08-12,DE,3.5343061076497
2025-08-12,FR,2.60285304274025
2025-08-12,GB,4.83349494514672
2025-08-12,IE,9.60441826227248
2025-08-12,IT,3.57980815569701
2025-08-12,NL,2.32053884586124
2025-08-12,US,3.30870197417116
2025-08-13,AU,4.75776479232904
2025-08-13,CA,5.14497064650981
2025-08-13,DE,3.55612717029749
2025-08-13,FR,2.60144685077311
2025-08-13,GB,4.84240966678374
2025-08-13,IE,9.63319496076249
2025-08-13,IT,3.5999303936999
2025-08-13,NL,2.32646587052783
2025-08-13,US,3.30858254044639
2025-08-14,AU,4.77145871823681
2025-08-14,CA,5.15504665980948
2025-08-14,DE,3.57662839831431
2025-08-14,FR,2.59965323168785
2025-08-14,GB,4.84399440236845
2025-08-14,IE,9.65759071494332
2025-08-14,IT,3.61479449934608
2025-08-14,NL,2.32723888472961
2025-08-14,US,3.31101648652101
2025-08-15,AU,4.78253195936775
2025-08-15,CA,5.1637180750079
2025-08-15,DE,3.58370066896956
2025-08-15,FR,2.59713471384284
2025-08-15,GB,4.85245090271921
2025-08-15,IE,9.67399921073308
2025-08-15,IT,3.62555457795856
2025-08-15,NL,2.32861529836563
2025-08-15,US,3.31923218098634
2025-08-16,AU,4.79963291983102
2025-08-16,CA,5.1822652084267
2025-08-16,DE,3.59073976275228
2025-08-16,FR,2.59782036359677
2025-08-16,GB,4.86616327674444
2025-08-16,IE,9.68717032209327
2025-08-16,IT,3.64158332167047
2025-08-16,NL,2.33422302013079
2025-08-16,US,3.32960966672808
2025-08-17,AU,4.82165319794476
2025-08-17,CA,5.19810571096442
2025-08-17,DE,3.59708805131612
2025-08-17,FR,2.59756302377101
2025-08-17,GB,4.87203697830378
2025-08-17,IE,9.69255479486086
2025-08-17,IT,3.65341505873532
2025-08-17,NL,2.337558988791
2025-08-17,US,3.336860938606
2025-08-18,AU,4.83818292500938
2025-08-18,CA,5.21461887601461
2025-08-18,DE,3.60199618340622
2025-08-18,FR,2.59692907700506
2025-08-18,GB,4.87779212749323
2025-08-18,IE,9.68897992201015
2025-08-18,IT,3.66593854787782
2025-08-18,NL,2.34008838464398
2025-08-18,US,3.34046773781667
2025-08-19,AU,4.8557110025821
2025-08-19,CA,5.23086579801493
2025-08-19,DE,3.60576150862718
2025-08-19,FR,2.59774350987077
2025-08-19,GB,4.88702574634838
2025-08-19,IE,9.70594031766113
2025-08-19,IT,3.67922654936324
2025-08-19,NL,2.33938580123013
2025-08-19,US,3.35169288192197
2025-08-20,AU,4.860124460299
2025-08-20,CA,5.24345222483306
2025-08-20,DE,3.6052823252926
2025-08-20,FR,2.59788546983046
2025-08-20,GB,4.89435552019047
2025-08-20,IE,9.69360402916754
2025-08-20,IT,3.69904101072764
2025-08-20,NL,2.33922643667678
2025-08-20,US,3.36436269658374
2025-08-21,AU,4.85815378519412
2025-08-21,CA,5.26711910356996
2025-08-21,DE,3.60472233277591
2025-08-21,FR,2.59650945172797
2025-08-21,GB,4.90274835020468
2025-08-21,IE,9.66204481305137
2025-08-21,IT,3.71235285855422
2025-08-21,NL,2.33921529659403
2025-08-21,US,3.37659257635661
2025-08-22,AU,4.85895415338918
2025-08-22,CA,5.29018629990912
2025-08-22,DE,3.60619710043593
2025-08-22,FR,2.59564077720522
2025-08-22,GB,4.90807653980737
2025-08-22,IE,9.63912051530696
2025-08-22,IT,3.72018494271201
2025-08-22,NL,2.33589413205063
2025-08-22,US,3.38230814480738
2025-08-23,AU,4.85644248660874
2025-08-23,CA,5.30221690762381
2025-08-23,DE,3.60387721037856
2025-08-23,FR,2.59136598740024
2025-08-23,GB,4.91312239153292
2025-08-23,IE,9.59572042952521
2025-08-23,IT,3.71774875136757
2025-08-23,NL,2.3321834461017
2025-08-23,US,3.38697662064431
2025-08-24,AU,4.84733908579815
2025-08-24,CA,5.32428186493209
2025-08-24,DE,3.6019794696645
2025-08-24,FR,2.58759024628716
2025-08-24,GB,4.92252332994325
2025-08-24,IE,9.56531787188504
2025-08-24,IT,3.72159200656563
2025-08-24,NL,2.33128568811415
2025-08-24,US,3.39415845168003
2025-08-25,AU,4.85291482895064
2025-08-25,CA,5.34654037721031
2025-08-25,DE,3.59920128226075
2025-08-25,FR,2.58483665395237
2025-08-25,GB,4.92956631944724
2025-08-25,IE,9.5310295771188
2025-08-25,IT,3.71961037226618
2025-08-25,NL,2.32690400426243
2025-08-25,US,3.40093179918559
2025-08-26,AU,4.85521495752042
2025-08-26,CA,5.37343457258799
2025-08-26,DE,3.59209871869889
2025-08-26,FR,2.58048813059609
2025-08-26,GB,4.93908630201186
2025-08-26,IE,9.50094652650826
2025-08-26,IT,3.71555623016097
2025-08-26,NL,2.32585780674644
2025-08-26,US,3.40969202511025
2025-08-27,AU,4.86449993529566
2025-08-27,CA,5.40766112249714
2025-08-27,DE,3.59760573929435
2025-08-27,FR,2.57527790436456
2025-08-27,GB,4.94458240905278
2025-08-27,IE,9.46516265774551
2025-08-27,IT,3.69848454998033
2025-08-27,NL,2.32243622670805
2025-08-27,US,3.42061388006673
2025-08-28,AU,4.87566471214678
2025-08-28,CA,5.43694820912919
2025-08-28,DE,3.59917560890404
2025-08-28,FR,2.5732046186181
2025-08-28,GB,4.94531581325902
2025-08-28,IE,9.44673237684796
2025-08-28,IT,3.68777871761402
2025-08-28,NL,2.32010758897568
2025-08-28,US,3.43315540635328
2025-08-29,AU,4.86280224333251
2025-08-29,CA,5.44343589873045
2025-08-29,DE,3.59084441954343
2025-08-29,FR,2.56494683686757
2025-08-29,GB,4.9275863909536
2025-08-29,IE,9.38596070145649
2025-08-29,IT,3.67130268944097
2025-08-29,NL,2.31217094560282
2025-08-29,US,3.43308857652533
2025-08-30,AU,4.85254448330233
2025-08-30,CA,5.45954225277271
2025-08-30,DE,3.58231178049085
2025-08-30,FR,2.5583562091669
2025-08-30,GB,4.91271294991529
2025-08-30,IE,9.34879033739491
2025-08-30,IT,3.65877209365125
2025-08-30,NL,2.30458563389386
2025-08-30,US,3.43769079446682
2025-08-31,AU,4.83358634997728
2025-08-31,CA,5.46285911353261
2025-08-31,DE,3.57448198236389
2025-08-31,FR,2.55091184440649
2025-08-31,GB,4.89103868368155
2025-08-31,IE,9.29596880131503
2025-08-31,IT,3.6383271397655
2025-08-31,NL,2.29242628297922
2025-08-31,US,3.43692558092476
2025-09-01,AU,4.81856973865059
2025-09-01,CA,5.46870918844046
2025-09-01,DE,3.56480236225926
2025-09-01,FR,2.54427483823439
2025-09-01,GB,4.87227031494066
2025-09-01,IE,9.25778154301209
2025-09-01,IT,3.62688578098696
2025-09-01,NL,2.28357514305109
2025-09-01,US,3.43851426688392
2025-09-02,AU,4.80764908270312
2025-09-02,CA,5.46549667844055
2025-09-02,DE,3.5573938183014
2025-09-02,FR,2.53851870525351
2025-09-02,GB,4.85437561236633
2025-09-02,IE,9.21810625969841
2025-09-02,IT,3.61494664614115
2025-09-02,NL,2.27434305349308
2025-09-02,US,3.437596180467
2025-09-03,AU,4.78449301796766
2025-09-03,CA,5.45275101693822
2025-09-03,DE,3.53789361477834
2025-09-03,FR,2.53674144900923
2025-09-03,GB,4.84176591419855
2025-09-03,IE,9.21978324550427
2025-09-03,IT,3.60251760810359
2025-09-03,NL,2.27179191798219
2025-09-03,US,3.43078982539227
2025-09-04,AU,4.78048847038772
2025-09-04,CA,5.45562821576853
2025-09-04,DE,3.53015512170208
2025-09-04,FR,2.53445787807485
2025-09-04,GB,4.82208620379208
2025-09-04,IE,9.21963069747086
2025-09-04,IT,3.5890288059895
2025-09-04,NL,2.26874498948094
2025-09-04,US,3.42385444335913
2025-09-05,AU,4.79289182006498
2025-09-05,CA,5.47083928285146
2025-09-05,DE,3.5302752021689
2025-09-05,FR,2.53898052561708
2025-09-05,GB,4.82030675618552
2025-09-05,IE,9.25818268926701
2025-09-05,IT,3.58325382962744
2025-09-05,NL,2.27204927368911
2025-09-05,US,3.43124833780054
2025-09-06,AU,4.79783897971418
2025-09-06,CA,5.48961701103274
2025-09-06,DE,3.53523656111145
2025-09-06,FR,2.5427507968648
2025-09-06,GB,4.81568613453444
2025-09-06,IE,9.29453250556506
2025-09-06,IT,3.57183102945754
2025-09-06,NL,2.27473877010493
2025-09-06,US,3.43770748296113
2025-09-07,AU,4.81530632361752
2025-09-07,CA,5.50944391730157
2025-09-07,DE,3.53733200281687
2025-09-07,FR,2.54738208203288
2025-09-07,GB,4.81498942653185
2025-09-07,IE,9.35903999813429
2025-09-07,IT,3.56221467635812
2025-09-07,NL,2.28165198046379
2025-09-07,US,3.44688845270808
2025-09-08,AU,4.82319869563641
2025-09-08,CA,5.52830350023233
2025-09-08,DE,3.5421329203216
2025-09-08,FR,2.55172987671867
2025-09-08,GB,4.81283678279177
2025-09-08,IE,9.40881142905147
2025-09-08,IT,3.54947267789412
2025-09-08,NL,2.289016294909
2025-09-08,US,3.45597238295057
2025-09-09,AU,4.82923857341016
2025-09-09,CA,5.55199327372618
2025-09-09,DE,3.54666092154882
2025-09-09,FR,2.55548729845818
2025-09-09,GB,4.81214867161013
2025-09-09,IE,9.45077137214452
2025-09-09,IT,3.54187535345819
2025-09-09,NL,2.29428741171095
2025-09-09,US,3.4670810839741
2025-09-10,AU,4.83851945704796
2025-09-10,CA,5.57274949853623
2025-09-10,DE,3.54550921540794
2025-09-10,FR,2.55733452564142
2025-09-10,GB,4.81159556830373
2025-09-10,IE,9.46778864078527
2025-09-10,IT,3.53530039620649
2025-09-10,NL,2.29805609071388
2025-09-10,US,3.48527794556576
2025-09-11,AU,4.82429893902371
2025-09-11,CA,5.57860611743533
2025-09-11,DE,3.54265037385893
2025-09-11,FR,2.5618382051513
2025-09-11,GB,4.83117007202907
2025-09-11,IE,9.44785214061717
2025-09-11,IT,3.52519371839281
2025-09-11,NL,2.29985162581488
2025-09-11,US,3.5010042982603
2025-09-12,AU,4.80839457131011
2025-09-12,CA,5.59065729564919
2025-09-12,DE,3.5422473056404
2025-09-12,FR,2.56764856211596
2025-09-12,GB,4.84905448808357
2025-09-12,IE,9.43850037239109
2025-09-12,IT,3.51330206932641
2025-09-12,NL,2.30272642220746
2025-09-12,US,3.51818168613887
2025-09-13,AU,4.80034526748884
2025-09-13,CA,5.60803987020937
2025-09-13,DE,3.53786911849476
2025-09-13,FR,2.57581166128956
2025-09-13,GB,4.86823399771338
2025-09-13,IE,9.40626553069849
2025-09-13,IT,3.50240711623993
2025-09-13,NL,2.30624430248827
2025-09-13,US,3.53082397948055
2025-09-14,AU,4.78331731521277
2025-09-14,CA,5.61736670484272
2025-09-14,DE,3.53451570819332
2025-09-14,FR,2.57908911272116
2025-09-14,GB,4.8837451907738
2025-09-14,IE,9.3779508006921
2025-09-14,IT,3.48834566406096
2025-09-14,NL,2.30562549433498
2025-09-14,US,3.54215233821982
2025-09-15,AU,4.76824484673642
2025-09-15,CA,5.62533029309479
2025-09-15,DE,3.53107593369992
2025-09-15,FR,2.58013202513015
2025-09-15,GB,4.90130368747115
2025-09-15,IE,9.34470180695983
2025-09-15,IT,3.47167982257138
2025-09-15,NL,2.3060098290598
2025-09-15,US,3.55155250141039
2025-09-16,AU,4.75792722590169
2025-09-16,CA,5.62361196227548
2025-09-16,DE,3.52902560534613
2025-09-16,FR,2.58525174027309
2025-09-16,GB,4.92248432064584
2025-09-16,IE,9.3455745546748
2025-09-16,IT,3.4513476455875
2025-09-16,NL,2.30523637763536
2025-09-16,US,3.56266340914306
2025-09-17,AU,4.7443452172269
2025-09-17,CA,5.62808735726735
2025-09-17,DE,3.53585199771835
2025-09-17,FR,2.59158704590419
2025-09-17,GB,4.94367418920715
2025-09-17,IE,9.3443988913761
2025-09-17,IT,3.43415532570298
2025-09-17,NL,2.30568792231245
2025-09-17,US,3.56793607960598
2025-09-18,AU,4.73342410369725
2025-09-18,CA,5.63628422063163
2025-09-18,DE,3.53961840025812
2025-09-18,FR,2.59576620374096
2025-09-18,GB,4.9564210240545
2025-09-18,IE,9.39801869907291
2025-09-18,IT,3.411823050668
2025-09-18,NL,2.30694538109665
2025-09-18,US,3.57645519993744
2025-09-19,AU,4.72147494985396
2025-09-19,CA,5.63962993121079
2025-09-19,DE,3.54081666200239
2025-09-19,FR,2.58481819761482
2025-09-19,GB,4.96730647091668
2025-09-19,IE,9.4330939286589
2025-09-19,IT,3.37408022975319
2025-09-19,NL,2.30648663997161
2025-09-19,US,3.58143685586902
2025-09-20,AU,4.72329888382146
2025-09-20,CA,5.63104774944454
2025-09-20,DE,3.54416457556338
2025-09-20,FR,2.59233427930084
2025-09-20,GB,4.9841475366381
2025-09-20,IE,9.48594274600778
2025-09-20,IT,3.35493261003933
2025-09-20,NL,2.30624435046335
2025-09-20,US,3.58973175048265
2025-09-21,AU,4.72730158647779
2025-09-21,CA,5.62866090460485
2025-09-21,DE,3.54878843639725
2025-09-21,FR,2.60472680690817
2025-09-21,GB,5.0012481548941
2025-09-21,IE,9.52416453577538
2025-09-21,IT,3.33704929696193
2025-09-21,NL,2.30845229112985
2025-09-21,US,3.5973722927267
2025-09-22,AU,4.72895264225082
2025-09-22,CA,5.62606886399641
2025-09-22,DE,3.55099702874922
2025-09-22,FR,2.61863845823271
2025-09-22,GB,5.01420682476425
2025-09-22,IE,9.56804486885988
2025-09-22,IT,3.31563856428166
2025-09-22,NL,2.30973671762139
2025-09-22,US,3.60585604713519
2025-09-23,AU,4.73176521291701
2025-09-23,CA,5.63809561881311
2025-09-23,DE,3.55638990959
2025-09-23,FR,2.6330065928479
2025-09-23,GB,5.02801954600688
2025-09-23,IE,9.59626825570125
2025-09-23,IT,3.29905539354175
2025-09-23,NL,2.31971602914621
2025-09-23,US,3.61271691029961
2025-09-24,AU,4.74284252811546
2025-09-24,CA,5.64711778486204
2025-09-24,DE,3.55548317470188
2025-09-24,FR,2.64398619380841
2025-09-24,GB,5.0395052128771
2025-09-24,IE,9.62185403835612
2025-09-24,IT,3.28524839923722
2025-09-24,NL,2.3246809816517
2025-09-24,US,3.62290460650653
2025-09-25,AU,4.76386609865528
2025-09-25,CA,5.65119777937536
2025-09-25,DE,3.55655649613111
2025-09-25,FR,2.65960834805196
2025-09-25,GB,5.05052683050669
2025-09-25,IE,9.63225481020287
2025-09-25,IT,3.27718062370416
2025-09-25,NL,2.32724364056848
2025-09-25,US,3.63309555402664
2025-09-26,AU,4.79270660995689
2025-09-26,CA,5.65865921857074
2025-09-26,DE,3.55477091834883
2025-09-26,FR,2.69394291594279
2025-09-26,GB,5.06646283318879
2025-09-26,IE,9.69139449752127
2025-09-26,IT,3.28570848415038
2025-09-26,NL,2.32785155856466
2025-09-26,US,3.64384866205408
2025-09-27,AU,4.80288154324002
2025-09-27,CA,5.67518699903302
2025-09-27,DE,3.55334937564317
2025-09-27,FR,2.70533918417286
2025-09-27,GB,5.07978714726236
2025-09-27,IE,9.73232263444279
2025-09-27,IT,3.27631779919436
2025-09-27,NL,2.32933120260212
2025-09-27,US,3.65654566408806
2025-09-28,AU,4.81497622476978
2025-09-28,CA,5.69306482264788
2025-09-28,DE,3.54892885714405
2025-09-28,FR,2.71954295585517
2025-09-28,GB,5.09447076271256
2025-09-28,IE,9.76794780848348
2025-09-28,IT,3.26823490625323
2025-09-28,NL,2.3296195595278
2025-09-28,US,3.67015987410915
2025-09-29,AU,4.828676311721
2025-09-29,CA,5.71085874151952
2025-09-29,DE,3.54588596608506
2025-09-29,FR,2.7354766701083
2025-09-29,GB,5.10714793596039
2025-09-29,IE,9.81830227277326
2025-09-29,IT,3.26543578859047
2025-09-29,NL,2.32964049183607
2025-09-29,US,3.68323457244216
2025-09-30,AU,4.84930521370685
2025-09-30,CA,5.72713233280714
2025-09-30,DE,3.54695505761827
2025-09-30,FR,2.75032209706991
2025-09-30,GB,5.10997489512997
2025-09-30,IE,9.85789520345642
2025-09-30,IT,3.26805102503071
2025-09-30,NL,2.32357294479789
2025-09-30,US,3.69578275874456
2025-10-01,AU,4.86853067461752
2025-10-01,CA,5.74605780284572
2025-10-01,DE,3.55468286717087
2025-10-01,FR,2.76640205118933
2025-10-01,GB,5.12019887438856
2025-10-01,IE,9.92564871254948
2025-10-01,IT,3.2707612726003
2025-10-01,NL,2.31461306422185
2025-10-01,US,3.70556403383013
2025-10-02,AU,4.88393418396066
2025-10-02,CA,5.77158020817511
2025-10-02,DE,3.55873121174176
2025-10-02,FR,2.77853032863946
2025-10-02,GB,5.13744482526376
2025-10-02,IE,10.0050107167911
2025-10-02,IT,3.27242385743818
2025-10-02,NL,2.30917331279863
2025-10-02,US,3.71346513542154
2025-10-03,AU,4.91042270187511
2025-10-03,CA,5.80018972045031
2025-10-03,DE,3.56432231918187
2025-10-03,FR,2.79150823426057
2025-10-03,GB,5.16331640392207
2025-10-03,IE,10.0433450134905
2025-10-03,IT,3.27324164457238
2025-10-03,NL,2.30745237531792
2025-10-03,US,3.72127983411272
2025-10-04,AU,4.93298058726013
2025-10-04,CA,5.81709760118341
2025-10-04,DE,3.56469292593009
2025-10-04,FR,2.80790843654732
2025-10-04,GB,5.18141297864855
2025-10-04,IE,10.09314598752
2025-10-04,IT,3.27804640909551
2025-10-04,NL,2.30615879782454
2025-10-04,US,3.72743334843673
2025-10-05,AU,4.95244422914711
2025-10-05,CA,5.84192183516571
2025-10-05,DE,3.56823395192122
2025-10-05,FR,2.82151588333713
2025-10-05,GB,5.20316548143509
2025-10-05,IE,10.1585040761546
2025-10-05,IT,3.28687478406074
2025-10-05,NL,2.30625311354271
2025-10-05,US,3.73621636499533
2025-10-06,AU,4.97089281120525
2025-10-06,CA,5.86652778318112
2025-10-06,DE,3.57321429211909
2025-10-06,FR,2.83521426762173
2025-10-06,GB,5.22827025518052
2025-10-06,IE,10.2028444610422
2025-10-06,IT,3.29483413890554
2025-10-06,NL,2.30531905557669
2025-10-06,US,3.74532517092635
2025-10-07,AU,4.98923152851952
2025-10-07,CA,5.88909044601122
2025-10-07,DE,3.57322504037716
2025-10-07,FR,2.84720293179016
2025-10-07,GB,5.26317005519758
2025-10-07,IE,10.2569049930204
2025-10-07,IT,3.29692072333058
2025-10-07,NL,2.30608824589604
2025-10-07,US,3.75203543780235
2025-10-08,AU,5.01650437732554
2025-10-08,CA,5.91127506227365
2025-10-08,DE,3.56982665261301
2025-10-08,FR,2.86243974454403
2025-10-08,GB,5.28934761563708
2025-10-08,IE,10.2909742870865
2025-10-08,IT,3.29634488654017
2025-10-08,NL,2.31038842423798
2025-10-08,US,3.75795992333944
2025-10-09,AU,5.0369579183526
2025-10-09,CA,5.93227743146074
2025-10-09,DE,3.56414542929406
2025-10-09,FR,2.87846256680028
2025-10-09,GB,5.31654247611019
2025-10-09,IE,10.3070173072458
2025-10-09,IT,3.30195915196919
2025-10-09,NL,2.31618108419364
2025-10-09,US,3.76720690584643
2025-10-10,AU,5.04487184563748
2025-10-10,CA,5.95551882073231
2025-10-10,DE,3.56376615971467
2025-10-10,FR,2.87450158197585
2025-10-10,GB,5.33274148690777
2025-10-10,IE,10.3506310098468
2025-10-10,IT,3.30655352687464
2025-10-10,NL,2.31813720362356
2025-10-10,US,3.783149182356
2025-10-11,AU,5.05706992483875
2025-10-11,CA,5.99317059083837
2025-10-11,DE,3.56455969928509
2025-10-11,FR,2.87319560223562
2025-10-11,GB,5.35251427485249
2025-10-11,IE,10.3997770892
2025-10-11,IT,3.31001525280417
2025-10-11,NL,2.31805117551092
2025-10-11,US,3.79796970233153
2025-10-12,AU,5.07159260289702
2025-10-12,CA,6.0257842634882
2025-10-12,DE,3.56344374568781
2025-10-12,FR,2.87247986636933
2025-10-12,GB,5.36778595476885
2025-10-12,IE,10.4357018176709
2025-10-12,IT,3.306190351917
2025-10-12,NL,2.31778800679905
2025-10-12,US,3.80953305196788
2025-10-13,AU,5.09234357387292
2025-10-13,CA,6.06096164248552
2025-10-13,DE,3.56077921912819
2025-10-13,FR,2.87290430276958
2025-10-13,GB,5.39105377197546
2025-10-13,IE,10.4847076325935
2025-10-13,IT,3.30426661219541
2025-10-13,NL,2.31775306268399
2025-10-13,US,3.82337465489889
2025-10-14,AU,5.10734944770555
2025-10-14,CA,6.10681072417569
2025-10-14,DE,3.55900011215972
2025-10-14,FR,2.87588169920026
2025-10-14,GB,5.40957689379762
2025-10-14,IE,10.5118835382352
2025-10-14,IT,3.30999617817139
2025-10-14,NL,2.31590559499426
2025-10-14,US,3.84021117214105
2025-10-15,AU,5.11360278551481
2025-10-15,CA,6.14558868296505
2025-10-15,DE,3.55281964752375
2025-10-15,FR,2.87944575587906
2025-10-15,GB,5.42436835452536
2025-10-15,IE,10.5451965150227
2025-10-15,IT,3.31569853852909
2025-10-15,NL,2.31558389119053
2025-10-15,US,3.85923511162015
2025-10-16,AU,5.12874624254099
2025-10-16,CA,6.19018917424759
2025-10-16,DE,3.55276992549382
2025-10-16,FR,2.88319736323466
2025-10-16,GB,5.4435434731535
2025-10-16,IE,10.6027934226953
2025-10-16,IT,3.31909753795178
2025-10-16,NL,2.31593259871485
2025-10-16,US,3.87375311590598
2025-10-17,AU,5.15203696940504
2025-10-17,CA,6.23207858669224
2025-10-17,DE,3.54575162275225
2025-10-17,FR,2.90994329469326
2025-10-17,GB,5.47082359728797
2025-10-17,IE,10.6600393794226
2025-10-17,IT,3.32206270606905
2025-10-17,NL,2.31885881374315
2025-10-17,US,3.88469703955601
2025-10-18,AU,5.16698984111395
2025-10-18,CA,6.26267255336788
2025-10-18,DE,3.54008185810778
2025-10-18,FR,2.93506743901641
2025-10-18,GB,5.48607653027284
2025-10-18,IE,10.6897254248571
2025-10-18,IT,3.32038352125438
2025-10-18,NL,2.32200430221264
2025-10-18,US,3.88345346213112
2025-10-19,AU,5.18496378539593
2025-10-19,CA,6.30111919804004
2025-10-19,DE,3.53489858836495
2025-10-19,FR,2.96086132991732
2025-10-19,GB,5.51254346389312
2025-10-19,IE,10.7351983617994
2025-10-19,IT,3.33049162592649
2025-10-19,NL,2.32607339325803
2025-10-19,US,3.88931282033389
2025-10-20,AU,5.20261744256018
2025-10-20,CA,6.34029531316056
2025-10-20,DE,3.53053295489308
2025-10-20,FR,2.98293477263097
2025-10-20,GB,5.53615610101647
2025-10-20,IE,10.783326478294
2025-10-20,IT,3.3385286370444
2025-10-20,NL,2.33111897835067
2025-10-20,US,3.8971060166434
2025-10-21,AU,5.21190761029918
2025-10-21,CA,6.37582114886786
2025-10-21,DE,3.52740656415528
2025-10-21,FR,3.00503086864979
2025-10-21,GB,5.55692579908238
2025-10-21,IE,10.8713839219694
2025-10-21,IT,3.34378484718815
2025-10-21,NL,2.33493119237223
2025-10-21,US,3.90576219129706
2025-10-22,AU,5.21747689454826
2025-10-22,CA,6.41587040669877
2025-10-22,DE,3.52984360860142
2025-10-22,FR,3.0264152938114
2025-10-22,GB,5.57820112932724
2025-10-22,IE,10.9373590301766
2025-10-22,IT,3.35276189058755
2025-10-22,NL,2.34119241183451
2025-10-22,US,3.91260460556344
2025-10-23,AU,5.21638108867845
2025-10-23,CA,6.44877615183482
2025-10-23,DE,3.5354311147157
2025-10-23,FR,3.04587866357199
2025-10-23,GB,5.58806521981443
2025-10-23,IE,10.9655376942457
2025-10-23,IT,3.35743288799642
2025-10-23,NL,2.34104338992805
2025-10-23,US,3.92191739271146
2025-10-24,AU,5.20300719547639
2025-10-24,CA,6.49064846013294
2025-10-24,DE,3.53094525255253
2025-10-24,FR,3.05956380348059
2025-10-24,GB,5.59821947265854
2025-10-24,IE,10.9804920627172
2025-10-24,IT,3.36839005205363
2025-10-24,NL,2.34110371869946
2025-10-24,US,3.93338513802671
2025-10-25,AU,5.20121283172882
2025-10-25,CA,6.52321444302194
2025-10-25,DE,3.54147026046758
2025-10-25,FR,3.07429030240311
2025-10-25,GB,5.61850824029928
2025-10-25,IE,11.016091178855
2025-10-25,IT,3.38525213011637
2025-10-25,NL,2.34081782199141
2025-10-25,US,3.95976207959533
2025-10-26,AU,5.19043187604957
2025-10-26,CA,6.55943012485884
2025-10-26,DE,3.55140085638134
2025-10-26,FR,3.08790429979274
2025-10-26,GB,5.63454289546936
2025-10-26,IE,11.0424457938679
2025-10-26,IT,3.39688997442323
2025-10-26,NL,2.34104525093498
2025-10-26,US,3.98321994244972
2025-10-27,AU,5.1726886449351
2025-10-27,CA,6.59206790895205
2025-10-27,DE,3.56386328741377
2025-10-27,FR,3.1030523724414
2025-10-27,GB,5.6447170178534
2025-10-27,IE,11.05855100272
2025-10-27,IT,3.41121981306744
2025-10-27,NL,2.34052249756704
2025-10-27,US,4.00243427231149
2025-10-28,AU,5.1631612058424
2025-10-28,CA,6.6185514336455
2025-10-28,DE,3.57396288751135
2025-10-28,FR,3.11786932337834
2025-10-28,GB,5.65639349610238
2025-10-28,IE,11.0684433647691
2025-10-28,IT,3.41529144987661
2025-10-28,NL,2.34391233671384
2025-10-28,US,4.01888375570533
2025-10-29,AU,5.15560511737632
2025-10-29,CA,6.6465792210465
2025-10-29,DE,3.5703494849804
2025-10-29,FR,3.13238042991134
2025-10-29,GB,5.67704327492098
2025-10-29,IE,11.0972850477947
2025-10-29,IT,3.42042874181406
2025-10-29,NL,2.34702441743935
2025-10-29,US,4.03579487309229
2025-10-30,AU,5.15268494638843
2025-10-30,CA,6.67498884873096
2025-10-30,DE,3.5743739026967
2025-10-30,FR,3.1445036091505
2025-10-30,GB,5.69742993817474
2025-10-30,IE,11.1380838103458
2025-10-30,IT,3.43160799914924
2025-10-30,NL,2.35586454775285
2025-10-30,US,4.04966579200581
2025-10-31,AU,5.14729327225478
2025-10-31,CA,6.68955918132905
2025-10-31,DE,3.59361796394608
2025-10-31,FR,3.16001393253599
2025-10-31,GB,5.71360143885321
2025-10-31,IE,11.1835223770164
2025-10-31,IT,3.43889746938718
2025-10-31,NL,2.36315783465272
2025-10-31,US,4.05063897372215
2025-11-01,AU,5.13654831716037
2025-11-01,CA,6.71126138939807
2025-11-01,DE,3.60004859421508
2025-11-01,FR,3.1702801156946
2025-11-01,GB,5.73544879707054
2025-11-01,IE,11.2349778065389
2025-11-01,IT,3.45095406050274
2025-11-01,NL,2.37086655822052
2025-11-01,US,4.04724865018312
2025-11-02,AU,5.14339888988466
2025-11-02,CA,6.73779836302805
2025-11-02,DE,3.60822869370533
2025-11-02,FR,3.18170440365262
2025-11-02,GB,5.7548403062473
2025-11-02,IE,11.2849519954481
2025-11-02,IT,3.46282458415495
2025-11-02,NL,2.3819141028584
2025-11-02,US,4.05398715186682
2025-11-03,AU,5.14717120558507
2025-11-03,CA,6.76629091929867
2025-11-03,DE,3.61305537402494
2025-11-03,FR,3.19195738262389
2025-11-03,GB,5.77423231732011
2025-11-03,IE,11.3437839844135
2025-11-03,IT,3.4701146631499
2025-11-03,NL,2.39118883836334
2025-11-03,US,4.06265092937515
2025-11-04,AU,5.15014814921509
2025-11-04,CA,6.80108288943948
2025-11-04,DE,3.61959375350765
2025-11-04,FR,3.20067653711456
2025-11-04,GB,5.78841146426817
2025-11-04,IE,11.3632626561875
2025-11-04,IT,3.48070341954684
2025-11-04,NL,2.40090556453633
2025-11-04,US,4.06623169401979
2025-11-05,AU,5.16844003946616
2025-11-05,CA,6.83452936275031
2025-11-05,DE,3.6359995352886
2025-11-05,FR,3.2080418728168
2025-11-05,GB,5.79662851209296
2025-11-05,IE,11.3801796715481
2025-11-05,IT,3.49004964379108
2025-11-05,NL,2.41280091192418
2025-11-05,US,4.07567421255993
2025-11-06,AU,5.18498920613601
2025-11-06,CA,6.86786470095194
2025-11-06,DE,3.64141580445887
2025-11-06,FR,3.21862178394631
2025-11-06,GB,5.80631964090941
2025-11-06,IE,11.3875464923407
2025-11-06,IT,3.50244562260595
2025-11-06,NL,2.42279734340515
2025-11-06,US,4.0865063903328
2025-11-07,AU,5.20085250160888
2025-11-07,CA,6.89873268432451
2025-11-07,DE,3.6433430639528
2025-11-07,FR,3.22456844515946
2025-11-07,GB,5.81527842633379
2025-11-07,IE,11.3719214467655
2025-11-07,IT,3.51176093893282
2025-11-07,NL,2.43423857804887
2025-11-07,US,4.10731135064687
2025-11-08,AU,5.22739746728182
2025-11-08,CA,6.9353120276288
2025-11-08,DE,3.64263425787179
2025-11-08,FR,3.23365824443377
2025-11-08,GB,5.8154437431847
2025-11-08,IE,11.3299782840136
2025-11-08,IT,3.51027668181843
2025-11-08,NL,2.4455314188132
2025-11-08,US,4.13138965412313
2025-11-09,AU,5.24123871183203
2025-11-09,CA,6.96387926400618
2025-11-09,DE,3.64042516090009
2025-11-09,FR,3.24077569498145
2025-11-09,GB,5.81868107614705
2025-11-09,IE,11.2852459400537
2025-11-09,IT,3.51080420934587
2025-11-09,NL,2.45418352146774
2025-11-09,US,4.14196473270446
2025-11-10,AU,5.26470736501782
2025-11-10,CA,6.98966056223438
2025-11-10,DE,3.64932323455139
2025-11-10,FR,3.24808425919294
2025-11-10,GB,5.81350447441286
2025-11-10,IE,11.2356495188145
2025-11-10,IT,3.51526479908435
2025-11-10,NL,2.46413783530643
2025-11-10,US,4.15206612560083
2025-11-11,AU,5.29648479450488
2025-11-11,CA,7.01453874495947
2025-11-11,DE,3.6501994563035
2025-11-11,FR,3.2568447547585
2025-11-11,GB,5.81747125664321
2025-11-11,IE,11.2025149186244
2025-11-11,IT,3.52140670440432
2025-11-11,NL,2.47388116905484
2025-11-11,US,4.16757552670974
2025-11-12,AU,5.31832809170872
2025-11-12,CA,7.04049283608319
2025-11-12,DE,3.65628603700238
2025-11-12,FR,3.26461917932798
2025-11-12,GB,5.82164718834016
2025-11-12,IE,11.1999597949656
2025-11-12,IT,3.52301860168803
2025-11-12,NL,2.47891470194863
2025-11-12,US,4.17634589030248
2025-11-13,AU,5.33073410789871
2025-11-13,CA,7.06314380725476
2025-11-13,DE,3.65851350802573
2025-11-13,FR,3.26665283595935
2025-11-13,GB,5.82885520404129
2025-11-13,IE,11.2050117044873
2025-11-13,IT,3.51435360932916
2025-11-13,NL,2.48296481393797
2025-11-13,US,4.1849964996698
2025-11-14,AU,5.3555579016068
2025-11-14,CA,7.09300821823307
2025-11-14,DE,3.66371741942587
2025-11-14,FR,3.27292366137926
2025-11-14,GB,5.83914115882686
2025-11-14,IE,11.185361457645
2025-11-14,IT,3.50619241424991
2025-11-14,NL,2.48869658839909
2025-11-14,US,4.1897391338375
2025-11-15,AU,5.37866565980088
2025-11-15,CA,7.1319408918856
2025-11-15,DE,3.67892641279177
2025-11-15,FR,3.28506965320805
2025-11-15,GB,5.86626340804175
2025-11-15,IE,11.2069329604718
2025-11-15,IT,3.51260053042994
2025-11-15,NL,2.49560704168053
2025-11-15,US,4.19784816119548
2025-11-16,AU,5.39853781126812
2025-11-16,CA,7.16222962754278
2025-11-16,DE,3.69611093958151
2025-11-16,FR,3.29756936615823
2025-11-16,GB,5.88612479554623
2025-11-16,IE,11.2140425219592
2025-11-16,IT,3.51131439795916
2025-11-16,NL,2.50091589530228
2025-11-16,US,4.2038265836802
2025-11-17,AU,5.41386166297019
2025-11-17,CA,7.19549012772387
2025-11-17,DE,3.70365557865524
2025-11-17,FR,3.30967634738298
2025-11-17,GB,5.91007592785578
2025-11-17,IE,11.2228158556163
2025-11-17,IT,3.50741341999388
2025-11-17,NL,2.50662353409538
2025-11-17,US,4.20883438702145
2025-11-18,AU,5.42451564622796
2025-11-18,CA,7.24753780139347
2025-11-18,DE,3.71714993373562
2025-11-18,FR,3.32012559945302
2025-11-18,GB,5.93143270550128
2025-11-18,IE,11.2255885704686
2025-11-18,IT,3.50860313716828
2025-11-18,NL,2.5078560723516
2025-11-18,US,4.21101956245596
2025-11-19,AU,5.4293975618122
2025-11-19,CA,7.304924241196
2025-11-19,DE,3.72329325035611
2025-11-19,FR,3.33649991667723
2025-11-19,GB,5.95201207478725
2025-11-19,IE,11.1911519336695
2025-11-19,IT,3.51365661152075
2025-11-19,NL,2.50861352253067
2025-11-19,US,4.21318176219441
2025-11-20,AU,5.4303350828025
2025-11-20,CA,7.36273097483085
2025-11-20,DE,3.72324791342117
2025-11-20,FR,3.35537209768665
2025-11-20,GB,5.96846736708375
2025-11-20,IE,11.1546488632688
2025-11-20,IT,3.5204337679133
2025-11-20,NL,2.51252353951562
2025-11-20,US,4.21496140560633
2025-11-21,AU,5.42573531180545
2025-11-21,CA,7.43487987908555
2025-11-21,DE,3.71960624076072
2025-11-21,FR,3.3689520058748
2025-11-21,GB,5.99189841565969
2025-11-21,IE,11.1850295188342
2025-11-21,IT,3.53331163145132
2025-11-21,NL,2.52014192397816
2025-11-21,US,4.21993868141695
2025-11-22,AU,5.42574288676671
2025-11-22,CA,7.50885732885363
2025-11-22,DE,3.70799100724659
2025-11-22,FR,3.38183704584487
2025-11-22,GB,6.01202556419853
2025-11-22,IE,11.2090558588899
2025-11-22,IT,3.53950171108005
2025-11-22,NL,2.52603120211112
2025-11-22,US,4.22399431177392
2025-11-23,AU,5.42819319858514
2025-11-23,CA,7.58386238293905
2025-11-23,DE,3.69216411547865
2025-11-23,FR,3.39418781021235
2025-11-23,GB,6.0292087599077
2025-11-23,IE,11.2204718215568
2025-11-23,IT,3.54894824874707
2025-11-23,NL,2.53181560269368
2025-11-23,US,4.22723251403371
2025-11-24,AU,5.43655610985784
2025-11-24,CA,7.6630172341442
2025-11-24,DE,3.67684703986057
2025-11-24,FR,3.40710509295745
2025-11-24,GB,6.05263618958251
2025-11-24,IE,11.2417610680353
2025-11-24,IT,3.55953110394212
2025-11-24,NL,2.5398075916766
2025-11-24,US,4.22820306798704
2025-11-25,AU,5.43633088129577
2025-11-25,CA,7.71946227188702
2025-11-25,DE,3.66434350808011
2025-11-25,FR,3.41110872133949
2025-11-25,GB,6.0772710974661
2025-11-25,IE,11.2755736506238
2025-11-25,IT,3.56758888412272
2025-11-25,NL,2.54658586900643
2025-11-25,US,4.23252734256908
2025-11-26,AU,5.44478355564845
2025-11-26,CA,7.78279147024438
2025-11-26,DE,3.66027051250982
2025-11-26,FR,3.41617598758336
2025-11-26,GB,6.11247075513918
2025-11-26,IE,11.3272418568399
2025-11-26,IT,3.57480445350403
2025-11-26,NL,2.55600893966496
2025-11-26,US,4.24220355100942
2025-11-27,AU,5.46885344192227
2025-11-27,CA,7.84861166685336
2025-11-27,DE,3.67014256752093
2025-11-27,FR,3.42390604711066
2025-11-27,GB,6.15420941746468
2025-11-27,IE,11.3898019113395
2025-11-27,IT,3.58386898495748
2025-11-27,NL,2.56677988992466
2025-11-27,US,4.25303718326299
2025-11-28,AU,5.48547056599933
2025-11-28,CA,7.90145650797164
2025-11-28,DE,3.67588215161389
2025-11-28,FR,3.43157933311386
2025-11-28,GB,6.19133333265761
2025-11-28,IE,11.4224953120144
2025-11-28,IT,3.58808441022625
2025-11-28,NL,2.56963405018879
2025-11-28,US,4.26201011384261
2025-11-29,AU,5.49638277161981
2025-11-29,CA,7.94875030049199
2025-11-29,DE,3.68092545300498
2025-11-29,FR,3.43485049239006
2025-11-29,GB,6.22442334680658
2025-11-29,IE,11.4727505215637
2025-11-29,IT,3.59172937174372
2025-11-29,NL,2.57277038954183
2025-11-29,US,4.26754630946909
2025-11-30,AU,5.50448748306198
2025-11-30,CA,7.99219720636967
2025-11-30,DE,3.68645602057812
2025-11-30,FR,3.43802535959079
2025-11-30,GB,6.25793236548006
2025-11-30,IE,11.5270965265829
2025-11-30,IT,3.59306316763474
2025-11-30,NL,2.57183227886816
2025-11-30,US,4.27093349236032
2025-12-01,AU,5.51021392695764
2025-12-01,CA,8.03880550169974
2025-12-01,DE,3.69376925681534
2025-12-01,FR,3.43985047060771
2025-12-01,GB,6.29784041771487
2025-12-01,IE,11.5686963232127
2025-12-01,IT,3.59369273310572
2025-12-01,NL,2.5704863308278
2025-12-01,US,4.28024837262154
2025-12-02,AU,5.52259487112328
2025-12-02,CA,8.10013184749865
2025-12-02,DE,3.70391831094808
2025-12-02,FR,3.44850347346238
2025-12-02,GB,6.32891454963193
2025-12-02,IE,11.6160563981802
2025-12-02,IT,3.59523760039502
2025-12-02,NL,2.56852118828836
2025-12-02,US,4.2852550947291
2025-12-03,AU,5.53389978021669
2025-12-03,CA,8.15992778348245
2025-12-03,DE,3.71017361754009
2025-12-03,FR,3.44926706973196
2025-12-03,GB,6.35119742180593
2025-12-03,IE,11.6682367984773
2025-12-03,IT,3.59864052973315
2025-12-03,NL,2.56599250967373
2025-12-03,US,4.28561876508385
2025-12-04,AU,5.53818995987735
2025-12-04,CA,8.22783680053952
2025-12-04,DE,3.72221189411112
2025-12-04,FR,3.45209056512993
2025-12-04,GB,6.3716075962479
2025-12-04,IE,11.7249755004197
2025-12-04,IT,3.60867496465071
2025-12-04,NL,2.5616614473512
2025-12-04,US,4.29010971216142
2025-12-05,AU,5.54405081364713
2025-12-05,CA,8.3074188522986
2025-12-05,DE,3.74355296498377
2025-12-05,FR,3.45556198614064
2025-12-05,GB,6.38893409755419
2025-12-05,IE,11.7793611090147
2025-12-05,IT,3.61703837309694
2025-12-05,NL,2.55911087800431
2025-12-05,US,4.29855292733516
2025-12-06,AU,5.54899323040603
2025-12-06,CA,8.39439248406035
2025-12-06,DE,3.75595693802155
2025-12-06,FR,3.46186264539578
2025-12-06,GB,6.41199297387879
2025-12-06,IE,11.793961032533
2025-12-06,IT,3.63213913179662
2025-12-06,NL,2.56089624172118
2025-12-06,US,4.31265874060796
2025-12-07,AU,5.55486258182186
2025-12-07,CA,8.48339428872141
2025-12-07,DE,3.77367317207778
2025-12-07,FR,3.46841582665602
2025-12-07,GB,6.43913101432331
2025-12-07,IE,11.8111684383556
2025-12-07,IT,3.64752890762028
2025-12-07,NL,2.56526667632974
2025-12-07,US,4.33110042306792
2025-12-08,AU,5.56475321510591
2025-12-08,CA,8.56960821118105
2025-12-08,DE,3.78327926944341
2025-12-08,FR,3.47605772969047
2025-12-08,GB,6.4517389254675
2025-12-08,IE,11.8387375593236
2025-12-08,IT,3.66423781653449
2025-12-08,NL,2.56887916911465
2025-12-08,US,4.34139872238512
2025-12-09,AU,5.5705056671864
2025-12-09,CA,8.65003420863114
2025-12-09,DE,3.79436021800494
2025-12-09,FR,3.48256461754983
2025-12-09,GB,6.46428112813237
2025-12-09,IE,11.854173427855
2025-12-09,IT,3.67750365174095
2025-12-09,NL,2.57330685377445
2025-12-09,US,4.35543346221407
2025-12-10,AU,5.57701610523195
2025-12-10,CA,8.7358386044096
2025-12-10,DE,3.80655897005057
2025-12-10,FR,3.49110244590863
2025-12-10,GB,6.48225008698108
2025-12-10,IE,11.8580947055704
2025-12-10,IT,3.68824778418654
2025-12-10,NL,2.5732773453862
2025-12-10,US,4.36852673775813
2025-12-11,AU,5.59794968996477
2025-12-11,CA,8.81415832730827
2025-12-11,DE,3.80512865859707
2025-12-11,FR,3.49544518223422
2025-12-11,GB,6.50338483934282
2025-12-11,IE,11.8755227044765
2025-12-11,IT,3.6909833039622
2025-12-11,NL,2.5706750815636
2025-12-11,US,4.377932765009
2025-12-12,AU,5.62981247643455
2025-12-12,CA,8.89610761643649
2025-12-12,DE,3.81161480309966
2025-12-12,FR,3.49542693725359
2025-12-12,GB,6.53229267525241
2025-12-12,IE,11.919773033041
2025-12-12,IT,3.69757755901005
2025-12-12,NL,2.56943198193041
2025-12-12,US,4.38563436436423
2025-12-13,AU,5.66599900201148
2025-12-13,CA,8.97142264938315
2025-12-13,DE,3.82514374333706
2025-12-13,FR,3.48629620134222
2025-12-13,GB,6.55919756799684
2025-12-13,IE,12.0078144493084
2025-12-13,IT,3.70113214142203
2025-12-13,NL,2.56890574730014
2025-12-13,US,4.39264600828644
2025-12-14,AU,5.69760533999651
2025-12-14,CA,9.04879551023306
2025-12-14,DE,3.83604041646629
2025-12-14,FR,3.48021025759222
2025-12-14,GB,6.57149604263506
2025-12-14,IE,12.0876606194292
2025-12-14,IT,3.70527802909898
2025-12-14,NL,2.56341897790021
2025-12-14,US,4.39709630381341
2025-12-15,AU,5.72598548699889
2025-12-15,CA,9.13358179810539
2025-12-15,DE,3.84898464536165
2025-12-15,FR,3.47628787016454
2025-12-15,GB,6.59688749736052
2025-12-15,IE,12.1424793456431
2025-12-15,IT,3.71298389825255
2025-12-15,NL,2.56032419731278
2025-12-15,US,4.40627661621969
2025-12-16,AU,5.75535748108816
2025-12-16,CA,9.21928339005244
2025-12-16,DE,3.85473863561521
2025-12-16,FR,3.46925166782547
2025-12-16,GB,6.63695255729229
2025-12-16,IE,12.2241751647837
2025-12-16,IT,3.72278675824534
2025-12-16,NL,2.55442682005501
2025-12-16,US,4.41361241592192
2025-12-17,AU,5.78107679532126
2025-12-17,CA,9.2989393529108
2025-12-17,DE,3.86602424531841
2025-12-17,FR,3.46002870796937
2025-12-17,GB,6.67325743563392
2025-12-17,IE,12.3135164052739
2025-12-17,IT,3.73201592901287
2025-12-17,NL,2.55246267769234
2025-12-17,US,4.40355077375558
2025-12-18,AU,5.79038480132053
2025-12-18,CA,9.38920598549726
2025-12-18,DE,3.87094425679132
2025-12-18,FR,3.44503787675379
2025-12-18,GB,6.70107706030002
2025-12-18,IE,12.3508672040573
2025-12-18,IT,3.74501669710853
2025-12-18,NL,2.54965064006263
2025-12-18,US,4.39085646419238
2025-12-19,AU,5.7984770206072
2025-12-19,CA,9.49058420022283
2025-12-19,DE,3.86889975873526
2025-12-19,FR,3.43434184912272
2025-12-19,GB,6.72893440670887
2025-12-19,IE,12.3713693388411
2025-12-19,IT,3.7588096307803
2025-12-19,NL,2.54702460717144
2025-12-19,US,4.38360660871788
2025-12-20,AU,5.79995787676535
2025-12-20,CA,9.59947378022973
2025-12-20,DE,3.8719420138054
2025-12-20,FR,3.43023742846076
2025-12-20,GB,6.76263340138659
2025-12-20,IE,12.3604979900672
2025-12-20,IT,3.76915816787301
2025-12-20,NL,2.54470699136706
2025-12-20,US,4.37266319657379
2025-12-21,AU,5.80963632515923
2025-12-21,CA,9.70844631882769
2025-12-21,DE,3.87503543985083
2025-12-21,FR,3.42169382218254
2025-12-21,GB,6.81175793048323
2025-12-21,IE,12.3568737958132
2025-12-21,IT,3.77859517920958
2025-12-21,NL,2.54656699145137
2025-12-21,US,4.36674900130143
2025-12-22,AU,5.81964551857373
2025-12-22,CA,9.81060331656801
2025-12-22,DE,3.89104590214353
2025-12-22,FR,3.41293096168648
2025-12-22,GB,6.85933783919093
2025-12-22,IE,12.3888026036309
2025-12-22,IT,3.78835666317643
2025-12-22,NL,2.54710893295721
2025-12-22,US,4.35713387978714
2025-12-23,AU,5.83031751148928
2025-12-23,CA,9.91681945659229
2025-12-23,DE,3.89958124922342
2025-12-23,FR,3.40435816607106
2025-12-23,GB,6.90023563947484
2025-12-23,IE,12.374814762256
2025-12-23,IT,3.7977488211542
2025-12-23,NL,2.55686003302293
2025-12-23,US,4.34853546854657
2025-12-24,AU,5.845299096147
2025-12-24,CA,10.0312073217886
2025-12-24,DE,3.90847287013729
2025-12-24,FR,3.39810160667419
2025-12-24,GB,6.93832860927145
2025-12-24,IE,12.3684688876289
2025-12-24,IT,3.81555563460453
2025-12-24,NL,2.56676656499107
2025-12-24,US,4.36066008915583
2025-12-25,AU,5.87198915326053
2025-12-25,CA,10.1393248044578
2025-12-25,DE,3.9265565369417
2025-12-25,FR,3.40062255218226
2025-12-25,GB,6.98078974544345
2025-12-25,IE,12.4074309461589
2025-12-25,IT,3.83176912865108
2025-12-25,NL,2.57762420476232
2025-12-25,US,4.37317786407081
2025-12-26,AU,5.89886872848444
2025-12-26,CA,10.2272118489993
2025-12-26,DE,3.93576061009962
2025-12-26,FR,3.40395939716117
2025-12-26,GB,7.01339470973946
2025-12-26,IE,12.445561112042
2025-12-26,IT,3.85174413044934
2025-12-26,NL,2.58873730234363
2025-12-26,US,4.38566768453805
2025-12-27,AU,5.92472898318518
2025-12-27,CA,10.3079599567095
2025-12-27,DE,3.94630153134471
2025-12-27,FR,3.40834255222074
2025-12-27,GB,7.03957860174319
2025-12-27,IE,12.50133138556
2025-12-27,IT,3.87722878469937
2025-12-27,NL,2.59562441472676
2025-12-27,US,4.39650662603715
2025-12-28,AU,5.94341383945185
2025-12-28,CA,10.3884556485376
2025-12-28,DE,3.95156939519882
2025-12-28,FR,3.41425554182068
2025-12-28,GB,7.06332191351816
2025-12-28,IE,12.550991022478
2025-12-28,IT,3.90627183614769
2025-12-28,NL,2.60195939293992
2025-12-28,US,4.40201281499592
2025-12-29,AU,5.95499739222646
2025-12-29,CA,10.4648672284053
2025-12-29,DE,3.95108569569812
2025-12-29,FR,3.41875765929656
2025-12-29,GB,7.08052711693026
2025-12-29,IE,12.5742079261724
2025-12-29,IT,3.93372028529552
2025-12-29,NL,2.60757462473546
2025-12-29,US,4.4129843182017
2025-12-30,AU,5.9663657759771
2025-12-30,CA,10.5363203214006
2025-12-30,DE,3.95949274501087
2025-12-30,FR,3.42657061677778
2025-12-30,GB,7.08708571950416
2025-12-30,IE,12.5998624105234
2025-12-30,IT,3.95476175537817
2025-12-30,NL,2.61108789834656
2025-12-30,US,4.42130476753142
2025-12-31,AU,5.97253512891402
2025-12-31,CA,10.5940783097657
2025-12-31,DE,3.95808557414245
2025-12-31,FR,3.43462071218328
2025-12-31,GB,7.09764228002578
2025-12-31,IE,12.5859959953802
2025-12-31,IT,3.96901962009352
2025-12-31,NL,2.61320803309105
2025-12-31,US,4.4268955893922
2026-01-01,AU,5.97665165089642
2026-01-01,CA,10.6564565334379
2026-01-01,DE,3.96551952785786
2026-01-01,FR,3.43640711067794
2026-01-01,GB,7.11069161965702
2026-01-01,IE,12.5643917384185
2026-01-01,IT,3.98133521456793
2026-01-01,NL,2.61772427607672
2026-01-01,US,4.43228653458462
2026-01-02,AU,5.97955809848836
2026-01-02,CA,10.7272087195742
2026-01-02,DE,3.97691314086186
2026-01-02,FR,3.43852130459415
2026-01-02,GB,7.1235903740812
2026-01-02,IE,12.5400785351057
2026-01-02,IT,3.99530424342738
2026-01-02,NL,2.6216077572797
2026-01-02,US,4.43155390201077
2026-01-03,AU,5.99037903232165
2026-01-03,CA,10.7983967728239
2026-01-03,DE,3.98968454314284
2026-01-03,FR,3.43868964542999
2026-01-03,GB,7.13329789567613
2026-01-03,IE,12.5176108529352
2026-01-03,IT,4.00331447661156
2026-01-03,NL,2.62665331878804
2026-01-03,US,4.42842807018103
2026-01-04,AU,6.00484392813931
2026-01-04,CA,10.8649861386408
2026-01-04,DE,4.00206710415877
2026-01-04,FR,3.43788793687333
2026-01-04,GB,7.13454107473858
2026-01-04,IE,12.4968875068364
2026-01-04,IT,4.00479266606446
2026-01-04,NL,2.63247693971066
2026-01-04,US,4.42498478055842
2026-01-05,AU,6.02100858623149
2026-01-05,CA,10.9404268729642
2026-01-05,DE,4.01996356001941
2026-01-05,FR,3.43646740975113
2026-01-05,GB,7.12399028314522
2026-01-05,IE,12.4742000264584
2026-01-05,IT,4.00480172176699
2026-01-05,NL,2.63656009165769
2026-01-05,US,4.42043066850619
2026-01-06,AU,6.03166779786255
2026-01-06,CA,11.0292177438734
2026-01-06,DE,4.03862375218248
2026-01-06,FR,3.42801846627889
2026-01-06,GB,7.10969862600168
2026-01-06,IE,12.4677337486559
2026-01-06,IT,4.00589406799163
2026-01-06,NL,2.63916719363651
2026-01-06,US,4.4217491070379
2026-01-07,AU,6.03245091546157
2026-01-07,CA,11.1155591074934
2026-01-07,DE,4.05574548483402
2026-01-07,FR,3.4166089003723
2026-01-07,GB,7.07717710684411
2026-01-07,IE,12.4901913463505
2026-01-07,IT,4.01203170857344
2026-01-07,NL,2.63927797574915
2026-01-07,US,4.42535505465537
2026-01-08,AU,6.04300801245251
2026-01-08,CA,11.2076434745255
2026-01-08,DE,4.0636503851283
2026-01-08,FR,3.40904731968952
2026-01-08,GB,7.03229173987736
2026-01-08,IE,12.4712918916187
2026-01-08,IT,4.01093431618125
2026-01-08,NL,2.63978699604738
2026-01-08,US,4.43275846889122
2026-01-09,AU,6.03951573483875
2026-01-09,CA,11.2786815359446
2026-01-09,DE,4.07603875747263
2026-01-09,FR,3.39638633220822
2026-01-09,GB,6.98432525107048
2026-01-09,IE,12.4358106555478
2026-01-09,IT,3.99065296765389
2026-01-09,NL,2.64424686082627
2026-01-09,US,4.44123906751566
2026-01-10,AU,6.02732243573273
2026-01-10,CA,11.3613496689528
2026-01-10,DE,4.08877515787712
2026-01-10,FR,3.38487283705575
2026-01-10,GB,6.93659911789056
2026-01-10,IE,12.3656411523358
2026-01-10,IT,3.96159456166799
2026-01-10,NL,2.64740297727807
2026-01-10,US,4.45627909069313
2026-01-11,AU,6.01748608687459
2026-01-11,CA,11.4430943857829
2026-01-11,DE,4.1061009856643
2026-01-11,FR,3.37173659503112
2026-01-11,GB,6.88736151330398
2026-01-11,IE,12.2743782814465
2026-01-11,IT,3.93202866736181
2026-01-11,NL,2.6513838269588
2026-01-11,US,4.46989629826239
2026-01-12,AU,6.00857383840314
2026-01-12,CA,11.5298970733939
2026-01-12,DE,4.10872027751923
2026-01-12,FR,3.36258156806942
2026-01-12,GB,6.85523301948338
2026-01-12,IE,12.2002057140789
2026-01-12,IT,3.90919297121782
2026-01-12,NL,2.65857211047309
2026-01-12,US,4.48457791986039
2026-01-13,AU,6.00674018792154
2026-01-13,CA,11.6065883988117
2026-01-13,DE,4.09954356251139
2026-01-13,FR,3.3561920966049
2026-01-13,GB,6.82577933642408
2026-01-13,IE,12.1094144421565
2026-01-13,IT,3.88883862811815
2026-01-13,NL,2.66357857685975
2026-01-13,US,4.49740502803038
2026-01-14,AU,6.01009236813057
2026-01-14,CA,11.7032511062047
2026-01-14,DE,4.10561055710787
2026-01-14,FR,3.35356791182603
2026-01-14,GB,6.81033367394849
2026-01-14,IE,11.9818432250715
2026-01-14,IT,3.86193909041194
2026-01-14,NL,2.67076418260387
2026-01-14,US,4.51010635890164
2026-01-15,AU,5.99015222298591
2026-01-15,CA,11.7971397212344
2026-01-15,DE,4.10350083066025
2026-01-15,FR,3.34892015303934
2026-01-15,GB,6.80564496303802
2026-01-15,IE,11.8882170117038
2026-01-15,IT,3.8413254316869
2026-01-15,NL,2.67158081340514
2026-01-15,US,4.52340862793125
2026-01-16,AU,5.97268559205082
2026-01-16,CA,11.9080650639026
2026-01-16,DE,4.11490385348076
2026-01-16,FR,3.34597278876342
2026-01-16,GB,6.8112466260624
2026-01-16,IE,11.8054231963852
2026-01-16,IT,3.83047775982397
2026-01-16,NL,2.66910576181011
2026-01-16,US,4.53743313397334
2026-01-17,AU,5.95599159364878
2026-01-17,CA,12.0025441890578
2026-01-17,DE,4.10797292923159
2026-01-17,FR,3.3411488028771
2026-01-17,GB,6.82032326911777
2026-01-17,IE,11.7630896763379
2026-01-17,IT,3.82328505054766
2026-01-17,NL,2.66592186743155
2026-01-17,US,4.55238702827448
2026-01-18,AU,5.93469744209848
2026-01-18,CA,12.0964050996496
2026-01-18,DE,4.09937489483419
2026-01-18,FR,3.33716371716451
2026-01-18,GB,6.83029365183658
2026-01-18,IE,11.7577816250853
2026-01-18,IT,3.81704631468541
2026-01-18,NL,2.66316941759134
2026-01-18,US,4.56937610240956
2026-01-19,AU,5.90885923770092
2026-01-19,CA,12.1755678956811
2026-01-19,DE,4.10039514042982
2026-01-19,FR,3.33144238510699
2026-01-19,GB,6.84472381626733
2026-01-19,IE,11.7811189780662
2026-01-19,IT,3.80216943204189
2026-01-19,NL,2.65826867897242
2026-01-19,US,4.58324821207303
2026-01-20,AU,5.88408947806262
2026-01-20,CA,12.2359083089509
2026-01-20,DE,4.11093927630072
2026-01-20,FR,3.32565694053821
2026-01-20,GB,6.86616654451024
2026-01-20,IE,11.8276092468352
2026-01-20,IT,3.78720145056293
2026-01-20,NL,2.6630068337345
2026-01-20,US,4.59684696606325
2026-01-21,AU,5.8532952921677
2026-01-21,CA,12.2850176356813
2026-01-21,DE,4.11297641989321
2026-01-21,FR,3.31652663531646
2026-01-21,GB,6.89176129924374
2026-01-21,IE,11.9032888841623
2026-01-21,IT,3.76669817920351
2026-01-21,NL,2.66648587038317
2026-01-21,US,4.60861205711744
2026-01-22,AU,5.8326118762323
2026-01-22,CA,12.3253075577112
2026-01-22,DE,4.12132780490582
2026-01-22,FR,3.3040589228611
2026-01-22,GB,6.91667654044236
2026-01-22,IE,11.9596411291361
2026-01-22,IT,3.75364493415117
2026-01-22,NL,2.67293544692305
2026-01-22,US,4.61352584628265
2026-01-23,AU,5.81293557597221
2026-01-23,CA,12.3611167830057
2026-01-23,DE,4.11365714539263
2026-01-23,FR,3.29431176562479
2026-01-23,GB,6.9339919097279
2026-01-23,IE,12.0143981227172
2026-01-23,IT,3.73832023478239
2026-01-23,NL,2.67701378449984
2026-01-23,US,4.62292066859961
2026-01-24,AU,5.79988680797644
2026-01-24,CA,12.3997509843948
2026-01-24,DE,4.12066133611614
2026-01-24,FR,3.28405200699645
2026-01-24,GB,6.94324423451325
2026-01-24,IE,12.0601586705006
2026-01-24,IT,3.71931766131384
2026-01-24,NL,2.67991532688401
2026-01-24,US,4.63385026553295
2026-01-25,AU,5.79017085428141
2026-01-25,CA,12.438666872772
2026-01-25,DE,4.12676833837581
2026-01-25,FR,3.27329493140499
2026-01-25,GB,6.95645663877007
2026-01-25,IE,12.0862373367924
2026-01-25,IT,3.70422424440227
2026-01-25,NL,2.68197299444522
2026-01-25,US,4.64732589312398
2026-01-26,AU,5.7847824736083
2026-01-26,CA,12.4745337528089
2026-01-26,DE,4.13217203371373
2026-01-26,FR,3.26135992000712
2026-01-26,GB,6.96495755922373
2026-01-26,IE,12.0739570509141
2026-01-26,IT,3.68928511492983
2026-01-26,NL,2.6841375274958
2026-01-26,US,4.66239740402592
2026-01-27,AU,5.77717588547242
2026-01-27,CA,12.5244222580793
2026-01-27,DE,4.13755239160693
2026-01-27,FR,3.25509990583976
2026-01-27,GB,6.97005623580732
2026-01-27,IE,12.0472647038959
2026-01-27,IT,3.67068748289143
2026-01-27,NL,2.67766453861948
2026-01-27,US,4.67954598092385
2026-01-28,AU,5.78098120657232
2026-01-28,CA,12.5722021502834
2026-01-28,DE,4.13601577419529
2026-01-28,FR,3.2552212926443
2026-01-28,GB,6.97179480111026
2026-01-28,IE,12.0018992230127
2026-01-28,IT,3.65987392038692
2026-01-28,NL,2.67468829856244
2026-01-28,US,4.69789571806158
2026-01-29,AU,5.78999048741679
2026-01-29,CA,12.6207431352729
2026-01-29,DE,4.13824260497262
2026-01-29,FR,3.26084865439499
2026-01-29,GB,6.97859839954892
2026-01-29,IE,11.9641687969056
2026-01-29,IT,3.64439257024049
2026-01-29,NL,2.672000494056
2026-01-29,US,4.71800217851037
2026-01-30,AU,5.80308220131436
2026-01-30,CA,12.6677251411972
2026-01-30,DE,4.13484021519589
2026-01-30,FR,3.26637176692854
2026-01-30,GB,6.98909507857871
2026-01-30,IE,11.9569488819663
2026-01-30,IT,3.63191090417638
2026-01-30,NL,2.66932833527668
2026-01-30,US,4.73410797159406
2026-01-31,AU,5.80829751509219
2026-01-31,CA,12.7174626334253
2026-01-31,DE,4.1364702784359
2026-01-31,FR,3.2736282253595
2026-01-31,GB,7.0073605127188
2026-01-31,IE,11.9411215299413
2026-01-31,IT,3.6279000315474
2026-01-31,NL,2.66770375771626
2026-01-31,US,4.74974464689691
2026-02-01,AU,5.82239908275818
2026-02-01,CA,12.7625139961795
2026-02-01,DE,4.13636928329276
2026-02-01,FR,3.28131619162206
2026-02-01,GB,7.02522998998265
2026-02-01,IE,11.930537441523
2026-02-01,IT,3.61582397197839
2026-02-01,NL,2.66604639674424
2026-02-01,US,4.7632172181097
2026-02-02,AU,5.82208140562789
2026-02-02,CA,12.8055428153956
2026-02-02,DE,4.13273045848764
2026-02-02,FR,3.28889837040869
2026-02-02,GB,7.03907936563488
2026-02-02,IE,11.8898510276228
2026-02-02,IT,3.60761315518904
2026-02-02,NL,2.66635117404038
2026-02-02,US,4.77787687842981
2026-02-03,AU,5.82871343059836
2026-02-03,CA,12.8488456670148
2026-02-03,DE,4.14012434321283
2026-02-03,FR,3.29886430273128
2026-02-03,GB,7.0541893711802
2026-02-03,IE,11.8460238563832
2026-02-03,IT,3.60381146179976
2026-02-03,NL,2.66967499479441
2026-02-03,US,4.78814047513045
2026-02-04,AU,5.82587595958786
2026-02-04,CA,12.8810679936838
2026-02-04,DE,4.15834295553519
2026-02-04,FR,3.30012868301883
2026-02-04,GB,7.06797342337265
2026-02-04,IE,11.8458046970389
2026-02-04,IT,3.58218255809717
2026-02-04,NL,2.66874668829517
2026-02-04,US,4.79602240816971
2026-02-05,AU,5.8128926848992
2026-02-05,CA,12.9219612749
2026-02-05,DE,4.18330771234747
2026-02-05,FR,3.30439975400609
2026-02-05,GB,7.07813531811086
2026-02-05,IE,11.8726352654008
2026-02-05,IT,3.56769906076867
2026-02-05,NL,2.68002067677593
2026-02-05,US,4.8056170218567
2026-02-06,AU,5.8018995005496
2026-02-06,CA,12.9661613463686
2026-02-06,DE,4.20930038257828
2026-02-06,FR,3.30548023512366
2026-02-06,GB,7.07536362371853
2026-02-06,IE,11.8829922500218
2026-02-06,IT,3.55401586161726
2026-02-06,NL,2.69199707771206
2026-02-06,US,4.81636801862537
2026-02-07,AU,5.79517740724294
2026-02-07,CA,13.0047465160901
2026-02-07,DE,4.22586677290125
2026-02-07,FR,3.30561377594062
2026-02-07,GB,7.07474980922775
2026-02-07,IE,11.8826936768798
2026-02-07,IT,3.54483339950443
2026-02-07,NL,2.70290951579171
2026-02-07,US,4.82694833179844
2026-02-08,AU,5.78777530737552
2026-02-08,CA,13.0471618593776
2026-02-08,DE,4.25050896408008
2026-02-08,FR,3.30638892306135
2026-02-08,GB,7.07287575625463
2026-02-08,IE,11.8744922526941
2026-02-08,IT,3.53945610092969
2026-02-08,NL,2.71438976402906
2026-02-08,US,4.83861411507891
2026-02-09,AU,5.7948808187996
2026-02-09,CA,13.0905184865688
2026-02-09,DE,4.27141385222427
2026-02-09,FR,3.30827780392096
2026-02-09,GB,7.06846297689788
2026-02-09,IE,11.9073918164194
2026-02-09,IT,3.52937264924303
2026-02-09,NL,2.71995389777619
2026-02-09,US,4.84898624360998
2026-02-10,AU,5.7982632241783
2026-02-10,CA,13.1248579366741
2026-02-10,DE,4.27898475145063
2026-02-10,FR,3.30599859770399
2026-02-10,GB,7.06784552346971
2026-02-10,IE,11.9391634954385
2026-02-10,IT,3.52354288935454
2026-02-10,NL,2.7267408109617
2026-02-10,US,4.8637322247058
2026-02-11,AU,5.8110814253256
2026-02-11,CA,13.1627131092573
2026-02-11,DE,4.27756874736173
2026-02-11,FR,3.30750016796395
2026-02-11,GB,7.07095232976558
2026-02-11,IE,11.9449044221856
2026-02-11,IT,3.53712912658942
2026-02-11,NL,2.73662786262902
2026-02-11,US,4.87958268427359
2026-02-12,AU,5.8276010801223
2026-02-12,CA,13.1805543550803
2026-02-12,DE,4.26293716466387
2026-02-12,FR,3.30312724219752
2026-02-12,GB,7.06003820806089
2026-02-12,IE,11.9254046927771
2026-02-12,IT,3.53916924831274
2026-02-12,NL,2.73657159514474
2026-02-12,US,4.90076291016043
2026-02-13,AU,5.84749805919116
2026-02-13,CA,13.205748531681
2026-02-13,DE,4.25684637050679
2026-02-13,FR,3.30037362003469
2026-02-13,GB,7.07463322314489
2026-02-13,IE,11.9005691136046
2026-02-13,IT,3.53825986662719
2026-02-13,NL,2.73905606788976
2026-02-13,US,4.91622720317845
2026-02-14,AU,5.86752972267877
2026-02-14,CA,13.2233029808609
2026-02-14,DE,4.25120137283442
2026-02-14,FR,3.29872667858111
2026-02-14,GB,7.07975248104642
2026-02-14,IE,11.8863334185254
2026-02-14,IT,3.53093613138509
2026-02-14,NL,2.74453357699572
2026-02-14,US,4.92459708700773
2026-02-15,AU,5.87641986924827
2026-02-15,CA,13.2368487080092
2026-02-15,DE,4.24281276821908
2026-02-15,FR,3.29543653592205
2026-02-15,GB,7.0835801835828
2026-02-15,IE,11.8719816064915
2026-02-15,IT,3.52551172285407
2026-02-15,NL,2.75101681366281
2026-02-15,US,4.9328868887704
2026-02-16,AU,5.8887082190947
2026-02-16,CA,13.2707289280107
2026-02-16,DE,4.23094939143274
2026-02-16,FR,3.29544668243697
2026-02-16,GB,7.09026439220803
2026-02-16,IE,11.8431537211469
2026-02-16,IT,3.51925374779548
2026-02-16,NL,2.76227954383105
2026-02-16,US,4.94026979419751
2026-02-17,AU,5.89811083560795
2026-02-17,CA,13.3003473367162
2026-02-17,DE,4.2267906427104
2026-02-17,FR,3.29675866391844
2026-02-17,GB,7.09611110892867
2026-02-17,IE,11.8282746368469
2026-02-17,IT,3.51294700873369
2026-02-17,NL,2.76853058187587
2026-02-17,US,4.94898263587191
2026-02-18,AU,5.90918492763572
2026-02-18,CA,13.3206074634457
2026-02-18,DE,4.23725857476412
2026-02-18,FR,3.29853803245005
2026-02-18,GB,7.1150897268767
2026-02-18,IE,11.8038411602853
2026-02-18,IT,3.50622147193822
2026-02-18,NL,2.77688390643078
2026-02-18,US,4.96051519290854
2026-02-19,AU,5.92896657914527
2026-02-19,CA,13.3452064016545
2026-02-19,DE,4.24774364196448
2026-02-19,FR,3.30478305689354
2026-02-19,GB,7.14485972952504
2026-02-19,IE,11.7839972504281
2026-02-19,IT,3.50408340955009
2026-02-19,NL,2.78490849702444
2026-02-19,US,4.96621351482859
2026-02-20,AU,5.94666946547885
2026-02-20,CA,13.3693465588203
2026-02-20,DE,4.25318840242439
2026-02-20,FR,3.3152917340717
2026-02-20,GB,7.16331485026794
2026-02-20,IE,11.7484333462341
2026-02-20,IT,3.5081724440901
2026-02-20,NL,2.78889455873332
2026-02-20,US,4.97550545100968
2026-02-21,AU,5.97081085480703
2026-02-21,CA,13.4034841524593
2026-02-21,DE,4.25449968826691
2026-02-21,FR,3.32898834629957
2026-02-21,GB,7.19057801543943
2026-02-21,IE,11.7085839860117
2026-02-21,IT,3.50972575542065
2026-02-21,NL,2.79281121272063
2026-02-21,US,4.98790613270585
2026-02-22,AU,5.99455667274408
2026-02-22,CA,13.4368816247152
2026-02-22,DE,4.25610621721301
2026-02-22,FR,3.34422168347502
2026-02-22,GB,7.22278055360992
2026-02-22,IE,11.6751031212848
2026-02-22,IT,3.50988644494577
2026-02-22,NL,2.79526187954436
2026-02-22,US,4.99907049675881
2026-02-23,AU,6.01776669159104
2026-02-23,CA,13.465393495676
2026-02-23,DE,4.26253700185593
2026-02-23,FR,3.35661078042093
2026-02-23,GB,7.25451127666528
2026-02-23,IE,11.6511633790937
2026-02-23,IT,3.51384320996778
2026-02-23,NL,2.79735429200366
2026-02-23,US,5.00938344995199
2026-02-24,AU,6.03785737474672
2026-02-24,CA,13.5067780043464
2026-02-24,DE,4.26109544666585
2026-02-24,FR,3.37000194758939
2026-02-24,GB,7.27913554069318
2026-02-24,IE,11.5999472305244
2026-02-24,IT,3.51620064496277
2026-02-24,NL,2.79834413470291
2026-02-24,US,5.01642437893125
2026-02-25,AU,6.06395302724454
2026-02-25,CA,13.5639083556491
2026-02-25,DE,4.25536884189508
2026-02-25,FR,3.38774322346628
2026-02-25,GB,7.29093940821068
2026-02-25,IE,11.5519625496124
2026-02-25,IT,3.52175283048645
2026-02-25,NL,2.79890114031082
2026-02-25,US,5.0198717844861
2026-02-26,AU,6.08341317536785
2026-02-26,CA,13.6230169581938
2026-02-26,DE,4.25091890538663
2026-02-26,FR,3.40244650377677
2026-02-26,GB,7.29080056714841
2026-02-26,IE,11.5027566308443
2026-02-26,IT,3.52465500680965
2026-02-26,NL,2.79552766885972
2026-02-26,US,5.02620344433112
2026-02-27,AU,6.09274679613966
2026-02-27,CA,13.6773101624419
2026-02-27,DE,4.24933991751357
2026-02-27,FR,3.41917661271604
2026-02-27,GB,7.28526361129228
2026-02-27,IE,11.4576067915923
2026-02-27,IT,3.52347942109842
2026-02-27,NL,2.79843705742013
2026-02-27,US,5.03163975321329
2026-02-28,AU,6.08762569946209
2026-02-28,CA,13.7305947648326
2026-02-28,DE,4.25779375514851
2026-02-28,FR,3.43185652929419
2026-02-28,GB,7.27490620126512
2026-02-28,IE,11.4227327207463
2026-02-28,IT,3.52368367177821
2026-02-28,NL,2.80157595916328
2026-02-28,US,5.03537795179287
2026-03-01,AU,6.0896241654339
2026-03-01,CA,13.7862923941805
2026-03-01,DE,4.262501101576
2026-03-01,FR,3.4441508240727
2026-03-01,GB,7.26497077541679
2026-03-01,IE,11.3967503947944
2026-03-01,IT,3.52238153022067
2026-03-01,NL,2.80144477313294
2026-03-01,US,5.0381302654415
2026-03-02,AU,6.09284056986102
2026-03-02,CA,13.8288028991121
2026-03-02,DE,4.26868399396183
2026-03-02,FR,3.45637070661115
2026-03-02,GB,7.25920310518113
2026-03-02,IE,11.3781642364085
2026-03-02,IT,3.52203944452703
2026-03-02,NL,2.80186934293447
2026-03-02,US,5.04429675479499
2026-03-03,AU,6.09942934282216
2026-03-03,CA,13.8594717214362
2026-03-03,DE,4.27958318355003
2026-03-03,FR,3.46975658791342
2026-03-03,GB,7.25954772209514
2026-03-03,IE,11.364944697708
2026-03-03,IT,3.52149843135496
2026-03-03,NL,2.80679849569419
2026-03-03,US,5.04795575444813
2026-03-04,AU,6.09612232260902
2026-03-04,CA,13.8753178823928
2026-03-04,DE,4.28623905368344
2026-03-04,FR,3.4782547650618
2026-03-04,GB,7.25894885371895
2026-03-04,IE,11.3549443539938
2026-03-04,IT,3.51568882870891
2026-03-04,NL,2.80531795650895
2026-03-04,US,5.05287876284006
2026-03-05,AU,6.09666321028927
2026-03-05,CA,13.8969766706917
2026-03-05,DE,4.30069959944083
2026-03-05,FR,3.49034798492128
2026-03-05,GB,7.27033221653346
2026-03-05,IE,11.3442382195876
2026-03-05,IT,3.51269922927888
2026-03-05,NL,2.80810139951723
2026-03-05,US,5.05567635035004
2026-03-06,AU,6.11308972673538
2026-03-06,CA,13.9132428159178
2026-03-06,DE,4.30969130709045
2026-03-06,FR,3.49968603943927
2026-03-06,GB,7.27872657196598
2026-03-06,IE,11.3389453900721
2026-03-06,IT,3.51196022154442
2026-03-06,NL,2.80919114603973
2026-03-06,US,5.06164052177266
2026-03-07,AU,6.14156211523863
2026-03-07,CA,13.9255199166833
2026-03-07,DE,4.30652668079622
2026-03-07,FR,3.5071134465815
2026-03-07,GB,7.28604569938115
2026-03-07,IE,11.3337881414247
2026-03-07,IT,3.51370620115088
2026-03-07,NL,2.81242901395364
2026-03-07,US,5.07360394388739
2026-03-08,AU,6.17020315147952
2026-03-08,CA,13.9414810381191
2026-03-08,DE,4.30739463229152
2026-03-08,FR,3.51673233669833
2026-03-08,GB,7.29506068776537
2026-03-08,IE,11.3241202917411
2026-03-08,IT,3.52450871847345
2026-03-08,NL,2.81901191050891
2026-03-08,US,5.08629584741087
2026-03-09,AU,6.19431467165294
2026-03-09,CA,13.9676429197535
2026-03-09,DE,4.31636163223737
2026-03-09,FR,3.52784516081906
2026-03-09,GB,7.30390678414659
2026-03-09,IE,11.3110801221434
2026-03-09,IT,3.53445240799014
2026-03-09,NL,2.82801140816756
2026-03-09,US,5.10391861763626
2026-03-10,AU,6.218622969033
2026-03-10,CA,14.0082650639603
2026-03-10,DE,4.3260061971295
2026-03-10,FR,3.53244475452924
2026-03-10,GB,7.31811943226265
2026-03-10,IE,11.3174889300363
2026-03-10,IT,3.54545126235824
2026-03-10,NL,2.83460187795242
2026-03-10,US,5.12781017885145
2026-03-11,AU,6.25637118636922
2026-03-11,CA,14.0558977690908
2026-03-11,DE,4.33435559510222
2026-03-11,FR,3.54279509914134
2026-03-11,GB,7.36451783674962
2026-03-11,IE,11.3574286750056
2026-03-11,IT,3.56557208071722
2026-03-11,NL,2.85669977563567
2026-03-11,US,5.14650532808151
2026-03-12,AU,6.28853976352744
2026-03-12,CA,14.1011280534969
2026-03-12,DE,4.33639255898919
2026-03-12,FR,3.55617851290816
2026-03-12,GB,7.40330819485834
2026-03-12,IE,11.4021477116496
2026-03-12,IT,3.58582253987634
2026-03-12,NL,2.8809807188187
2026-03-12,US,5.16637583693818
2026-03-13,AU,6.31490019046494
2026-03-13,CA,14.1787820573178
2026-03-13,DE,4.33863869798591
2026-03-13,FR,3.57285318896065
2026-03-13,GB,7.45154795507124
2026-03-13,IE,11.4595717078032
2026-03-13,IT,3.61017691017474
2026-03-13,NL,2.91909845160454
2026-03-13,US,5.18259036853099
2026-03-14,AU,6.34700407046705
2026-03-14,CA,14.2636390882398
2026-03-14,DE,4.35977385660687
2026-03-14,FR,3.59727125722951
2026-03-14,GB,7.5028665357688
2026-03-14,IE,11.5252718981312
2026-03-14,IT,3.63544434749273
2026-03-14,NL,2.95113399109959
2026-03-14,US,5.19658121796613
2026-03-15,AU,6.37388325553366
2026-03-15,CA,14.3702568863819
2026-03-15,DE,4.38159764489401
2026-03-15,FR,3.6217589123229
2026-03-15,GB,7.55394145010711
2026-03-15,IE,11.5954075999781
2026-03-15,IT,3.66118166611491
2026-03-15,NL,2.98219935589903
2026-03-15,US,5.20989986157975
2026-03-16,AU,6.39911633845477
2026-03-16,CA,14.4724728382867
2026-03-16,DE,4.39535996982131
2026-03-16,FR,3.64351190276132
2026-03-16,GB,7.608086980749
2026-03-16,IE,11.7104825974186
2026-03-16,IT,3.68202299871675
2026-03-16,NL,3.01444808280539
2026-03-16,US,5.21786022002281
2026-03-17,AU,6.427056650537
2026-03-17,CA,14.5715980728628
2026-03-17,DE,4.41219792960442
2026-03-17,FR,3.6723581541934
2026-03-17,GB,7.65477007593835
2026-03-17,IE,11.8325342434787
2026-03-17,IT,3.70478180425378
2026-03-17,NL,3.04841654412501
2026-03-17,US,5.2231546156016
2026-03-18,AU,6.44563134544869
2026-03-18,CA,14.6654734338612
2026-03-18,DE,4.4257519864139
2026-03-18,FR,3.69895479401737
2026-03-18,GB,7.67300917812672
2026-03-18,IE,11.9580867987959
2026-03-18,IT,3.71979162460185
2026-03-18,NL,3.07009705288059
2026-03-18,US,5.22695951686683
2026-03-19,AU,6.47155884389121
2026-03-19,CA,14.7590117772626
2026-03-19,DE,4.44912634306537
2026-03-19,FR,3.7241443055138
2026-03-19,GB,7.71167960614464
2026-03-19,IE,12.0916485941315
2026-03-19,IT,3.73978141546256
2026-03-19,NL,3.09437431289115
2026-03-19,US,5.23115226561747
2026-03-20,AU,6.49838398602633
2026-03-20,CA,14.8224920649176
2026-03-20,DE,4.47688602379428
2026-03-20,FR,3.74401213165654
2026-03-20,GB,7.74468466512179
2026-03-20,IE,12.1760903750774
2026-03-20,IT,3.74909249275009
2026-03-20,NL,3.09957375592264
2026-03-20,US,5.23696898087549
2026-03-21,AU,6.51258558424953
2026-03-21,CA,14.890958789218
2026-03-21,DE,4.49473995911203
2026-03-21,FR,3.75991326909411
2026-03-21,GB,7.78208898231885
2026-03-21,IE,12.2599113452209
2026-03-21,IT,3.75965592416501
2026-03-21,NL,3.10810686758078
2026-03-21,US,5.24030650313571
2026-03-22,AU,6.52897667861134
2026-03-22,CA,14.9500456173056
2026-03-22,DE,4.51110637878985
2026-03-22,FR,3.77811151084018
2026-03-22,GB,7.8207231555393
2026-03-22,IE,12.3295248837823
2026-03-22,IT,3.76806204018168
2026-03-22,NL,3.11729351592155
2026-03-22,US,5.24378647336638
2026-03-23,AU,6.54561817825624
2026-03-23,CA,15.0087581666674
2026-03-23,DE,4.52913407743681
2026-03-23,FR,3.79975582258873
2026-03-23,GB,7.85540877623761
2026-03-23,IE,12.3547322619797
2026-03-23,IT,3.78176814445387
2026-03-23,NL,3.12587196500631
2026-03-23,US,5.25780121591368
2026-03-24,AU,6.5713129373378
2026-03-24,CA,15.0629316620398
2026-03-24,DE,4.54400998437655
2026-03-24,FR,3.8222698497597
2026-03-24,GB,7.8955296825918
2026-03-24,IE,12.3399917569499
2026-03-24,IT,3.79569415127132
2026-03-24,NL,3.13121655045365
2026-03-24,US,5.26478729659063
2026-03-25,AU,6.59887990390865
2026-03-25,CA,15.1358780615054
2026-03-25,DE,4.56089216106932
2026-03-25,FR,3.84388082736147
2026-03-25,GB,7.93524845962423
2026-03-25,IE,12.300255859634
2026-03-25,IT,3.81453527888621
2026-03-25,NL,3.13883056205397
2026-03-25,US,5.28185588067626
2026-03-26,AU,6.61854833680861
2026-03-26,CA,15.1956602097207
2026-03-26,DE,4.56998074097116
2026-03-26,FR,3.86542415381025
2026-03-26,GB,7.97085341333416
2026-03-26,IE,12.2773793022217
2026-03-26,IT,3.83138296343598
2026-03-26,NL,3.14278040434619
2026-03-26,US,5.30465413753147
2026-03-27,AU,6.63085289155844
2026-03-27,CA,15.2596795057031
2026-03-27,DE,4.57427955205721
2026-03-27,FR,3.88480289528477
2026-03-27,GB,8.00415939147729
2026-03-27,IE,12.2430626130737
2026-03-27,IT,3.85708571016859
2026-03-27,NL,3.15199453471628
2026-03-27,US,5.32511954400456
2026-03-28,AU,6.65443917662214
2026-03-28,CA,15.3158997683468
2026-03-28,DE,4.58389200163502
2026-03-28,FR,3.90567474094646
2026-03-28,GB,8.03093643690037
2026-03-28,IE,12.2639789804682
2026-03-28,IT,3.87931735281338
2026-03-28,NL,3.1595663292693
2026-03-28,US,5.35185040382156
2026-03-29,AU,6.67481710552163
2026-03-29,CA,15.3680975032193
2026-03-29,DE,4.59361203526888
2026-03-29,FR,3.92194861519613
2026-03-29,GB,8.05281566127732
2026-03-29,IE,12.2845474793924
2026-03-29,IT,3.89923699544956
2026-03-29,NL,3.16646877644183
2026-03-29,US,5.3788391252962
2026-03-30,AU,6.69585979334707
2026-03-30,CA,15.4160670684125
2026-03-30,DE,4.60298382626863
2026-03-30,FR,3.93405296165975
2026-03-30,GB,8.07762633120499
2026-03-30,IE,12.301698250876
2026-03-30,IT,3.92157756804165
2026-03-30,NL,3.17107839348717
2026-03-30,US,5.3966197138049
2026-03-31,AU,6.70580838312523
2026-03-31,CA,15.4427888389076
2026-03-31,DE,4.60829618900721
2026-03-31,FR,3.93951079707894
2026-03-31,GB,8.09999013113187
2026-03-31,IE,12.337101330553
2026-03-31,IT,3.94057768558315
2026-03-31,NL,3.17593096324471
2026-03-31,US,5.4123556733574
2026-04-01,AU,6.70397045595971
2026-04-01,CA,15.4859812051002
2026-04-01,DE,4.60893797244939
2026-04-01,FR,3.94275232752431
2026-04-01,GB,8.11992549629652
2026-04-01,IE,12.369289335673
2026-04-01,IT,3.94873341840721
2026-04-01,NL,3.16762378775925
2026-04-01,US,5.42218850632906
2026-04-02,AU,6.70295870490788
2026-04-02,CA,15.5545355252368
2026-04-02,DE,4.61948754672358
2026-04-02,FR,3.948086547675
2026-04-02,GB,8.1305551058724
2026-04-02,IE,12.3766060190366
2026-04-02,IT,3.95612713222622
2026-04-02,NL,3.16138260165045
2026-04-02,US,5.42726669634934
2026-04-03,AU,6.71077261768749
2026-04-03,CA,15.6109861938664
2026-04-03,DE,4.63590444797428
2026-04-03,FR,3.95673593894448
2026-04-03,GB,8.13938405050482
2026-04-03,IE,12.4382313604831
2026-04-03,IT,3.9592311680512
2026-04-03,NL,3.1477196892725
2026-04-03,US,5.43534092467977
2026-04-04,AU,6.71285327517512
2026-04-04,CA,15.6683811530761
2026-04-04,DE,4.65123413228922
2026-04-04,FR,3.96422313927169
2026-04-04,GB,8.15005561503067
2026-04-04,IE,12.4205568440766
2026-04-04,IT,3.96320751106229
2026-04-04,NL,3.13438017527114
2026-04-04,US,5.43758889653166
2026-04-05,AU,6.71829753402005
2026-04-05,CA,15.7158403977041
2026-04-05,DE,4.65316969700572
2026-04-05,FR,3.97404123114986
2026-04-05,GB,8.16498056021585
2026-04-05,IE,12.4036228895936
2026-04-05,IT,3.96649779413
2026-04-05,NL,3.12116815793812
2026-04-05,US,5.4407483396122
2026-04-06,AU,6.72557350251769
2026-04-06,CA,15.7399718764067
2026-04-06,DE,4.65866063694765
2026-04-06,FR,3.98066167947958
2026-04-06,GB,8.17212297018957
2026-04-06,IE,12.3727555245963
2026-04-06,IT,3.96691636742603
2026-04-06,NL,3.10693747586725
2026-04-06,US,5.43899235021955
2026-04-07,AU,6.73959593772672
2026-04-07,CA,15.7975427563795
2026-04-07,DE,4.67410382306439
2026-04-07,FR,3.99932107482396
2026-04-07,GB,8.18755676732972
2026-04-07,IE,12.4194990567562
2026-04-07,IT,3.97511907406772
2026-04-07,NL,3.09519164504796
2026-04-07,US,5.4463409367789
2026-04-08,AU,6.74498441371059
2026-04-08,CA,15.8437678576054
2026-04-08,DE,4.69292002596903
2026-04-08,FR,4.01696326664886
2026-04-08,GB,8.19711903646865
2026-04-08,IE,12.4653024953973
2026-04-08,IT,3.98831799310504
2026-04-08,NL,3.09676305457597
2026-04-08,US,5.4536472791605
2026-04-09,AU,6.75813263783765
2026-04-09,CA,15.8735123204596
2026-04-09,DE,4.7056354707692
2026-04-09,FR,4.03003955545466
2026-04-09,GB,8.20960653961528
2026-04-09,IE,12.5056363051129
2026-04-09,IT,4.00337573070183
2026-04-09,NL,3.09182158483239
2026-04-09,US,5.4494814549357
2026-04-10,AU,6.76780302928342
2026-04-10,CA,15.9057584218451
2026-04-10,DE,4.70785140555786
2026-04-10,FR,4.04093768113721
2026-04-10,GB,8.23144449182443
2026-04-10,IE,12.5744228052563
2026-04-10,IT,4.02344704137471
2026-04-10,NL,3.0828690529498
2026-04-10,US,5.45508018375385
2026-04-11,AU,6.76967751172774
2026-04-11,CA,15.9387281987089
2026-04-11,DE,4.70634658029677
2026-04-11,FR,4.05146218037018
2026-04-11,GB,8.24327147566315
2026-04-11,IE,12.6410400573037
2026-04-11,IT,4.04545755576193
2026-04-11,NL,3.07607742972698
2026-04-11,US,5.45991936328251
2026-04-12,AU,6.77451665072933
2026-04-12,CA,15.9818228670186
2026-04-12,DE,4.71794294917829
2026-04-12,FR,4.05738876719195
2026-04-12,GB,8.2523875935902
2026-04-12,IE,12.7274256011235
2026-04-12,IT,4.06855891438327
2026-04-12,NL,3.07045127471005
2026-04-12,US,5.46340016857506
2026-04-13,AU,6.78756864355368
2026-04-13,CA,16.0380931609425
2026-04-13,DE,4.72994726420031
2026-04-13,FR,4.06713886307176
2026-04-13,GB,8.26030538105838
2026-04-13,IE,12.8074245034029
2026-04-13,IT,4.09428411676696
2026-04-13,NL,3.06346927119205
2026-04-13,US,5.46758738823695
2026-04-14,AU,6.78886351306423
2026-04-14,CA,16.0769026271032
2026-04-14,DE,4.73049259100067
2026-04-14,FR,4.06849500001384
2026-04-14,GB,8.2574462982801
2026-04-14,IE,12.8887179363836
2026-04-14,IT,4.11025230377795
2026-04-14,NL,3.05782377673499
2026-04-14,US,5.46241867016204
2026-04-15,AU,6.80811152701326
2026-04-15,CA,16.1049389674572
2026-04-15,DE,4.72355314757239
2026-04-15,FR,4.07437899226103
2026-04-15,GB,8.26360368153017
2026-04-15,IE,12.9945651203101
2026-04-15,IT,4.12736227601977
2026-04-15,NL,3.04714047490101
2026-04-15,US,5.46955757842065
2026-04-16,AU,6.81898340272644
2026-04-16,CA,16.1431215432035
2026-04-16,DE,4.7160202840601
2026-04-16,FR,4.077253938854
2026-04-16,GB,8.26596681404895
2026-04-16,IE,13.1042220764171
2026-04-16,IT,4.14508981736112
2026-04-16,NL,3.043546342398
2026-04-16,US,5.47605195799199
2026-04-17,AU,6.84235307078316
2026-04-17,CA,16.1813795271385
2026-04-17,DE,4.71874865081494
2026-04-17,FR,4.07636972962908
2026-04-17,GB,8.26796228527617
2026-04-17,IE,13.1562226165851
2026-04-17,IT,4.16434510600542
2026-04-17,NL,3.04641240890995
2026-04-17,US,5.47852062181033
2026-04-18,AU,6.86582320189129
2026-04-18,CA,16.2141373655769
2026-04-18,DE,4.72428531261158
2026-04-18,FR,4.07570841471904
2026-04-18,GB,8.26868017806474
2026-04-18,IE,13.2341272391477
2026-04-18,IT,4.18560890018293
2026-04-18,NL,3.04611491527503
2026-04-18,US,5.48291454254421
2026-04-19,AU,6.89272106531367
2026-04-19,CA,16.242359517171
2026-04-19,DE,4.73247420169496
2026-04-19,FR,4.08023292668477
2026-04-19,GB,8.27366847072971
2026-04-19,IE,13.2973100778523
2026-04-19,IT,4.21243193758967
2026-04-19,NL,3.04995886191183
2026-04-19,US,5.48898374315982
2026-04-20,AU,6.90971224342833
2026-04-20,CA,16.2809618382293
2026-04-20,DE,4.73437272300535
2026-04-20,FR,4.08524708019652
2026-04-20,GB,8.28522244595253
2026-04-20,IE,13.3840408832738
2026-04-20,IT,4.23418489316056
2026-04-20,NL,3.05551585140588
2026-04-20,US,5.4934904250279
2026-04-21,AU,6.92664661356378
2026-04-21,CA,16.3336341175941
2026-04-21,DE,4.74242372245138
2026-04-21,FR,4.08473180431505
2026-04-21,GB,8.29133118843867
2026-04-21,IE,13.4033920294206
2026-04-21,IT,4.25010324820784
2026-04-21,NL,3.05511089011507
2026-04-21,US,5.506617406994
2026-04-22,AU,6.95656061301921
2026-04-22,CA,16.4071070280548
2026-04-22,DE,4.77119805512181
2026-04-22,FR,4.09050373617474
2026-04-22,GB,8.34154546688781
2026-04-22,IE,13.5295769071039
2026-04-22,IT,4.28495549789445
2026-04-22,NL,3.07211688009628
2026-04-22,US,5.5209442964518
2026-04-23,AU,6.96173705213361
2026-04-23,CA,16.4440907841649
2026-04-23,DE,4.7804794676083
2026-04-23,FR,4.08921347010812
2026-04-23,GB,8.33551549633489
2026-04-23,IE,13.5197720444332
2026-04-23,IT,4.31299703585966
2026-04-23,NL,3.06830043078693
2026-04-23,US,5.51649243043248
2026-04-24,AU,6.96190923387597
2026-04-24,CA,16.4940412683557
2026-04-24,DE,4.79316902674817
2026-04-24,FR,4.09452007881683
2026-04-24,GB,8.32706072156922
2026-04-24,IE,13.548566404339
2026-04-24,IT,4.3415988724712
2026-04-24,NL,3.06860409990623
2026-04-24,US,5.49829185188392
2026-04-25,AU,6.96327656790324
2026-04-25,CA,16.5374877574589
2026-04-25,DE,4.7980700622776
2026-04-25,FR,4.09550923391384
2026-04-25,GB,8.32961261952057
2026-04-25,IE,13.5542851958765
2026-04-25,IT,4.37218387448095
2026-04-25,NL,3.06416711390938
2026-04-25,US,5.47934143506305
2026-04-26,AU,6.95604015129053
2026-04-26,CA,16.5763259519946
2026-04-26,DE,4.79419218991943
2026-04-26,FR,4.09508905576224
2026-04-26,GB,8.3281319299346
2026-04-26,IE,13.5777925893031
2026-04-26,IT,4.39930095841078
2026-04-26,NL,3.05472894859885
2026-04-26,US,5.46690232448813
2026-04-27,AU,6.94976828505022
2026-04-27,CA,16.6388704483304
2026-04-27,DE,4.79242800751791
2026-04-27,FR,4.09809762962679
2026-04-27,GB,8.32195575624017
2026-04-27,IE,13.6272154167081
2026-04-27,IT,4.4320984709302
2026-04-27,NL,3.0470463264354
2026-04-27,US,5.45142208457958
2026-04-28,AU,6.95227028208958
2026-04-28,CA,16.6648462708178
2026-04-28,DE,4.79505589301951
2026-04-28,FR,4.10144451646142
2026-04-28,GB,8.33757091236183
2026-04-28,IE,13.6978899561476
2026-04-28,IT,4.46578586305245
2026-04-28,NL,3.0469845566244
2026-04-28,US,5.43681765026296
2026-04-29,AU,6.92816454856972
2026-04-29,CA,16.6701912273405
2026-04-29,DE,4.78708622459424
2026-04-29,FR,4.09589934006372
2026-04-29,GB,8.30472227880193
2026-04-29,IE,13.5851232896912
2026-04-29,IT,4.47960846544387
2026-04-29,NL,3.03697951907515
2026-04-29,US,5.41381727119048
2026-04-30,AU,6.92987186630887
2026-04-30,CA,16.7117498660223
2026-04-30,DE,4.81329874808953
2026-04-30,FR,4.10526588181512
2026-04-30,GB,8.36411264722181
2026-04-30,IE,13.6854307351145
2026-04-30,IT,4.50094707699239
2026-04-30,NL,3.05134389824951
2026-04-30,US,5.43788016833667
2026-05-01,AU,6.92453505766755
2026-05-01,CA,16.7503979931673
2026-05-01,DE,4.84788877331696
2026-05-01,FR,4.11616854283668
2026-05-01,GB,8.42497258150015
2026-05-01,IE,13.7579815651933
2026-05-01,IT,4.52071258673104
2026-05-01,NL,3.06383047523007
2026-05-01,US,5.47057062551443
2026-05-02,AU,6.93044412423016
2026-05-02,CA,16.7961015876618
2026-05-02,DE,4.88267953284696
2026-05-02,FR,4.13623638823318
2026-05-02,GB,8.48079045164921
2026-05-02,IE,13.8384717832185
2026-05-02,IT,4.53584097368982
2026-05-02,NL,3.08369438748672
2026-05-02,US,5.49855316117124
2026-05-03,AU,6.93383115420683
2026-05-03,CA,16.8437264888385
2026-05-03,DE,4.92304499788092
2026-05-03,FR,4.15602931764792
2026-05-03,GB,8.53663501929555
2026-05-03,IE,13.9056619283964
2026-05-03,IT,4.55284365239572
2026-05-03,NL,3.10576032335323
2026-05-03,US,5.52228580693988
2026-05-04,AU,6.93054993427698
2026-05-04,CA,16.8849261085966
2026-05-04,DE,4.96875737377718
2026-05-04,FR,4.17341211677459
2026-05-04,GB,8.59342791863952
2026-05-04,IE,13.9382294936319
2026-05-04,IT,4.56943350316983
2026-05-04,NL,3.12522441432605
2026-05-04,US,5.55454288685635
2026-05-05,AU,6.92335479616458
2026-05-05,CA,16.9195650534182
2026-05-05,DE,5.00272223961906
2026-05-05,FR,4.19154434300206
2026-05-05,GB,8.65233185589183
2026-05-05,IE,14.0693248470432
2026-05-05,IT,4.58673793777111
2026-05-05,NL,3.14510370560959
2026-05-05,US,5.58736794206554
2026-05-06,AU,6.90517967708975
2026-05-06,CA,16.9273259260571
2026-05-06,DE,5.03231915907752
2026-05-06,FR,4.21008206287554
2026-05-06,GB,8.69917218671183
2026-05-06,IE,14.0523484769418
2026-05-06,IT,4.60536078189851
2026-05-06,NL,3.14770334449218
2026-05-06,US,5.60865764227058
2026-05-07,AU,6.89546059579793
2026-05-07,CA,16.9250837378147
2026-05-07,DE,5.04329592242141
2026-05-07,FR,4.22537036530507
2026-05-07,GB,8.71225449755992
2026-05-07,IE,13.9815228560802
2026-05-07,IT,4.62393004721284
2026-05-07,NL,3.14367992794211
2026-05-07,US,5.62403581259109
2026-05-08,AU,6.87715084698793
2026-05-08,CA,16.913413384966
2026-05-08,DE,5.03689041478782
2026-05-08,FR,4.2333549160998
2026-05-08,GB,8.71547921190489
2026-05-08,IE,13.9124630011852
2026-05-08,IT,4.62753567411038
2026-05-08,NL,3.13957481716522
2026-05-08,US,5.63496933168101
2026-05-09,AU,6.8709442701045
2026-05-09,CA,16.9085579242814
2026-05-09,DE,5.04326546889404
2026-05-09,FR,4.23698367449361
2026-05-09,GB,8.72327963835417
2026-05-09,IE,13.8413212446788
2026-05-09,IT,4.63529686009576
2026-05-09,NL,3.14071275501346
2026-05-09,US,5.65359307042005
2026-05-10,AU,6.87274011997907
2026-05-10,CA,16.9120015442601
2026-05-10,DE,5.04277843096372
2026-05-10,FR,4.24066241881125
2026-05-10,GB,8.73112675603198
2026-05-10,IE,13.7614942668924
2026-05-10,IT,4.64001587787936
2026-05-10,NL,3.14034269915442
2026-05-10,US,5.66464662274528
2026-05-11,AU,6.87189527471201
2026-05-11,CA,16.9052546758845
2026-05-11,DE,5.03671586275107
2026-05-11,FR,4.24214764229185
2026-05-11,GB,8.75526571117128
2026-05-11,IE,13.6884732536245
2026-05-11,IT,4.64150654695068
2026-05-11,NL,3.14071299573341
2026-05-11,US,5.67923758261842
2026-05-12,AU,6.8783516359871
2026-05-12,CA,16.9158011244939
2026-05-12,DE,5.02756625219898
2026-05-12,FR,4.24449892714828
2026-05-12,GB,8.74998127533227
2026-05-12,IE,13.5020483264171
2026-05-12,IT,4.64738290466355
2026-05-12,NL,3.13558577586406
2026-05-12,US,5.68981417102631
2026-05-13,AU,6.90516096185974
2026-05-13,CA,16.9404415311871
2026-05-13,DE,5.01891168146838
2026-05-13,FR,4.2428626297141
2026-05-13,GB,8.75851175138622
2026-05-13,IE,13.5108678012109
2026-05-13,IT,4.64869520467085
2026-05-13,NL,3.14109273822092
2026-05-13,US,5.70833767232156
2026-05-14,AU,6.92391141345464
2026-05-14,CA,16.9712002827313
2026-05-14,DE,5.01819326743511
2026-05-14,FR,4.2389535473455
2026-05-14,GB,8.77878995609287
2026-05-14,IE,13.5028066870406
2026-05-14,IT,4.64887644944864
2026-05-14,NL,3.13865256883786
2026-05-14,US,5.71194825547508
2026-05-15,AU,6.91750751702473
2026-05-15,CA,16.9878494849797
2026-05-15,DE,5.00702633546799
2026-05-15,FR,4.23342352743748
2026-05-15,GB,8.79184928259899
2026-05-15,IE,13.4972032799295
2026-05-15,IT,4.62701759597617
2026-05-15,NL,3.13143501863324
2026-05-15,US,5.71328155115017
2026-05-16,AU,6.88595201696392
2026-05-16,CA,17.0017341939274
2026-05-16,DE,4.98466369752495
2026-05-16,FR,4.22818745951487
2026-05-16,GB,8.81110426901747
2026-05-16,IE,13.5105988508108
2026-05-16,IT,4.60425860998947
2026-05-16,NL,3.12050398021337
2026-05-16,US,5.71051508175975
2026-05-17,AU,6.85926737131945
2026-05-17,CA,17.0106868026527
2026-05-17,DE,4.9723251082167
2026-05-17,FR,4.22042005784074
2026-05-17,GB,8.82992887190431
2026-05-17,IE,13.5209756576719
2026-05-17,IT,4.58439992883689
2026-05-17,NL,3.10690161078515
2026-05-17,US,5.71720709573897
2026-05-18,AU,6.84489916349485
2026-05-18,CA,16.9957089457217
2026-05-18,DE,4.96009685299864
2026-05-18,FR,4.20654102333201
2026-05-18,GB,8.83893016642618
2026-05-18,IE,13.5278992157424
2026-05-18,IT,4.56277831913274
2026-05-18,NL,3.09381157090727
2026-05-18,US,5.71339275633807
2026-05-19,AU,6.83588983848809
2026-05-19,CA,16.9832474798043
2026-05-19,DE,4.95970813439443
2026-05-19,FR,4.18670061437586
2026-05-19,GB,8.85266683652047
2026-05-19,IE,13.5178781145358
2026-05-19,IT,4.53293988307758
2026-05-19,NL,3.07825495223347
2026-05-19,US,5.71206153199671
2026-05-20,AU,6.8506412670169
2026-05-20,CA,16.9818918179678
2026-05-20,DE,4.96637315665103
2026-05-20,FR,4.16869481065459
2026-05-20,GB,8.87400293059505
2026-05-20,IE,13.5123192745245
2026-05-20,IT,4.51334946589255
2026-05-20,NL,3.07069295594842
2026-05-20,US,5.70961290421737
2026-05-21,AU,6.85851179124894
2026-05-21,CA,17.0008224941397
2026-05-21,DE,4.96222603563355
2026-05-21,FR,4.15104212697332
2026-05-21,GB,8.89898247646783
2026-05-21,IE,13.5516905533234
2026-05-21,IT,4.49318041834125
2026-05-21,NL,3.0728345899416
2026-05-21,US,5.70494364453557
2026-05-22,AU,6.92292162371371
2026-05-22,CA,17.0235710854235
2026-05-22,DE,4.9731477006629
2026-05-22,FR,4.13925810856569
2026-05-22,GB,8.93469665939896
2026-05-22,IE,13.6061911288685
2026-05-22,IT,4.50326503705543
2026-05-22,NL,3.07955935879531
2026-05-22,US,5.70362630475708
2026-05-23,AU,6.99270847820232
2026-05-23,CA,17.0365980178403
2026-05-23,DE,4.98560646564476
2026-05-23,FR,4.12454198110433
2026-05-23,GB,8.96594805159488
2026-05-23,IE,13.646898269823
2026-05-23,IT,4.50723853749347
2026-05-23,NL,3.08225317131943
2026-05-23,US,5.71028128514156
2026-05-24,AU,7.05877856687671
2026-05-24,CA,17.0500781407438
2026-05-24,DE,4.99582599414075
2026-05-24,FR,4.11126850329815
2026-05-24,GB,9.00038973154713
2026-05-24,IE,13.6989312114073
2026-05-24,IT,4.50550530003778
2026-05-24,NL,3.08725630014005
2026-05-24,US,5.7127732501082
2026-05-25,AU,7.09353340352656
2026-05-25,CA,17.0691512486075
2026-05-25,DE,5.00548370243656
2026-05-25,FR,4.10439773608823
2026-05-25,GB,9.02368578757961
2026-05-25,IE,13.752252182886
2026-05-25,IT,4.49588390452618
2026-05-25,NL,3.08825215292276
2026-05-25,US,5.71987136343609
2026-05-26,AU,7.12145058310294
2026-05-26,CA,17.0942576945576
2026-05-26,DE,5.00445509824589
2026-05-26,FR,4.1110917013034
2026-05-26,GB,9.06837218497317
2026-05-26,IE,13.8220606777152
2026-05-26,IT,4.49541105153315
2026-05-26,NL,3.09267065697536
2026-05-26,US,5.72323427610329
2026-05-27,AU,7.14412136250384
2026-05-27,CA,17.0953837194893
2026-05-27,DE,4.99646629013526
2026-05-27,FR,4.11436312486246
2026-05-27,GB,9.10711865487463
2026-05-27,IE,13.8812087848666
2026-05-27,IT,4.48695851041962
2026-05-27,NL,3.09116829661246
2026-05-27,US,5.72487238855636
2026-05-28,AU,7.18100316123846
2026-05-28,CA,17.0931941409563
2026-05-28,DE,4.99625602127144
2026-05-28,FR,4.11557618357928
2026-05-28,GB,9.13539579803201
2026-05-28,IE,13.9062902470739
2026-05-28,IT,4.48180795782194
2026-05-28,NL,3.08814617184332
2026-05-28,US,5.72937830588897
2026-05-29,AU,7.18614946213624
2026-05-29,CA,17.0826585438735
2026-05-29,DE,4.99745639936241
2026-05-29,FR,4.11670135934647
2026-05-29,GB,9.1688061891646
2026-05-29,IE,13.9260237436518
2026-05-29,IT,4.47308065864424
2026-05-29,NL,3.08311255767333
2026-05-29,US,5.73413448110585
2026-05-30,AU,7.20316968332467
2026-05-30,CA,17.0945573940549
2026-05-30,DE,5.00618622781099
2026-05-30,FR,4.117578755194
2026-05-30,GB,9.20839381181191
2026-05-30,IE,13.9286203907738
2026-05-30,IT,4.46965760546769
2026-05-30,NL,3.08620933860133
2026-05-30,US,5.74250391456578
2026-05-31,AU,7.23188540856999
2026-05-31,CA,17.0957022817769
2026-05-31,DE,5.01656855182022
2026-05-31,FR,4.11441749212273
2026-05-31,GB,9.23672740051282
2026-05-31,IE,13.9127882202107
2026-05-31,IT,4.46056696101011
2026-05-31,NL,3.08730678458984
2026-05-31,US,5.75002712176924
2026-06-01,AU,7.25569988741427
2026-06-01,CA,17.1058877124817
2026-06-01,DE,5.01961364182075
2026-06-01,FR,4.11558096195905
2026-06-01,GB,9.26540146058892
2026-06-01,IE,13.8907606433554
2026-06-01,IT,4.45828950527183
2026-06-01,NL,3.09122993970689
2026-06-01,US,5.75790889511479
2026-06-02,AU,7.27622172672961
2026-06-02,CA,17.125518052819
2026-06-02,DE,5.00557134856989
2026-06-02,FR,4.10010325746268
2026-06-02,GB,9.25795607978646
2026-06-02,IE,13.8628414559241
2026-06-02,IT,4.44278794992063
2026-06-02,NL,3.09093069320015
2026-06-02,US,5.75746748823482
2026-06-03,AU,7.27500386337611
2026-06-03,CA,17.1721151353336
2026-06-03,DE,4.99617422614388
2026-06-03,FR,4.09792126964455
2026-06-03,GB,9.24814247658159
2026-06-03,IE,13.8590168209036
2026-06-03,IT,4.43933326984039
2026-06-03,NL,3.09161706480799
2026-06-03,US,5.76398699643106
2026-06-04,AU,7.27150755341935
2026-06-04,CA,17.1991190015736
2026-06-04,DE,4.98634018498212
2026-06-04,FR,4.09820000147456
2026-06-04,GB,9.23541018412575
2026-06-04,IE,13.8217671662701
2026-06-04,IT,4.4287454453362
2026-06-04,NL,3.09155618319213
2026-06-04,US,5.77473139522297
2026-06-05,AU,7.28145660412365
2026-06-05,CA,17.2273511954245
2026-06-05,DE,4.96453546796938
2026-06-05,FR,4.09335288616335
2026-06-05,GB,9.22056296793262
2026-06-05,IE,13.783581796751
2026-06-05,IT,4.41020389331285
2026-06-05,NL,3.09270816204162
2026-06-05,US,5.7856588169283
2026-06-06,AU,7.28302144468574
2026-06-06,CA,17.2502592318046
2026-06-06,DE,4.94567611468119
2026-06-06,FR,4.09224223086649
2026-06-06,GB,9.19590501752902
2026-06-06,IE,13.7738454341352
2026-06-06,IT,4.38899304189344
2026-06-06,NL,3.09037305121903
2026-06-06,US,5.78786081099706
2026-06-07,AU,7.26845847326157
2026-06-07,CA,17.2861902561542
2026-06-07,DE,4.92352449374359
2026-06-07,FR,4.09185992257077
2026-06-07,GB,9.17073368754264
2026-06-07,IE,13.7639105405049
2026-06-07,IT,4.36868086281955
2026-06-07,NL,3.0882346460814
2026-06-07,US,5.79056661138244
2026-06-08,AU,7.27938235402036
2026-06-08,CA,17.3094622288105
2026-06-08,DE,4.90535685712527
2026-06-08,FR,4.08063733389187
2026-06-08,GB,9.15351566342664
2026-06-08,IE,13.7565448245541
2026-06-08,IT,4.35021317360297
2026-06-08,NL,3.08473370939535
2026-06-08,US,5.7964643665397
2026-06-09,AU,7.2816868795238
2026-06-09,CA,17.3227752827091
2026-06-09,DE,4.91958410265858
2026-06-09,FR,4.07997893868681
2026-06-09,GB,9.14383578867135
2026-06-09,IE,13.7315582268123
2026-06-09,IT,4.35281476856655
2026-06-09,NL,3.09245564210049
2026-06-09,US,5.81234989836943
2026-06-10,AU,7.27954800109448
2026-06-10,CA,17.3253280650798
2026-06-10,DE,4.9359207168699
2026-06-10,FR,4.06622002537124
2026-06-10,GB,9.11643727711682
2026-06-10,IE,13.6986569564133
2026-06-10,IT,4.33988676151606
2026-06-10,NL,3.09396701915013
2026-06-10,US,5.81228065357026
2026-06-11,AU,7.26576846113534
2026-06-11,CA,17.3129428695884
2026-06-11,DE,4.9288147818008
2026-06-11,FR,4.04664446340461
2026-06-11,GB,9.09201818185747
2026-06-11,IE,13.7118085867096
2026-06-11,IT,4.31824199000961
2026-06-11,NL,3.09351592194837
2026-06-11,US,5.81150081988873
2026-06-12,AU,7.24365624455182
2026-06-12,CA,17.3236573230316
2026-06-12,DE,4.95264664788406
2026-06-12,FR,4.03099170597812
2026-06-12,GB,9.06816073063579
2026-06-12,IE,13.7320882958533
2026-06-12,IT,4.31005972083324
2026-06-12,NL,3.0933479417626
2026-06-12,US,5.81341822735515
2026-06-13,AU,7.22873821037374
2026-06-13,CA,17.3267469453281
2026-06-13,DE,4.96813420964732
2026-06-13,FR,4.01363711221589
2026-06-13,GB,9.05210724683565
2026-06-13,IE,13.7426292752648
2026-06-13,IT,4.30687600612743
2026-06-13,NL,3.09352918919329
2026-06-13,US,5.81551228359445
2026-06-14,AU,7.2255082973921
2026-06-14,CA,17.324274091535
2026-06-14,DE,4.98544001236626
2026-06-14,FR,4.00102880638658
2026-06-14,GB,9.0382437644089
2026-06-14,IE,13.7948348865511
2026-06-14,IT,4.31072330548513
2026-06-14,NL,3.09412768256112
2026-06-14,US,5.81659548020429
2026-06-15,AU,7.20936086291259
2026-06-15,CA,17.3232269976866
2026-06-15,DE,5.00117093880103
2026-06-15,FR,3.9814906193936
2026-06-15,GB,9.02664547209728
2026-06-15,IE,13.8464302248562
2026-06-15,IT,4.31207689834336
2026-06-15,NL,3.11190696885295
2026-06-15,US,5.81446338580184
2026-06-16,AU,7.21174612771539
2026-06-16,CA,17.3309047995202
2026-06-16,DE,5.00990756692589
2026-06-16,FR,3.959086482531
2026-06-16,GB,9.0333476634653
2026-06-16,IE,13.9314185220938
2026-06-16,IT,4.29788638538473
2026-06-16,NL,3.12385961364942
2026-06-16,US,5.80575325461961
2026-06-17,AU,7.21830465983616
2026-06-17,CA,17.3403123720497
2026-06-17,DE,5.01584560559251
2026-06-17,FR,3.9430638859341
2026-06-17,GB,9.06039965766786
2026-06-17,IE,14.0161373870259
2026-06-17,IT,4.29665992872568
2026-06-17,NL,3.15184259812893
2026-06-17,US,5.81084324057369
2026-06-18,AU,7.24255697013274
2026-06-18,CA,17.3891648135555
2026-06-18,DE,5.0481976196286
2026-06-18,FR,3.93276651080537
2026-06-18,GB,9.08859237693484
2026-06-18,IE,14.0921478886112
2026-06-18,IT,4.31259106702641
2026-06-18,NL,3.17092289931763
2026-06-18,US,5.80981668669313
2026-06-19,AU,7.27167671703586
2026-06-19,CA,17.4258752996589
2026-06-19,DE,5.05744107795169
2026-06-19,FR,3.92038013470071
2026-06-19,GB,9.12380621585435
2026-06-19,IE,14.1639204477557
2026-06-19,IT,4.3275954185466
2026-06-19,NL,3.18255173892366
2026-06-19,US,5.8097557266109
2026-06-20,AU,7.29040904149938
2026-06-20,CA,17.4666845171407
2026-06-20,DE,5.06874642404672
2026-06-20,FR,3.90846589722061
2026-06-20,GB,9.16015480653108
2026-06-20,IE,14.2542097093308
2026-06-20,IT,4.33252782082428
2026-06-20,NL,3.19394521444289
2026-06-20,US,5.80924760619253
2026-06-21,AU,7.3074986523934
2026-06-21,CA,17.510911032139
2026-06-21,DE,5.08062808311457
2026-06-21,FR,3.89383594518525
2026-06-21,GB,9.19941964927048
2026-06-21,IE,14.3119502253992
2026-06-21,IT,4.34438853049997
2026-06-21,NL,3.21582418874817
2026-06-21,US,5.81087202445348
2026-06-22,AU,7.33997259485404
2026-06-22,CA,17.5656275697378
2026-06-22,DE,5.09109439515874
2026-06-22,FR,3.89078147551983
2026-06-22,GB,9.23986200391645
2026-06-22,IE,14.3729420860346
2026-06-22,IT,4.35669341236995
2026-06-22,NL,3.22914277434285
2026-06-22,US,5.81282777426164
2026-06-23,AU,7.37032821795198
2026-06-23,CA,17.6076271241766
2026-06-23,DE,5.10435049963675
2026-06-23,FR,3.88756013955446
2026-06-23,GB,9.26934599199056
2026-06-23,IE,14.414960949115
2026-06-23,IT,4.37210206052056
2026-06-23,NL,3.23723251246895
2026-06-23,US,5.82411474717615
2026-06-24,AU,7.42308387454475
2026-06-24,CA,17.6702850800406
2026-06-24,DE,5.1122182953359
2026-06-24,FR,3.88398600330191
2026-06-24,GB,9.29448627822445
2026-06-24,IE,14.4661305132973
2026-06-24,IT,4.38012400045868
2026-06-24,NL,3.24306728336283
2026-06-24,US,5.83258510037731
2026-06-25,AU,7.46105200664362
2026-06-25,CA,17.7113144227862
2026-06-25,DE,5.12082683389704
2026-06-25,FR,3.8822380202641
2026-06-25,GB,9.31362059302501
2026-06-25,IE,14.5158080539479
2026-06-25,IT,4.37955754163175
2026-06-25,NL,3.26037500750567
2026-06-25,US,5.84424979985956
2026-06-26,AU,7.48681008837327
2026-06-26,CA,17.7645619103249
2026-06-26,DE,5.13342569646785
2026-06-26,FR,3.88599579480831
2026-06-26,GB,9.33254569619678
2026-06-26,IE,14.5779555539095
2026-06-26,IT,4.38091266406981
2026-06-26,NL,3.27049705596769
2026-06-26,US,5.85345920194361
2026-06-27,AU,7.5240815984931
2026-06-27,CA,17.8327877332411
2026-06-27,DE,5.14064097943807
2026-06-27,FR,3.88766331198341
2026-06-27,GB,9.35630469397031
2026-06-27,IE,14.6271208902928
2026-06-27,IT,4.39521340333753
2026-06-27,NL,3.2958635798942
2026-06-27,US,5.86891328994286
2026-06-28,AU,7.55354825190873
2026-06-28,CA,17.8963767317668
2026-06-28,DE,5.14307847173007
2026-06-28,FR,3.88926930270528
2026-06-28,GB,9.37594923842823
2026-06-28,IE,14.6727020854125
2026-06-28,IT,4.40073140403263
2026-06-28,NL,3.30747902705119
2026-06-28,US,5.88163258374376
2026-06-29,AU,7.57646912579788
2026-06-29,CA,17.9615507353161
2026-06-29,DE,5.15185162000163
2026-06-29,FR,3.89133069471324
2026-06-29,GB,9.39565598400328
2026-06-29,IE,14.737167240257
2026-06-29,IT,4.41172292077592
2026-06-29,NL,3.31149719101697
2026-06-29,US,5.89422888130195
2026-06-30,AU,7.59052283618817
2026-06-30,CA,17.9679379409464
2026-06-30,DE,5.16633791245998
2026-06-30,FR,3.89492411296515
2026-06-30,GB,9.41717693514147
2026-06-30,IE,14.7837217152237
2026-06-30,IT,4.43231819490605
2026-06-30,NL,3.31582084319911
2026-06-30,US,5.92157555873398
2026-07-01,AU,7.59650194297453
2026-07-01,CA,18.0046322884034
2026-07-01,DE,5.17815481542486
2026-07-01,FR,3.90581864664699
2026-07-01,GB,9.44582092844837
2026-07-01,IE,14.8060099111632
2026-07-01,IT,4.44427246361135
2026-07-01,NL,3.30112551362085
2026-07-01,US,5.95264768967762
2026-07-02,AU,7.59786620336892
2026-07-02,CA,18.0393314925675
2026-07-02,DE,5.18849292542543
2026-07-02,FR,3.91020020276903
2026-07-02,GB,9.47033133734074
2026-07-02,IE,14.8069147386381
2026-07-02,IT,4.45703373498824
2026-07-02,NL,3.30727007206834
2026-07-02,US,5.98671140124801
2026-07-03,AU,7.60165655681516
2026-07-03,CA,18.0494372433135
2026-07-03,DE,5.19922071773432
2026-07-03,FR,3.90843036538615
2026-07-03,GB,9.4794158689315
2026-07-03,IE,14.7942115771576
2026-07-03,IT,4.46859181491629
2026-07-03,NL,3.32588067045547
2026-07-03,US,6.02453113254997
2026-07-04,AU,7.59796897009271
2026-07-04,CA,18.0328211848528
2026-07-04,DE,5.21372896946535
2026-07-04,FR,3.90520590184328
2026-07-04,GB,9.46696459768722
2026-07-04,IE,14.7687881393817
2026-07-04,IT,4.47155187108835
2026-07-04,NL,3.32407633138949
2026-07-04,US,6.05060148751044
2026-07-05,AU,7.59535366476884
2026-07-05,CA,18.0171724933896
2026-07-05,DE,5.23648110497326
2026-07-05,FR,3.90537343953774
2026-07-05,GB,9.45902540670565
2026-07-05,IE,14.7490357267852
2026-07-05,IT,4.47557856133223
2026-07-05,NL,3.32896093821124
2026-07-05,US,6.07822846578378
2026-07-06,AU,7.59114040151938
2026-07-06,CA,17.9956332154561
2026-07-06,DE,5.25055122987762
2026-07-06,FR,3.90777581630289
2026-07-06,GB,9.44724474243619
2026-07-06,IE,14.724693379415
2026-07-06,IT,4.47774626554846
2026-07-06,NL,3.33763507004068
2026-07-06,US,6.10609466433585
2026-07-07,AU,7.58878200844785
2026-07-07,CA,18.0400488656518
2026-07-07,DE,5.2629024259016
2026-07-07,FR,3.91365832646115
2026-07-07,GB,9.42193120371634
2026-07-07,IE,14.7212805153922
2026-07-07,IT,4.47022057851722
2026-07-07,NL,3.33875832261809
2026-07-07,US,6.11734626999622
2026-07-08,AU,7.5786444367007
2026-07-08,CA,18.0390097299066
2026-07-08,DE,5.28086081163222
2026-07-08,FR,3.91091375345514
2026-07-08,GB,9.38923934024581
2026-07-08,IE,14.6983224302216
2026-07-08,IT,4.46700331848262
2026-07-08,NL,3.35820560618136
2026-07-08,US,6.12734556134832
2026-07-09,AU,7.58223434429714
2026-07-09,CA,18.0325925061821
2026-07-09,DE,5.28345213799082
2026-07-09,FR,3.9131558781964
2026-07-09,GB,9.35709308976354
2026-07-09,IE,14.6241676717994
2026-07-09,IT,4.47360002133968
2026-07-09,NL,3.35410357049003
2026-07-09,US,6.13528747800039
2026-07-10,AU,7.60463806911361
2026-07-10,CA,18.0451461966351
2026-07-10,DE,5.28953613301562
2026-07-10,FR,3.92979617451427
2026-07-10,GB,9.33501652950491
2026-07-10,IE,14.5654999074112
2026-07-10,IT,4.47850833626421
2026-07-10,NL,3.35839309056705
2026-07-10,US,6.13950438637627
2026-07-11,AU,7.63508669219416
2026-07-11,CA,18.0696631504614
2026-07-11,DE,5.29972948296929
2026-07-11,FR,3.94582000698228
2026-07-11,GB,9.32683394573124
2026-07-11,IE,14.5181099051244
2026-07-11,IT,4.48705643355083
2026-07-11,NL,3.3606589041978
2026-07-11,US,6.15269618464308
2026-07-12,AU,7.66423418211344
2026-07-12,CA,18.090219544434
2026-07-12,DE,5.30082484440362
2026-07-12,FR,3.95819160622001
2026-07-12,GB,9.32001291321129
2026-07-12,IE,14.4748704239507
2026-07-12,IT,4.49662867619142
2026-07-12,NL,3.3680900417753
2026-07-12,US,6.16518204905365
2026-07-13,AU,7.69425458184681
2026-07-13,CA,18.1151098236414
2026-07-13,DE,5.31317411676409
2026-07-13,FR,3.96985025469289
2026-07-13,GB,9.31657927269062
2026-07-13,IE,14.4126066586306
2026-07-13,IT,4.50083176146844
2026-07-13,NL,3.34627433518518
2026-07-13,US,6.16770370075701
2026-07-14,AU,7.70376720281604
2026-07-14,CA,18.1181697101887
2026-07-14,DE,5.31374004950911
2026-07-14,FR,3.97717379371213
2026-07-14,GB,9.31956192142901
2026-07-14,IE,14.310664154176
2026-07-14,IT,4.51140416428276
2026-07-14,NL,3.36098578135045
2026-07-14,US,6.17334607920749
2026-07-15,AU,7.7038862473153
2026-07-15,CA,18.1047038528448
2026-07-15,DE,5.31811198768743
2026-07-15,FR,3.99048807668307
2026-07-15,GB,9.32362557588501
2026-07-15,IE,14.2732908531551
2026-07-15,IT,4.52662514950559
2026-07-15,NL,3.36815359825434
2026-07-15,US,6.17954923299457
2026-07-16,AU,7.70396314913628
2026-07-16,CA,18.0853528480962
2026-07-16,DE,5.3308680274841
2026-07-16,FR,4.00507455650147
2026-07-16,GB,9.33877627020905
2026-07-16,IE,14.3184706426792
2026-07-16,IT,4.53828645625017
2026-07-16,NL,3.36749052052604
2026-07-16,US,6.18767079610676
2026-07-17,AU,7.6928326524349
2026-07-17,CA,18.0560273666224
2026-07-17,DE,5.34159014750453
2026-07-17,FR,4.00606890343292
2026-07-17,GB,9.34160251492625
2026-07-17,IE,14.3471648154908
2026-07-17,IT,4.55053170338069
2026-07-17,NL,3.36895189782355
2026-07-17,US,6.19076478208336
2026-07-18,AU,7.67957307884763
2026-07-18,CA,18.0314478239058
2026-07-18,DE,5.35128899019225
2026-07-18,FR,4.01061790733072
2026-07-18,GB,9.33701565992566
2026-07-18,IE,14.3539352317924
2026-07-18,IT,4.55798526171105
2026-07-18,NL,3.38092599086589
2026-07-18,US,6.19549565722806
2026-07-19,AU,7.66237385765451
2026-07-19,CA,18.0027050404079
2026-07-19,DE,5.36680920797593
2026-07-19,FR,4.01937775874655
2026-07-19,GB,9.32828557124797
2026-07-19,IE,14.3603778861801
2026-07-19,IT,4.56426340986591
2026-07-19,NL,3.38110928512596
2026-07-19,US,6.20033143084622
2026-07-20,AU,7.63554148206205
2026-07-20,CA,17.9529510886953
2026-07-20,DE,5.37048723962794
2026-07-20,FR,4.02507150498694
2026-07-20,GB,9.31661328828764
2026-07-20,IE,14.3709206878787
2026-07-20,IT,4.58339858341764
2026-07-20,NL,3.40627444851521
2026-07-20,US,6.21229111596736
2026-07-21,AU,7.61378951755489
2026-07-21,CA,17.9110883912575
2026-07-21,DE,5.3789098246822
2026-07-21,FR,4.02961410940897
2026-07-21,GB,9.31594617877484
2026-07-21,IE,14.4282012598922
2026-07-21,IT,4.59516527984582
2026-07-21,NL,3.40361047532622
2026-07-21,US,6.21684932766907
2026-07-22,AU,7.59102851267839
2026-07-22,CA,17.8857747128809
2026-07-22,DE,5.37163370675965
2026-07-22,FR,4.03031338887008
2026-07-22,GB,9.31505078942893
2026-07-22,IE,14.4533994353632
2026-07-22,IT,4.62122247067505
2026-07-22,NL,3.39795078417478
2026-07-22,US,6.22045108853515
2026-07-23,AU,7.5653008863238
2026-07-23,CA,17.8690461651392
2026-07-23,DE,5.37732613416372
2026-07-23,FR,4.03226762182022
2026-07-23,GB,9.30992123623894
2026-07-23,IE,14.4745747508275
2026-07-23,IT,4.65402633392824
2026-07-23,NL,3.41239840068138
2026-07-23,US,6.22440001378931
2026-07-24,AU,7.53868219223433
2026-07-24,CA,17.8637754889447
2026-07-24,DE,5.37904827202771
2026-07-24,FR,4.03935068913075
2026-07-24,GB,9.32048490296617
2026-07-24,IE,14.4971398271019
2026-07-24,IT,4.68452894710381
2026-07-24,NL,3.40994544874699
2026-07-24,US,6.23435903970904
2026-07-25,AU,7.50058697841486
2026-07-25,CA,17.8661702672086
2026-07-25,DE,5.38417487773331
2026-07-25,FR,4.04637389448801
2026-07-25,GB,9.33196537212171
2026-07-25,IE,14.5386629459201
2026-07-25,IT,4.71897655760873
2026-07-25,NL,3.4022845912444
2026-07-25,US,6.24143591768433
2026-07-26,AU,7.46858644248006
2026-07-26,CA,17.867536140375
2026-07-26,DE,5.38715809152752
2026-07-26,FR,4.05322861097898
2026-07-26,GB,9.34477404546312
2026-07-26,IE,14.5824281129984
2026-07-26,IT,4.7535555856282
2026-07-26,NL,3.4071668500176
2026-07-26,US,6.24891387391001
2026-07-27,AU,7.45531427707365
2026-07-27,CA,17.8861464250549
2026-07-27,DE,5.39361251191316
2026-07-27,FR,4.06336022758994
2026-07-27,GB,9.36203094408116
2026-07-27,IE,14.6117194911386
2026-07-27,IT,4.78090424580178
2026-07-27,NL,3.41029398830942
2026-07-27,US,6.26164390882065
2026-07-28,AU,7.46409221466239
2026-07-28,CA,17.934181380232
2026-07-28,DE,5.39939735569502
2026-07-28,FR,4.07094128931975
2026-07-28,GB,9.3744242964946
2026-07-28,IE,14.6495092875653
2026-07-28,IT,4.80901477614821
2026-07-28,NL,3.40387830950226
2026-07-28,US,6.27535229987967
2026-07-29,AU,7.47122021390541
2026-07-29,CA,17.9773180601934
2026-07-29,DE,5.42028336964604
2026-07-29,FR,4.06277544314969
2026-07-29,GB,9.38555089026696
2026-07-29,IE,14.6787931391066
2026-07-29,IT,4.82927701909282
2026-07-29,NL,3.40532777999863
2026-07-29,US,6.28431347169177
2026-07-30,AU,7.46594667257855
2026-07-30,CA,18.0216174522702
2026-07-30,DE,5.42906698718976
2026-07-30,FR,4.06975408132911
2026-07-30,GB,9.39035538658337
2026-07-30,IE,14.7047924784955
2026-07-30,IT,4.84435118118093
2026-07-30,NL,3.40456573630128
2026-07-30,US,6.2840564747174
2026-07-31,AU,7.46887626173295
2026-07-31,CA,18.0411577922431
2026-07-31,DE,5.44168878245286
2026-07-31,FR,4.07270142200703
2026-07-31,GB,9.40179514703892
2026-07-31,IE,14.7331607998193
2026-07-31,IT,4.87178208364617
2026-07-31,NL,3.41350853885755
2026-07-31,US,6.28463891863093
